ICD_Code,ICD_Code_Description,DX_PR,CCC_Category,CCC_Subcategory,ICD9_ICD10,Tech_Dep,Transplant
135,Sarcoidosis,DX,hemato_immu,Sarcoidosis,9,0,0
179,"Malignant neoplasm of uterus, part unspecified",DX,malignancy,Neoplasms,9,0,0
181,Malignant neoplasm of placenta,DX,malignancy,Neoplasms,9,0,0
185,Malignant neoplasm of prostate,DX,malignancy,Neoplasms,9,0,0
193,Malignant neoplasm of thyroid gland,DX,malignancy,Neoplasms,9,0,0
243,Congenital hypothyroidism,DX,metabolic,Endocrine disorders,9,0,0
253,Complete glossectomy,PR,GI,Other GI disease,9,0,0
254,Radical glossectomy,PR,GI,Other GI disease,9,0,0
303,Complete laryngectomy,PR,respiratory,Other respiratory,9,0,0
304,Radical laryngectomy,PR,respiratory,Other respiratory,9,0,0
336,Combined heart-lung transplantation,PR,respiratory,Transplantation,9,0,1
336,Combined heart-lung transplantation,PR,transplant,,9,0,1
415,Total splenectomy,PR,hemato_immu,Other Hematologic/Immunologic,9,0,0
504,Total hepatectomy,PR,GI,Other GI disease,9,0,0
526,Total pancreatectomy,PR,GI,Other GI disease,9,0,0
527,Radical pancreaticoduodenectomy,PR,GI,Other GI disease,9,0,0
645,"Operations for sex transformation, NEC",PR,metabolic,Endocrine disorders,9,0,0
1400,"Malignant neoplasm of upper lip, vermilion border",DX,malignancy,Neoplasms,9,0,0
1401,"Malignant neoplasm of lower lip, vermilion border",DX,malignancy,Neoplasms,9,0,0
1403,"Malignant neoplasm of upper lip, inner aspect",DX,malignancy,Neoplasms,9,0,0
1404,"Malignant neoplasm of lower lip, inner aspect",DX,malignancy,Neoplasms,9,0,0
1405,"Malignant neoplasm of lip, unspecified, inner aspect",DX,malignancy,Neoplasms,9,0,0
1406,Malignant neoplasm of commissure of lip,DX,malignancy,Neoplasms,9,0,0
1408,Malignant neoplasm of other sites of lip,DX,malignancy,Neoplasms,9,0,0
1409,"Malignant neoplasm of lip, unspecified, vermilion border",DX,malignancy,Neoplasms,9,0,0
1410,Malignant neoplasm of base of tongue,DX,malignancy,Neoplasms,9,0,0
1411,Malignant neoplasm of dorsal surface of tongue,DX,malignancy,Neoplasms,9,0,0
1412,Malignant neoplasm of tip and lateral border of tongue,DX,malignancy,Neoplasms,9,0,0
1413,Malignant neoplasm of ventral surface of tongue,DX,malignancy,Neoplasms,9,0,0
1414,"Malignant neoplasm of anterior two-thirds of tongue, part unspecified",DX,malignancy,Neoplasms,9,0,0
1415,Malignant neoplasm of junctional zone of tongue,DX,malignancy,Neoplasms,9,0,0
1416,Malignant neoplasm of lingual tonsil,DX,malignancy,Neoplasms,9,0,0
1418,Malignant neoplasm of other sites of tongue,DX,malignancy,Neoplasms,9,0,0
1419,"Malignant neoplasm of tongue, unspecified",DX,malignancy,Neoplasms,9,0,0
1420,Malignant neoplasm of parotid gland,DX,malignancy,Neoplasms,9,0,0
1421,Malignant neoplasm of submandibular gland,DX,malignancy,Neoplasms,9,0,0
1422,Malignant neoplasm of sublingual gland,DX,malignancy,Neoplasms,9,0,0
1428,Malignant neoplasm of other major salivary glands,DX,malignancy,Neoplasms,9,0,0
1429,"Malignant neoplasm of salivary gland, unspecified",DX,malignancy,Neoplasms,9,0,0
1430,Malignant neoplasm of upper gum,DX,malignancy,Neoplasms,9,0,0
1431,Malignant neoplasm of lower gum,DX,malignancy,Neoplasms,9,0,0
1438,Malignant neoplasm of other sites of gum,DX,malignancy,Neoplasms,9,0,0
1439,"Malignant neoplasm of gum, unspecified",DX,malignancy,Neoplasms,9,0,0
1440,Malignant neoplasm of anterior portion of floor of mouth,DX,malignancy,Neoplasms,9,0,0
1441,Malignant neoplasm of lateral portion of floor of mouth,DX,malignancy,Neoplasms,9,0,0
1448,Malignant neoplasm of other sites of floor of mouth,DX,malignancy,Neoplasms,9,0,0
1449,"Malignant neoplasm of floor of mouth, part unspecified",DX,malignancy,Neoplasms,9,0,0
1450,Malignant neoplasm of cheek mucosa,DX,malignancy,Neoplasms,9,0,0
1451,Malignant neoplasm of vestibule of mouth,DX,malignancy,Neoplasms,9,0,0
1452,Malignant neoplasm of hard palate,DX,malignancy,Neoplasms,9,0,0
1453,Malignant neoplasm of soft palate,DX,malignancy,Neoplasms,9,0,0
1454,Malignant neoplasm of uvula,DX,malignancy,Neoplasms,9,0,0
1455,"Malignant neoplasm of palate, unspecified",DX,malignancy,Neoplasms,9,0,0
1456,Malignant neoplasm of retromolar area,DX,malignancy,Neoplasms,9,0,0
1458,Malignant neoplasm of other specified parts of mouth,DX,malignancy,Neoplasms,9,0,0
1459,"Malignant neoplasm of mouth, unspecified",DX,malignancy,Neoplasms,9,0,0
1460,Malignant neoplasm of tonsil,DX,malignancy,Neoplasms,9,0,0
1461,Malignant neoplasm of tonsillar fossa,DX,malignancy,Neoplasms,9,0,0
1462,Malignant neoplasm of tonsillar pillars (anterior) (posterior),DX,malignancy,Neoplasms,9,0,0
1463,Malignant neoplasm of vallecula epiglottica,DX,malignancy,Neoplasms,9,0,0
1464,Malignant neoplasm of anterior aspect of epiglottis,DX,malignancy,Neoplasms,9,0,0
1465,Malignant neoplasm of junctional region of oropharynx,DX,malignancy,Neoplasms,9,0,0
1466,Malignant neoplasm of lateral wall of oropharynx,DX,malignancy,Neoplasms,9,0,0
1467,Malignant neoplasm of posterior wall of oropharynx,DX,malignancy,Neoplasms,9,0,0
1468,Malignant neoplasm of other specified sites of oropharynx,DX,malignancy,Neoplasms,9,0,0
1469,"Malignant neoplasm of oropharynx, unspecified site",DX,malignancy,Neoplasms,9,0,0
1470,Malignant neoplasm of superior wall of nasopharynx,DX,malignancy,Neoplasms,9,0,0
1471,Malignant neoplasm of posterior wall of nasopharynx,DX,malignancy,Neoplasms,9,0,0
1472,Malignant neoplasm of lateral wall of nasopharynx,DX,malignancy,Neoplasms,9,0,0
1473,Malignant neoplasm of anterior wall of nasopharynx,DX,malignancy,Neoplasms,9,0,0
1478,Malignant neoplasm of other specified sites of nasopharynx,DX,malignancy,Neoplasms,9,0,0
1479,"Malignant neoplasm of nasopharynx, unspecified site",DX,malignancy,Neoplasms,9,0,0
1480,Malignant neoplasm of postcricoid region of hypopharynx,DX,malignancy,Neoplasms,9,0,0
1481,Malignant neoplasm of pyriform sinus,DX,malignancy,Neoplasms,9,0,0
1482,"Malignant neoplasm of aryepiglottic fold, hypopharyngeal aspect",DX,malignancy,Neoplasms,9,0,0
1483,Malignant neoplasm of posterior hypopharyngeal wall,DX,malignancy,Neoplasms,9,0,0
1488,Malignant neoplasm of other specified sites of hypopharynx,DX,malignancy,Neoplasms,9,0,0
1489,"Malignant neoplasm of hypopharynx, unspecified site",DX,malignancy,Neoplasms,9,0,0
1490,"Malignant neoplasm of pharynx, unspecified",DX,malignancy,Neoplasms,9,0,0
1491,Malignant neoplasm of waldeyer's ring,DX,malignancy,Neoplasms,9,0,0
1498,Malignant neoplasm of other sites within the lip and oral cavity,DX,malignancy,Neoplasms,9,0,0
1499,Malignant neoplasm of ill-defined sites within the lip and oral cavity,DX,malignancy,Neoplasms,9,0,0
1500,Malignant neoplasm of cervical esophagus,DX,malignancy,Neoplasms,9,0,0
1501,Malignant neoplasm of thoracic esophagus,DX,malignancy,Neoplasms,9,0,0
1502,Malignant neoplasm of abdominal esophagus,DX,malignancy,Neoplasms,9,0,0
1503,Malignant neoplasm of upper third of esophagus,DX,malignancy,Neoplasms,9,0,0
1504,Malignant neoplasm of middle third of esophagus,DX,malignancy,Neoplasms,9,0,0
1505,Malignant neoplasm of lower third of esophagus,DX,malignancy,Neoplasms,9,0,0
1508,Malignant neoplasm of other specified part of esophagus,DX,malignancy,Neoplasms,9,0,0
1509,"Malignant neoplasm of esophagus, unspecified site",DX,malignancy,Neoplasms,9,0,0
1510,Malignant neoplasm of cardia,DX,malignancy,Neoplasms,9,0,0
1511,Malignant neoplasm of pylorus,DX,malignancy,Neoplasms,9,0,0
1512,Malignant neoplasm of pyloric antrum,DX,malignancy,Neoplasms,9,0,0
1513,Malignant neoplasm of fundus of stomach,DX,malignancy,Neoplasms,9,0,0
1514,Malignant neoplasm of body of stomach,DX,malignancy,Neoplasms,9,0,0
1515,"Malignant neoplasm of lesser curvature of stomach, unspecified",DX,malignancy,Neoplasms,9,0,0
1516,"Malignant neoplasm of greater curvature of stomach, unspecified",DX,malignancy,Neoplasms,9,0,0
1518,Malignant neoplasm of other specified sites of stomach,DX,malignancy,Neoplasms,9,0,0
1519,"Malignant neoplasm of stomach, unspecified site",DX,malignancy,Neoplasms,9,0,0
1520,Malignant neoplasm of duodenum,DX,malignancy,Neoplasms,9,0,0
1521,Malignant neoplasm of jejunum,DX,malignancy,Neoplasms,9,0,0
1522,Malignant neoplasm of ileum,DX,malignancy,Neoplasms,9,0,0
1523,Malignant neoplasm of Meckel's diverticulum,DX,malignancy,Neoplasms,9,0,0
1528,Malignant neoplasm of other specified sites of small intestine,DX,malignancy,Neoplasms,9,0,0
1529,"Malignant neoplasm of small intestine, unspecified site",DX,malignancy,Neoplasms,9,0,0
1530,Malignant neoplasm of hepatic flexure,DX,malignancy,Neoplasms,9,0,0
1531,Malignant neoplasm of transverse colon,DX,malignancy,Neoplasms,9,0,0
1532,Malignant neoplasm of descending colon,DX,malignancy,Neoplasms,9,0,0
1533,Malignant neoplasm of sigmoid colon,DX,malignancy,Neoplasms,9,0,0
1534,Malignant neoplasm of cecum,DX,malignancy,Neoplasms,9,0,0
1535,Malignant neoplasm of appendix vermiformis,DX,malignancy,Neoplasms,9,0,0
1536,Malignant neoplasm of ascending colon,DX,malignancy,Neoplasms,9,0,0
1537,Malignant neoplasm of splenic flexure,DX,malignancy,Neoplasms,9,0,0
1538,Malignant neoplasm of other specified sites of large intestine,DX,malignancy,Neoplasms,9,0,0
1539,"Malignant neoplasm of colon, unspecified site",DX,malignancy,Neoplasms,9,0,0
1540,Malignant neoplasm of rectosigmoid junction,DX,malignancy,Neoplasms,9,0,0
1541,Malignant neoplasm of rectum,DX,malignancy,Neoplasms,9,0,0
1542,Malignant neoplasm of anal canal,DX,malignancy,Neoplasms,9,0,0
1543,"Malignant neoplasm of anus, unspecified site",DX,malignancy,Neoplasms,9,0,0
1548,"Malignant neoplasm of other sites of rectum, rectosigmoid junction, and anus",DX,malignancy,Neoplasms,9,0,0
1550,"Malignant neoplasm of liver, primary",DX,malignancy,Neoplasms,9,0,0
1551,Malignant neoplasm of intrahepatic bile ducts,DX,malignancy,Neoplasms,9,0,0
1552,"Malignant neoplasm of liver, not specified as primary or secondary",DX,malignancy,Neoplasms,9,0,0
1560,Malignant neoplasm of gallbladder,DX,malignancy,Neoplasms,9,0,0
1561,Malignant neoplasm of extrahepatic bile ducts,DX,malignancy,Neoplasms,9,0,0
1562,Malignant neoplasm of ampulla of vater,DX,malignancy,Neoplasms,9,0,0
1568,Malignant neoplasm of other specified sites of gallbladder and extrahepatic bile ducts,DX,malignancy,Neoplasms,9,0,0
1569,"Malignant neoplasm of biliary tract, part unspecified site",DX,malignancy,Neoplasms,9,0,0
1570,Malignant neoplasm of head of pancreas,DX,malignancy,Neoplasms,9,0,0
1571,Malignant neoplasm of body of pancreas,DX,malignancy,Neoplasms,9,0,0
1572,Malignant neoplasm of tail of pancreas,DX,malignancy,Neoplasms,9,0,0
1573,Malignant neoplasm of pancreatic duct,DX,malignancy,Neoplasms,9,0,0
1574,Malignant neoplasm of islets of Langerhans,DX,malignancy,Neoplasms,9,0,0
1578,Malignant neoplasm of other specified sites of pancreas,DX,malignancy,Neoplasms,9,0,0
1579,"Malignant neoplasm of pancreas, part unspecified",DX,malignancy,Neoplasms,9,0,0
1580,Malignant neoplasm of retroperitoneum,DX,malignancy,Neoplasms,9,0,0
1588,Malignant neoplasm of specified parts of peritoneum,DX,malignancy,Neoplasms,9,0,0
1589,"Malignant neoplasm of peritoneum, unspecified",DX,malignancy,Neoplasms,9,0,0
1590,"Malignant neoplasm of intestinal tract, part unspecified",DX,malignancy,Neoplasms,9,0,0
1591,"Malignant neoplasm of spleen, not elsewhere classified",DX,malignancy,Neoplasms,9,0,0
1598,Malignant neoplasm of other sites of digestive system and intra-abdominal organs,DX,malignancy,Neoplasms,9,0,0
1599,Malignant neoplasm of ill-defined sites within the digestive organs and peritoneum,DX,malignancy,Neoplasms,9,0,0
1600,Malignant neoplasm of nasal cavities,DX,malignancy,Neoplasms,9,0,0
1601,"Malignant neoplasm of auditory tube, middle ear, and mastoid air cells",DX,malignancy,Neoplasms,9,0,0
1602,Malignant neoplasm of maxillary sinus,DX,malignancy,Neoplasms,9,0,0
1603,Malignant neoplasm of ethmoidal sinus,DX,malignancy,Neoplasms,9,0,0
1604,Malignant neoplasm of frontal sinus,DX,malignancy,Neoplasms,9,0,0
1605,Malignant neoplasm of sphenoidal sinus,DX,malignancy,Neoplasms,9,0,0
1608,Malignant neoplasm of other accessory sinuses,DX,malignancy,Neoplasms,9,0,0
1609,"Malignant neoplasm of accessory sinus, unspecified",DX,malignancy,Neoplasms,9,0,0
1610,Malignant neoplasm of glottis,DX,malignancy,Neoplasms,9,0,0
1611,Malignant neoplasm of supraglottis,DX,malignancy,Neoplasms,9,0,0
1612,Malignant neoplasm of subglottis,DX,malignancy,Neoplasms,9,0,0
1613,Malignant neoplasm of laryngeal cartilages,DX,malignancy,Neoplasms,9,0,0
1618,Malignant neoplasm of other specified sites of larynx,DX,malignancy,Neoplasms,9,0,0
1619,"Malignant neoplasm of larynx, unspecified",DX,malignancy,Neoplasms,9,0,0
1620,Malignant neoplasm of trachea,DX,malignancy,Neoplasms,9,0,0
1622,Malignant neoplasm of main bronchus,DX,malignancy,Neoplasms,9,0,0
1623,"Malignant neoplasm of upper lobe, bronchus or lung",DX,malignancy,Neoplasms,9,0,0
1624,"Malignant neoplasm of middle lobe, bronchus or lung",DX,malignancy,Neoplasms,9,0,0
1625,"Malignant neoplasm of lower lobe, bronchus or lung",DX,malignancy,Neoplasms,9,0,0
1628,Malignant neoplasm of other parts of bronchus or lung,DX,malignancy,Neoplasms,9,0,0
1629,"Malignant neoplasm of bronchus and lung, unspecified",DX,malignancy,Neoplasms,9,0,0
1630,Malignant neoplasm of parietal pleura,DX,malignancy,Neoplasms,9,0,0
1631,Malignant neoplasm of visceral pleura,DX,malignancy,Neoplasms,9,0,0
1638,Malignant neoplasm of other specified sites of pleura,DX,malignancy,Neoplasms,9,0,0
1639,"Malignant neoplasm of pleura, unspecified",DX,malignancy,Neoplasms,9,0,0
1640,Malignant neoplasm of thymus,DX,malignancy,Neoplasms,9,0,0
1641,Malignant neoplasm of heart,DX,malignancy,Neoplasms,9,0,0
1642,Malignant neoplasm of anterior mediastinum,DX,malignancy,Neoplasms,9,0,0
1643,Malignant neoplasm of posterior mediastinum,DX,malignancy,Neoplasms,9,0,0
1648,Malignant neoplasm of other parts of mediastinum,DX,malignancy,Neoplasms,9,0,0
1649,"Malignant neoplasm of mediastinum, part unspecified",DX,malignancy,Neoplasms,9,0,0
1650,"Malignant neoplasm of upper respiratory tract, part unspecified",DX,malignancy,Neoplasms,9,0,0
1658,Malignant neoplasm of other sites within the respiratory system and intrathoracic organs,DX,malignancy,Neoplasms,9,0,0
1659,Malignant neoplasm of ill-defined sites within the respiratory system,DX,malignancy,Neoplasms,9,0,0
1700,"Malignant neoplasm of bones of skull and face, except mandible",DX,malignancy,Neoplasms,9,0,0
1701,Malignant neoplasm of mandible,DX,malignancy,Neoplasms,9,0,0
1702,"Malignant neoplasm of vertebral column, excluding sacrum and coccyx",DX,malignancy,Neoplasms,9,0,0
1703,"Malignant neoplasm of ribs, sternum, and clavicle",DX,malignancy,Neoplasms,9,0,0
1704,Malignant neoplasm of scapula and long bones of upper limb,DX,malignancy,Neoplasms,9,0,0
1705,Malignant neoplasm of short bones of upper limb,DX,malignancy,Neoplasms,9,0,0
1706,"Malignant neoplasm of pelvic bones, sacrum, and coccyx",DX,malignancy,Neoplasms,9,0,0
1707,Malignant neoplasm of long bones of lower limb,DX,malignancy,Neoplasms,9,0,0
1708,Malignant neoplasm of short bones of lower limb,DX,malignancy,Neoplasms,9,0,0
1709,"Malignant neoplasm of bone and articular cartilage, site unspecified",DX,malignancy,Neoplasms,9,0,0
1710,"Malignant neoplasm of connective and other soft tissue of head, face, and neck",DX,malignancy,Neoplasms,9,0,0
1712,"Malignant neoplasm of connective and other soft tissue of upper limb, including shoulder",DX,malignancy,Neoplasms,9,0,0
1713,"Malignant neoplasm of connective and other soft tissue of lower limb, including hip",DX,malignancy,Neoplasms,9,0,0
1714,Malignant neoplasm of connective and other soft tissue of thorax,DX,malignancy,Neoplasms,9,0,0
1715,Malignant neoplasm of connective and other soft tissue of abdomen,DX,malignancy,Neoplasms,9,0,0
1716,Malignant neoplasm of connective and other soft tissue of pelvis,DX,malignancy,Neoplasms,9,0,0
1717,"Malignant neoplasm of connective and other soft tissue of trunk, unspecified",DX,malignancy,Neoplasms,9,0,0
1718,Malignant neoplasm of other specified sites of connective and other soft tissue,DX,malignancy,Neoplasms,9,0,0
1719,"Malignant neoplasm of connective and other soft tissue, site unspecified",DX,malignancy,Neoplasms,9,0,0
1720,Malignant melanoma of skin of lip,DX,malignancy,Neoplasms,9,0,0
1721,"Malignant melanoma of skin of eyelid, including canthus",DX,malignancy,Neoplasms,9,0,0
1722,Malignant melanoma of skin of ear and external auditory canal,DX,malignancy,Neoplasms,9,0,0
1723,Malignant melanoma of skin of other and unspecified parts of face,DX,malignancy,Neoplasms,9,0,0
1724,Malignant melanoma of skin of scalp and neck,DX,malignancy,Neoplasms,9,0,0
1725,"Malignant melanoma of skin of trunk, except scrotum",DX,malignancy,Neoplasms,9,0,0
1726,"Malignant melanoma of skin of upper limb, including shoulder",DX,malignancy,Neoplasms,9,0,0
1727,"Malignant melanoma of skin of lower limb, including hip",DX,malignancy,Neoplasms,9,0,0
1728,Malignant melanoma of other specified sites of skin,DX,malignancy,Neoplasms,9,0,0
1729,"Melanoma of skin, site unspecified",DX,malignancy,Neoplasms,9,0,0
1740,Malignant neoplasm of nipple and areola of female breast,DX,malignancy,Neoplasms,9,0,0
1741,Malignant neoplasm of central portion of female breast,DX,malignancy,Neoplasms,9,0,0
1742,Malignant neoplasm of upper-inner quadrant of female breast,DX,malignancy,Neoplasms,9,0,0
1743,Malignant neoplasm of lower-inner quadrant of female breast,DX,malignancy,Neoplasms,9,0,0
1744,Malignant neoplasm of upper-outer quadrant of female breast,DX,malignancy,Neoplasms,9,0,0
1745,Malignant neoplasm of lower-outer quadrant of female breast,DX,malignancy,Neoplasms,9,0,0
1746,Malignant neoplasm of axillary tail of female breast,DX,malignancy,Neoplasms,9,0,0
1748,Malignant neoplasm of other specified sites of female breast,DX,malignancy,Neoplasms,9,0,0
1749,"Malignant neoplasm of breast (female), unspecified",DX,malignancy,Neoplasms,9,0,0
1750,Malignant neoplasm of nipple and areola of male breast,DX,malignancy,Neoplasms,9,0,0
1759,Malignant neoplasm of other and unspecified sites of male breast,DX,malignancy,Neoplasms,9,0,0
1760,"Kaposi's sarcoma, skin",DX,malignancy,Neoplasms,9,0,0
1761,"Kaposi's sarcoma, soft tissue",DX,malignancy,Neoplasms,9,0,0
1762,"Kaposi's sarcoma, palate",DX,malignancy,Neoplasms,9,0,0
1763,"Kaposi's sarcoma, gastrointestinal sites",DX,malignancy,Neoplasms,9,0,0
1764,"Kaposi's sarcoma, lung",DX,malignancy,Neoplasms,9,0,0
1765,"Kaposi's sarcoma, lymph nodes",DX,malignancy,Neoplasms,9,0,0
1768,"Kaposi's sarcoma, other specified sites",DX,malignancy,Neoplasms,9,0,0
1769,"Kaposi's sarcoma, unspecified site",DX,malignancy,Neoplasms,9,0,0
1800,Malignant neoplasm of endocervix,DX,malignancy,Neoplasms,9,0,0
1801,Malignant neoplasm of exocervix,DX,malignancy,Neoplasms,9,0,0
1808,Malignant neoplasm of other specified sites of cervix,DX,malignancy,Neoplasms,9,0,0
1809,"Malignant neoplasm of cervix uteri, unspecified site",DX,malignancy,Neoplasms,9,0,0
1820,"Malignant neoplasm of corpus uteri, except isthmus",DX,malignancy,Neoplasms,9,0,0
1821,Malignant neoplasm of isthmus,DX,malignancy,Neoplasms,9,0,0
1828,Malignant neoplasm of other specified sites of body of uterus,DX,malignancy,Neoplasms,9,0,0
1830,Malignant neoplasm of ovary,DX,malignancy,Neoplasms,9,0,0
1832,Malignant neoplasm of fallopian tube,DX,malignancy,Neoplasms,9,0,0
1833,Malignant neoplasm of broad ligament of uterus,DX,malignancy,Neoplasms,9,0,0
1834,Malignant neoplasm of parametrium,DX,malignancy,Neoplasms,9,0,0
1835,Malignant neoplasm of round ligament of uterus,DX,malignancy,Neoplasms,9,0,0
1838,Malignant neoplasm of other specified sites of uterine adnexa,DX,malignancy,Neoplasms,9,0,0
1839,"Malignant neoplasm of uterine adnexa, unspecified site",DX,malignancy,Neoplasms,9,0,0
1840,Malignant neoplasm of vagina,DX,malignancy,Neoplasms,9,0,0
1841,Malignant neoplasm of labia majora,DX,malignancy,Neoplasms,9,0,0
1842,Malignant neoplasm of labia minora,DX,malignancy,Neoplasms,9,0,0
1843,Malignant neoplasm of clitoris,DX,malignancy,Neoplasms,9,0,0
1844,"Malignant neoplasm of vulva, unspecified site",DX,malignancy,Neoplasms,9,0,0
1848,Malignant neoplasm of other specified sites of female genital organs,DX,malignancy,Neoplasms,9,0,0
1849,"Malignant neoplasm of female genital organ, site unspecified",DX,malignancy,Neoplasms,9,0,0
1860,Malignant neoplasm of undescended testis,DX,malignancy,Neoplasms,9,0,0
1869,Malignant neoplasm of other and unspecified testis,DX,malignancy,Neoplasms,9,0,0
1871,Malignant neoplasm of prepuce,DX,malignancy,Neoplasms,9,0,0
1872,Malignant neoplasm of glans penis,DX,malignancy,Neoplasms,9,0,0
1873,Malignant neoplasm of body of penis,DX,malignancy,Neoplasms,9,0,0
1874,"Malignant neoplasm of penis, part unspecified",DX,malignancy,Neoplasms,9,0,0
1875,Malignant neoplasm of epididymis,DX,malignancy,Neoplasms,9,0,0
1876,Malignant neoplasm of spermatic cord,DX,malignancy,Neoplasms,9,0,0
1877,Malignant neoplasm of scrotum,DX,malignancy,Neoplasms,9,0,0
1878,Malignant neoplasm of other specified sites of male genital organs,DX,malignancy,Neoplasms,9,0,0
1879,"Malignant neoplasm of male genital organ, site unspecified",DX,malignancy,Neoplasms,9,0,0
1880,Malignant neoplasm of trigone of urinary bladder,DX,malignancy,Neoplasms,9,0,0
1881,Malignant neoplasm of dome of urinary bladder,DX,malignancy,Neoplasms,9,0,0
1882,Malignant neoplasm of lateral wall of urinary bladder,DX,malignancy,Neoplasms,9,0,0
1883,Malignant neoplasm of anterior wall of urinary bladder,DX,malignancy,Neoplasms,9,0,0
1884,Malignant neoplasm of posterior wall of urinary bladder,DX,malignancy,Neoplasms,9,0,0
1885,Malignant neoplasm of bladder neck,DX,malignancy,Neoplasms,9,0,0
1886,Malignant neoplasm of ureteric orifice,DX,malignancy,Neoplasms,9,0,0
1887,Malignant neoplasm of urachus,DX,malignancy,Neoplasms,9,0,0
1888,Malignant neoplasm of other specified sites of bladder,DX,malignancy,Neoplasms,9,0,0
1889,"Malignant neoplasm of bladder, part unspecified",DX,malignancy,Neoplasms,9,0,0
1890,"Malignant neoplasm of kidney, except pelvis",DX,malignancy,Neoplasms,9,0,0
1891,Malignant neoplasm of renal pelvis,DX,malignancy,Neoplasms,9,0,0
1892,Malignant neoplasm of ureter,DX,malignancy,Neoplasms,9,0,0
1893,Malignant neoplasm of urethra,DX,malignancy,Neoplasms,9,0,0
1894,Malignant neoplasm of paraurethral glands,DX,malignancy,Neoplasms,9,0,0
1898,Malignant neoplasm of other specified sites of urinary organs,DX,malignancy,Neoplasms,9,0,0
1899,"Malignant neoplasm of urinary organ, site unspecified",DX,malignancy,Neoplasms,9,0,0
1900,"Malignant neoplasm of eyeball, except conjunctiva, cornea, retina, and choroid",DX,malignancy,Neoplasms,9,0,0
1901,Malignant neoplasm of orbit,DX,malignancy,Neoplasms,9,0,0
1902,Malignant neoplasm of lacrimal gland,DX,malignancy,Neoplasms,9,0,0
1903,Malignant neoplasm of conjunctiva,DX,malignancy,Neoplasms,9,0,0
1904,Malignant neoplasm of cornea,DX,malignancy,Neoplasms,9,0,0
1905,Malignant neoplasm of retina,DX,malignancy,Neoplasms,9,0,0
1906,Malignant neoplasm of choroid,DX,malignancy,Neoplasms,9,0,0
1907,Malignant neoplasm of lacrimal duct,DX,malignancy,Neoplasms,9,0,0
1908,Malignant neoplasm of other specified sites of eye,DX,malignancy,Neoplasms,9,0,0
1909,"Malignant neoplasm of eye, part unspecified",DX,malignancy,Neoplasms,9,0,0
1910,"Malignant neoplasm of cerebrum, except lobes and ventricles",DX,malignancy,Neoplasms,9,0,0
1911,Malignant neoplasm of frontal lobe,DX,malignancy,Neoplasms,9,0,0
1912,Malignant neoplasm of temporal lobe,DX,malignancy,Neoplasms,9,0,0
1913,Malignant neoplasm of parietal lobe,DX,malignancy,Neoplasms,9,0,0
1914,Malignant neoplasm of occipital lobe,DX,malignancy,Neoplasms,9,0,0
1915,Malignant neoplasm of ventricles,DX,malignancy,Neoplasms,9,0,0
1916,Malignant neoplasm of cerebellum nos,DX,malignancy,Neoplasms,9,0,0
1917,Malignant neoplasm of brain stem,DX,malignancy,Neoplasms,9,0,0
1918,Malignant neoplasm of other parts of brain,DX,malignancy,Neoplasms,9,0,0
1919,"Malignant neoplasm of brain, unspecified",DX,malignancy,Neoplasms,9,0,0
1920,Malignant neoplasm of cranial nerves,DX,malignancy,Neoplasms,9,0,0
1921,Malignant neoplasm of cerebral meninges,DX,malignancy,Neoplasms,9,0,0
1922,Malignant neoplasm of spinal cord,DX,malignancy,Neoplasms,9,0,0
1923,Malignant neoplasm of spinal meninges,DX,malignancy,Neoplasms,9,0,0
1928,Malignant neoplasm of other specified sites of nervous system,DX,malignancy,Neoplasms,9,0,0
1929,"Malignant neoplasm of nervous system, part unspecified",DX,malignancy,Neoplasms,9,0,0
1940,Malignant neoplasm of adrenal gland,DX,malignancy,Neoplasms,9,0,0
1941,Malignant neoplasm of parathyroid gland,DX,malignancy,Neoplasms,9,0,0
1943,Malignant neoplasm of pituitary gland and craniopharyngeal duct,DX,malignancy,Neoplasms,9,0,0
1944,Malignant neoplasm of pineal gland,DX,malignancy,Neoplasms,9,0,0
1945,Malignant neoplasm of carotid body,DX,malignancy,Neoplasms,9,0,0
1946,Malignant neoplasm of aortic body and other paraganglia,DX,malignancy,Neoplasms,9,0,0
1948,Malignant neoplasm of other endocrine glands and related structures,DX,malignancy,Neoplasms,9,0,0
1949,"Malignant neoplasm of endocrine gland, site unspecified",DX,malignancy,Neoplasms,9,0,0
1950,"Malignant neoplasm of head, face, and neck",DX,malignancy,Neoplasms,9,0,0
1951,Malignant neoplasm of thorax,DX,malignancy,Neoplasms,9,0,0
1952,Malignant neoplasm of abdomen,DX,malignancy,Neoplasms,9,0,0
1953,Malignant neoplasm of pelvis,DX,malignancy,Neoplasms,9,0,0
1954,Malignant neoplasm of upper limb,DX,malignancy,Neoplasms,9,0,0
1955,Malignant neoplasm of lower limb,DX,malignancy,Neoplasms,9,0,0
1958,Malignant neoplasm of other specified sites,DX,malignancy,Neoplasms,9,0,0
1960,"Secondary and unspecified malignant neoplasm of lymph nodes of head, face, and neck",DX,malignancy,Neoplasms,9,0,0
1961,Secondary and unspecified malignant neoplasm of intrathoracic lymph nodes,DX,malignancy,Neoplasms,9,0,0
1962,Secondary and unspecified malignant neoplasm of intra-abdominal lymph nodes,DX,malignancy,Neoplasms,9,0,0
1963,Secondary and unspecified malignant neoplasm of lymph nodes of axilla and upper limb,DX,malignancy,Neoplasms,9,0,0
1965,Secondary and unspecified malignant neoplasm of lymph nodes of inguinal region and lower limb,DX,malignancy,Neoplasms,9,0,0
1966,Secondary and unspecified malignant neoplasm of intrapelvic lymph nodes,DX,malignancy,Neoplasms,9,0,0
1968,Secondary and unspecified malignant neoplasm of lymph nodes of multiple sites,DX,malignancy,Neoplasms,9,0,0
1969,"Secondary and unspecified malignant neoplasm of lymph nodes, site unspecified",DX,malignancy,Neoplasms,9,0,0
1970,Secondary malignant neoplasm of lung,DX,malignancy,Neoplasms,9,0,0
1971,Secondary malignant neoplasm of mediastinum,DX,malignancy,Neoplasms,9,0,0
1972,Secondary malignant neoplasm of pleura,DX,malignancy,Neoplasms,9,0,0
1973,Secondary malignant neoplasm of other respiratory organs,DX,malignancy,Neoplasms,9,0,0
1974,Secondary malignant neoplasm of small intestine including duodenum,DX,malignancy,Neoplasms,9,0,0
1975,Secondary malignant neoplasm of large intestine and rectum,DX,malignancy,Neoplasms,9,0,0
1976,Secondary malignant neoplasm of retroperitoneum and peritoneum,DX,malignancy,Neoplasms,9,0,0
1977,"Malignant neoplasm of liver, secondary",DX,malignancy,Neoplasms,9,0,0
1978,Secondary malignant neoplasm of other digestive organs and spleen,DX,malignancy,Neoplasms,9,0,0
1980,Secondary malignant neoplasm of kidney,DX,malignancy,Neoplasms,9,0,0
1981,Secondary malignant neoplasm of other urinary organs,DX,malignancy,Neoplasms,9,0,0
1982,Secondary malignant neoplasm of skin,DX,malignancy,Neoplasms,9,0,0
1983,Secondary malignant neoplasm of brain and spinal cord,DX,malignancy,Neoplasms,9,0,0
1984,Secondary malignant neoplasm of other parts of nervous system,DX,malignancy,Neoplasms,9,0,0
1985,Secondary malignant neoplasm of bone and bone marrow,DX,malignancy,Neoplasms,9,0,0
1986,Secondary malignant neoplasm of ovary,DX,malignancy,Neoplasms,9,0,0
1987,Secondary malignant neoplasm of adrenal gland,DX,malignancy,Neoplasms,9,0,0
1990,Disseminated malignant neoplasm without specification of site,DX,malignancy,Neoplasms,9,0,0
1991,Other malignant neoplasm without specification of site,DX,malignancy,Neoplasms,9,0,0
1992,Malignant neoplasm associated with transplant organ,DX,malignancy,Neoplasms,9,0,0
2300,"Carcinoma in situ of lip, oral cavity, and pharynx",DX,malignancy,Neoplasms,9,0,0
2301,Carcinoma in situ of esophagus,DX,malignancy,Neoplasms,9,0,0
2302,Carcinoma in situ of stomach,DX,malignancy,Neoplasms,9,0,0
2303,Carcinoma in situ of colon,DX,malignancy,Neoplasms,9,0,0
2304,Carcinoma in situ of rectum,DX,malignancy,Neoplasms,9,0,0
2305,Carcinoma in situ of anal canal,DX,malignancy,Neoplasms,9,0,0
2306,"Carcinoma in situ of anus, unspecified",DX,malignancy,Neoplasms,9,0,0
2307,Carcinoma in situ of other and unspecified parts of intestine,DX,malignancy,Neoplasms,9,0,0
2308,Carcinoma in situ of liver and biliary system,DX,malignancy,Neoplasms,9,0,0
2309,Carcinoma in situ of other and unspecified digestive organs,DX,malignancy,Neoplasms,9,0,0
2310,Carcinoma in situ of larynx,DX,malignancy,Neoplasms,9,0,0
2311,Carcinoma in situ of trachea,DX,malignancy,Neoplasms,9,0,0
2312,Carcinoma in situ of bronchus and lung,DX,malignancy,Neoplasms,9,0,0
2318,Carcinoma in situ of other specified parts of respiratory system,DX,malignancy,Neoplasms,9,0,0
2319,"Carcinoma in situ of respiratory system, part unspecified",DX,malignancy,Neoplasms,9,0,0
2320,Carcinoma in situ of skin of lip,DX,malignancy,Neoplasms,9,0,0
2321,"Carcinoma in situ of eyelid, including canthus",DX,malignancy,Neoplasms,9,0,0
2322,Carcinoma in situ of skin of ear and external auditory canal,DX,malignancy,Neoplasms,9,0,0
2323,Carcinoma in situ of skin of other and unspecified parts of face,DX,malignancy,Neoplasms,9,0,0
2324,Carcinoma in situ of scalp and skin of neck,DX,malignancy,Neoplasms,9,0,0
2325,"Carcinoma in situ of skin of trunk, except scrotum",DX,malignancy,Neoplasms,9,0,0
2326,"Carcinoma in situ of skin of upper limb, including shoulder",DX,malignancy,Neoplasms,9,0,0
2327,"Carcinoma in situ of skin of lower limb, including hip",DX,malignancy,Neoplasms,9,0,0
2328,Carcinoma in situ of other specified sites of skin,DX,malignancy,Neoplasms,9,0,0
2329,"Carcinoma in situ of skin, site unspecified",DX,malignancy,Neoplasms,9,0,0
2330,Carcinoma in situ of breast,DX,malignancy,Neoplasms,9,0,0
2331,Carcinoma in situ of cervix uteri,DX,malignancy,Neoplasms,9,0,0
2332,Carcinoma in situ of other and unspecified parts of uterus,DX,malignancy,Neoplasms,9,0,0
2334,Carcinoma in situ of prostate,DX,malignancy,Neoplasms,9,0,0
2335,Carcinoma in situ of penis,DX,malignancy,Neoplasms,9,0,0
2336,Carcinoma in situ of other and unspecified male genital organs,DX,malignancy,Neoplasms,9,0,0
2337,Carcinoma in situ of bladder,DX,malignancy,Neoplasms,9,0,0
2339,Carcinoma in situ of other and unspecified urinary organs,DX,malignancy,Neoplasms,9,0,0
2340,Carcinoma in situ of eye,DX,malignancy,Neoplasms,9,0,0
2348,Carcinoma in situ of other specified sites,DX,malignancy,Neoplasms,9,0,0
2349,"Carcinoma in situ, site unspecified",DX,malignancy,Neoplasms,9,0,0
2350,Neoplasm of uncertain behavior of major salivary glands,DX,malignancy,Neoplasms,9,0,0
2351,"Neoplasm of uncertain behavior of lip, oral cavity, and pharynx",DX,malignancy,Neoplasms,9,0,0
2352,"Neoplasm of uncertain behavior of stomach, intestines, and rectum",DX,malignancy,Neoplasms,9,0,0
2353,Neoplasm of uncertain behavior of liver and biliary passages,DX,malignancy,Neoplasms,9,0,0
2354,Neoplasm of uncertain behavior of retroperitoneum and peritoneum,DX,malignancy,Neoplasms,9,0,0
2355,Neoplasm of uncertain behavior of other and unspecified digestive organs,DX,malignancy,Neoplasms,9,0,0
2356,Neoplasm of uncertain behavior of larynx,DX,malignancy,Neoplasms,9,0,0
2357,"Neoplasm of uncertain behavior of trachea, bronchus, and lung",DX,malignancy,Neoplasms,9,0,0
2358,"Neoplasm of uncertain behavior of pleura, thymus, and mediastinum",DX,malignancy,Neoplasms,9,0,0
2359,Neoplasm of uncertain behavior of other and unspecified respiratory organs,DX,malignancy,Neoplasms,9,0,0
2360,Neoplasm of uncertain behavior of uterus,DX,malignancy,Neoplasms,9,0,0
2361,Neoplasm of uncertain behavior of placenta,DX,malignancy,Neoplasms,9,0,0
2362,Neoplasm of uncertain behavior of ovary,DX,malignancy,Neoplasms,9,0,0
2363,Neoplasm of uncertain behavior of other and unspecified female genital organs,DX,malignancy,Neoplasms,9,0,0
2364,Neoplasm of uncertain behavior of testis,DX,malignancy,Neoplasms,9,0,0
2365,Neoplasm of uncertain behavior of prostate,DX,malignancy,Neoplasms,9,0,0
2366,Neoplasm of uncertain behavior of other and unspecified male genital organs,DX,malignancy,Neoplasms,9,0,0
2367,Neoplasm of uncertain behavior of bladder,DX,malignancy,Neoplasms,9,0,0
2370,Neoplasm of uncertain behavior of pituitary gland and craniopharyngeal duct,DX,malignancy,Neoplasms,9,0,0
2371,Neoplasm of uncertain behavior of pineal gland,DX,malignancy,Neoplasms,9,0,0
2372,Neoplasm of uncertain behavior of adrenal gland,DX,malignancy,Neoplasms,9,0,0
2373,Neoplasm of uncertain behavior of paraganglia,DX,malignancy,Neoplasms,9,0,0
2374,Neoplasm of uncertain behavior of other and unspecified endocrine glands,DX,malignancy,Neoplasms,9,0,0
2375,Neoplasm of uncertain behavior of brain and spinal cord,DX,malignancy,Neoplasms,9,0,0
2376,Neoplasm of uncertain behavior of meninges,DX,malignancy,Neoplasms,9,0,0
2379,Neoplasm of uncertain behavior of other and unspecified parts of nervous system,DX,malignancy,Neoplasms,9,0,0
2380,Neoplasm of uncertain behavior of bone and articular cartilage,DX,malignancy,Neoplasms,9,0,0
2381,Neoplasm of uncertain behavior of connective and other soft tissue,DX,malignancy,Neoplasms,9,0,0
2382,Neoplasm of uncertain behavior of skin,DX,malignancy,Neoplasms,9,0,0
2383,Neoplasm of uncertain behavior of breast,DX,malignancy,Neoplasms,9,0,0
2384,Polycythemia vera,DX,malignancy,Neoplasms,9,0,0
2385,Neoplasm of uncertain behavior of histiocytic and mast cells,DX,malignancy,Neoplasms,9,0,0
2386,Neoplasm of uncertain behavior of plasma cells,DX,malignancy,Neoplasms,9,0,0
2388,Neoplasm of uncertain behavior of other specified sites,DX,malignancy,Neoplasms,9,0,0
2389,"Neoplasm of uncertain behavior, site unspecified",DX,malignancy,Neoplasms,9,0,0
2390,Neoplasm of unspecified nature of digestive system,DX,malignancy,Neoplasms,9,0,0
2391,Neoplasm of unspecified nature of respiratory system,DX,malignancy,Neoplasms,9,0,0
2392,"Neoplasm of unspecified nature of bone, soft tissue, and skin",DX,malignancy,Neoplasms,9,0,0
2393,Neoplasm of unspecified nature of breast,DX,malignancy,Neoplasms,9,0,0
2394,Neoplasm of unspecified nature of bladder,DX,malignancy,Neoplasms,9,0,0
2395,Neoplasm of unspecified nature of other genitourinary organs,DX,malignancy,Neoplasms,9,0,0
2396,Neoplasm of unspecified nature of brain,DX,malignancy,Neoplasms,9,0,0
2397,Neoplasm of unspecified nature of endocrine glands and other parts of nervous system,DX,malignancy,Neoplasms,9,0,0
2399,"Neoplasm of unspecified nature, site unspecified",DX,malignancy,Neoplasms,9,0,0
2532,Panhypopituitarism,DX,metabolic,Endocrine disorders,9,0,0
2535,Diabetes insipidus,DX,metabolic,Endocrine disorders,9,0,0
2536,Other disorders of neurohypophysis,DX,metabolic,Endocrine disorders,9,0,0
2539,Unspecified disorder of the pituitary gland and its hypothalamic control,DX,metabolic,Endocrine disorders,9,0,0
2550,Cushing's syndrome,DX,metabolic,Endocrine disorders,9,0,0
2552,Adrenogenital disorders,DX,metabolic,Endocrine disorders,9,0,0
2594,"Dwarfism, not elsewhere classified",DX,congeni_genetic,Bone and joint anomalies,9,0,0
2700,Disturbances of amino-acid transport,DX,metabolic,Amino acid metabolism,9,0,0
2701,Phenylketonuria [PKU],DX,metabolic,Amino acid metabolism,9,0,0
2702,Other disturbances of aromatic amino-acid metabolism,DX,metabolic,Amino acid metabolism,9,0,0
2703,Disturbances of branched-chain amino-acid metabolism,DX,metabolic,Amino acid metabolism,9,0,0
2704,Disturbances of sulphur-bearing amino-acid metabolism,DX,metabolic,Amino acid metabolism,9,0,0
2705,Disturbances of histidine metabolism,DX,metabolic,Amino acid metabolism,9,0,0
2706,Disorders of urea cycle metabolism,DX,metabolic,Amino acid metabolism,9,0,0
2707,Other disturbances of straight-chain amino-acid metabolism,DX,metabolic,Amino acid metabolism,9,0,0
2708,Other specified disorders of amino-acid metabolism,DX,metabolic,Amino acid metabolism,9,0,0
2709,Unspecified disorder of amino-acid metabolism,DX,metabolic,Amino acid metabolism,9,0,0
2710,Glycogenosis,DX,metabolic,Carbohydrate metabolism,9,0,0
2711,Galactosemia,DX,metabolic,Carbohydrate metabolism,9,0,0
2712,Hereditary fructose intolerance,DX,metabolic,Carbohydrate metabolism,9,0,0
2713,Intestinal disaccharidase deficiencies and disaccharide malabsorption,DX,metabolic,Carbohydrate metabolism,9,0,0
2714,Renal glycosuria,DX,metabolic,Carbohydrate metabolism,9,0,0
2718,Other specified disorders of carbohydrate transport and metabolism,DX,metabolic,Carbohydrate metabolism,9,0,0
2719,Unspecified disorder of carbohydrate transport and metabolism,DX,metabolic,Carbohydrate metabolism,9,0,0
2720,Pure hypercholesterolemia,DX,metabolic,Lipid metabolism,9,0,0
2721,Pure hyperglyceridemia,DX,metabolic,Lipid metabolism,9,0,0
2722,Mixed hyperlipidemia,DX,metabolic,Lipid metabolism,9,0,0
2723,Hyperchylomicronemia,DX,metabolic,Lipid metabolism,9,0,0
2724,Other and unspecified hyperlipidemia,DX,metabolic,Lipid metabolism,9,0,0
2725,Lipoprotein deficiencies,DX,metabolic,Lipid metabolism,9,0,0
2726,Lipodystrophy,DX,metabolic,Lipid metabolism,9,0,0
2727,Lipidoses,DX,metabolic,Lipid metabolism,9,0,0
2728,Other disorders of lipoid metabolism,DX,metabolic,Lipid metabolism,9,0,0
2729,Unspecified disorder of lipoid metabolism,DX,metabolic,Lipid metabolism,9,0,0
2751,Disorders of copper metabolism,DX,metabolic,Other metabolic disorders,9,0,0
2752,Disorders of magnesium metabolism,DX,metabolic,Other metabolic disorders,9,0,0
2753,Disorders of phosphorus metabolism,DX,metabolic,Other metabolic disorders,9,0,0
2772,Other disorders of purine and pyrimidine metabolism,DX,metabolic,Other metabolic disorders,9,0,0
2774,Disorders of bilirubin excretion,DX,metabolic,Other metabolic disorders,9,0,0
2775,Mucopolysaccharidosis,DX,metabolic,Storage disorders,9,0,0
2776,Other deficiencies of circulating enzymes,DX,metabolic,Other metabolic disorders,9,0,0
2779,Unspecified disorder of metabolism,DX,metabolic,Other metabolic disorders,9,0,0
2792,Combined immunity deficiency,DX,hemato_immu,Hereditary immunodeficiency,9,0,0
2793,Unspecified immunity deficiency,DX,hemato_immu,Hereditary immunodeficiency,9,0,0
2798,Other specified disorders involving the immune mechanism,DX,hemato_immu,Hereditary immunodeficiency,9,0,0
2799,Unspecified disorder of immune mechanism,DX,hemato_immu,Hereditary immunodeficiency,9,0,0
2820,Hereditary spherocytosis,DX,hemato_immu,Hereditary anemias,9,0,0
2821,Hereditary elliptocytosis,DX,hemato_immu,Hereditary anemias,9,0,0
2822,Anemias due to disorders of glutathione metabolism,DX,hemato_immu,Hereditary anemias,9,0,0
2823,Other hemolytic anemias due to enzyme deficiency,DX,hemato_immu,Hereditary anemias,9,0,0
2825,Sickle-cell trait,DX,hemato_immu,Hereditary anemias,9,0,0
2842,Myelophthisis,DX,hemato_immu,Aplastic anemias,9,0,0
2849,"Aplastic anemia, unspecified",DX,hemato_immu,Aplastic anemias,9,0,0
2860,Congenital factor VIII disorder,DX,hemato_immu,Coagulation/hemorrhagic,9,0,0
2863,Congenital deficiency of other clotting factors,DX,hemato_immu,Coagulation/hemorrhagic,9,0,0
2881,Functional disorders of polymorphonuclear neutrophils,DX,hemato_immu,Hereditary immunodeficiency,9,0,0
2882,Genetic anomalies of leukocytes,DX,hemato_immu,Hereditary immunodeficiency,9,0,0
2884,Hemophagocytic syndromes,DX,hemato_immu,Hemophagocytic syndromes,9,0,0
3121,Mediastinal tracheostomy,PR,Respiratory,Device & Technology Use,9,1,0
3129,Other permanent tracheostomy,PR,Respiratory,Device & Technology Use,9,1,0
3141,Tracheoscopy through artificial stoma,PR,Respiratory,Device & Technology Use,9,1,0
3174,Revision of tracheostomy,PR,Respiratory,Device & Technology Use,9,1,0
3180,Moderate intellectual disabilities,DX,neuromusc,Intellectual Disabilities,9,0,0
3181,Severe intellectual disabilities,DX,neuromusc,Intellectual Disabilities,9,0,0
3182,Profound intellectual disabilities,DX,neuromusc,Intellectual Disabilities,9,0,0
3241,Thoracoscopic lobectomy of lung,PR,respiratory,Other respiratory,9,0,0
3249,Other lobectomy of lung,PR,respiratory,Other respiratory,9,0,0
3250,Thoracoscopic pneumonectomy,PR,respiratory,Other respiratory,9,0,0
3259,Other and unspecified pneumonectomy,PR,respiratory,Other respiratory,9,0,0
3300,Leukodystrophy,DX,neuromusc,CNS Degeneration and diseases,9,0,0
3301,Cerebral lipidoses,DX,neuromusc,CNS Degeneration and diseases,9,0,0
3302,Cerebral degeneration in generalized lipidoses,DX,neuromusc,CNS Degeneration and diseases,9,0,0
3303,Cerebral degeneration of childhood in other diseases classified elsewhere,DX,neuromusc,CNS Degeneration and diseases,9,0,0
3308,Other specified cerebral degenerations in childhood,DX,neuromusc,CNS Degeneration and diseases,9,0,0
3309,Unspecified cerebral degeneration in childhood,DX,neuromusc,CNS Degeneration and diseases,9,0,0
3314,Obstructive hydrocephalus,DX,neuromusc,CNS Degeneration and diseases,9,0,0
3319,"Cerebral degeneration, unspecified",DX,neuromusc,CNS Degeneration and diseases,9,0,0
3320,Paralysis agitans,DX,neuromusc,Movement diseases,9,0,0
3321,Secondary parkinsonism,DX,neuromusc,Movement diseases,9,0,0
3321,Bronchoscopy through artificial stoma,PR,Respiratory,Device & Technology Use,9,1,0
3330,Other degenerative diseases of the basal ganglia,DX,neuromusc,Movement diseases,9,0,0
3332,Myoclonus,DX,neuromusc,Movement diseases,9,0,0
3334,Huntington's chorea,DX,neuromusc,Movement diseases,9,0,0
3335,Other choreas,DX,neuromusc,Movement diseases,9,0,0
3340,Friedreich's ataxia,DX,neuromusc,CNS Degeneration and diseases,9,0,0
3341,Hereditary spastic paraplegia,DX,neuromusc,CNS Degeneration and diseases,9,0,0
3342,Primary cerebellar degeneration,DX,neuromusc,CNS Degeneration and diseases,9,0,0
3343,Other cerebellar ataxia,DX,neuromusc,CNS Degeneration and diseases,9,0,0
3344,Cerebellar ataxia in diseases classified elsewhere,DX,neuromusc,CNS Degeneration and diseases,9,0,0
3348,Other spinocerebellar diseases,DX,neuromusc,CNS Degeneration and diseases,9,0,0
3349,"Spinocerebellar disease, unspecified",DX,neuromusc,CNS Degeneration and diseases,9,0,0
3350,Werdnig-Hoffmann disease,DX,neuromusc,CNS Degeneration and diseases,9,0,0
3350,"Lung transplantation, not otherwise specified",PR,respiratory,Transplantation,9,0,1
3350,"Lung transplantation, not otherwise specified",PR,transplant,,9,0,1
3351,Unilateral lung transplantation,PR,respiratory,Transplantation,9,0,1
3351,Unilateral lung transplantation,PR,transplant,,9,0,1
3352,Bilateral lung transplantation,PR,respiratory,Transplantation,9,0,1
3352,Bilateral lung transplantation,PR,transplant,,9,0,1
3358,Other anterior horn cell diseases,DX,neuromusc,CNS Degeneration and diseases,9,0,0
3359,"Anterior horn cell disease, unspecified",DX,neuromusc,CNS Degeneration and diseases,9,0,0
3361,Vascular myelopathies,DX,neuromusc,CNS Degeneration and diseases,9,0,0
3368,Other myelopathy,DX,neuromusc,CNS Degeneration and diseases,9,0,0
3379,Unspecified disorder of autonomic nervous system,DX,neuromusc,CNS Degeneration and diseases,9,0,0
3418,Other demyelinating diseases of central nervous system,DX,neuromusc,Other neurologic disorders,9,0,0
3430,Congenital diplegia,DX,neuromusc,Infantile Cerebral Palsy,9,0,0
3431,Congenital hemiplegia,DX,neuromusc,Infantile Cerebral Palsy,9,0,0
3432,Congenital quadriplegia,DX,neuromusc,Infantile Cerebral Palsy,9,0,0
3433,Congenital monoplegia,DX,neuromusc,Infantile Cerebral Palsy,9,0,0
3434,Infantile hemiplegia,DX,neuromusc,Infantile Cerebral Palsy,9,0,0
3438,Other specified infantile cerebral palsy,DX,neuromusc,Infantile Cerebral Palsy,9,0,0
3439,"Infantile cerebral palsy, unspecified",DX,neuromusc,Infantile Cerebral Palsy,9,0,0
3449,"Paralysis, unspecified",DX,neuromusc,Other neurologic disorders,9,0,0
3453,Grand mal status,DX,neuromusc,Epilepsy,9,0,0
3481,Anoxic brain damage,DX,neuromusc,Other neurologic disorders,9,0,0
3484,Compression of brain,DX,neuromusc,Other neurologic disorders,9,0,0
3485,Implantation of diaphragmatic pacemaker,PR,Respiratory,Device & Technology Use,9,1,0
3581,Total repair of tetralogy of Fallot,PR,cvd,Heart and Great Vessel Malformations,9,0,0
3582,Total repair of total anomalous pulmonary venous connection,PR,cvd,Heart and Great Vessel Malformations,9,0,0
3583,Total repair of truncus arteriosus,PR,cvd,Heart and Great Vessel Malformations,9,0,0
3584,"Total correction of transposition of great vessels, NEC",PR,cvd,Heart and Great Vessel Malformations,9,0,0
3590,Congenital hereditary muscular dystrophy,DX,neuromusc,Muscular dystrophies and myopathies,9,0,0
3591,Hereditary progressive muscular dystrophy,DX,neuromusc,Muscular dystrophies and myopathies,9,0,0
3593,Periodic paralysis,DX,neuromusc,Muscular dystrophies and myopathies,9,0,0
3751,Heart transplantation,PR,cvd,Transplantation,9,0,1
3751,Heart transplantation,PR,transplant,,9,0,1
3753,Replacement or repair of thoracic unit of (total) replacement heart system,PR,cvd,Device & Technology Use,9,1,0
3754,Replacement or repair of other implantable component of (total) replacement heart system,PR,cvd,Device & Technology Use,9,1,0
3755,Removal of internal biventricular heart replacement system,PR,cvd,Device & Technology Use,9,1,0
3760,Implantation or insertion of biventricular external heart assist system,PR,cvd,Device & Technology Use,9,1,0
3761,Implant of pulsation balloon,PR,cvd,Device & Technology Use,9,1,0
3763,Repair of heart assist system,PR,cvd,Device & Technology Use,9,1,0
3765,Implant of single ventricular (extracorporeal) external heart assist system,PR,cvd,Device & Technology Use,9,1,0
3766,Insertion of implantable heart assist system,PR,cvd,Device & Technology Use,9,1,0
3767,Implantation of cardiomyostimulation system,PR,cvd,Device & Technology Use,9,1,0
3768,Insertion of percutaneous external heart assist device,PR,cvd,Device & Technology Use,9,1,0
3771,Initial insertion of transvenous lead [electrode] into ventricle,PR,cvd,Device & Technology Use,9,1,0
3772,Initial insertion of transvenous leads [electrodes] into atrium and ventricle,PR,cvd,Device & Technology Use,9,1,0
3774,Insertion or replacement of epicardial lead [electrode] into epicardium,PR,cvd,Device & Technology Use,9,1,0
3776,Replacement of transvenous atrial and/or ventricular lead(s) [electrode],PR,cvd,Device & Technology Use,9,1,0
3779,Revision or relocation of cardiac device pocket,PR,cvd,Device & Technology Use,9,1,0
3780,"Insertion of permanent pacemaker, initial or replacement, type of device not specified",PR,cvd,Device & Technology Use,9,1,0
3781,"Initial insertion of single-chamber device, not specified as rate responsive",PR,cvd,Device & Technology Use,9,1,0
3782,"Initial insertion of single-chamber device, rate responsive",PR,cvd,Device & Technology Use,9,1,0
3783,Initial insertion of dual-chamber device,PR,cvd,Device & Technology Use,9,1,0
3785,"Replacement of any type pacemaker device with single-chamber device, not specified as rate responsive",PR,cvd,Device & Technology Use,9,1,0
3786,"Replacement of any type of pacemaker device with single-chamber device, rate responsive",PR,cvd,Device & Technology Use,9,1,0
3787,Replacement of any type pacemaker device with dual-chamber device,PR,cvd,Device & Technology Use,9,1,0
3789,Revision or removal of pacemaker device,PR,cvd,Device & Technology Use,9,1,0
3794,"Implantation or replacement of automatic cardioverter/defibrillator, total system [AICD]",PR,cvd,Device & Technology Use,9,1,0
3795,Implantation of automatic cardioverter/defibrillator lead(s) only,PR,cvd,Device & Technology Use,9,1,0
3796,Implantation of automatic cardioverter/defibrillator pulse generator only,PR,cvd,Device & Technology Use,9,1,0
3797,Replacement of automatic cardioverter/defibrillator lead(s) only,PR,cvd,Device & Technology Use,9,1,0
3798,Replacement of automatic cardioverter/defibrillator pulse generator only,PR,cvd,Device & Technology Use,9,1,0
3895,Venous catheterization for renal dialysis,PR,renal ,Device & Technology Use,9,1,0
3927,Arteriovenostomy for renal dialysis,PR,renal ,Device & Technology Use,9,1,0
3942,Revision of arteriovenous shunt for renal dialysis,PR,renal ,Device & Technology Use,9,1,0
3981,"Implantation or replacement of carotid sinus stimulation device, total system",PR,cvd,Device & Technology Use,9,1,0
3982,Implantation or replacement of carotid sinus stimulation lead(s) only,PR,cvd,Device & Technology Use,9,1,0
3983,Implantation or replacement of carotid sinus stimulation pulse generator only,PR,cvd,Device & Technology Use,9,1,0
3984,Revision of carotid sinus stimulation lead(s) only,PR,cvd,Device & Technology Use,9,1,0
3985,Revision of carotid sinus stimulation pulse generator,PR,cvd,Device & Technology Use,9,1,0
3993,Insertion of vessel-to-vessel cannula,PR,renal ,Device & Technology Use,9,1,0
3994,Replacement of vessel-to-vessel cannula,PR,renal ,Device & Technology Use,9,1,0
3995,Hemodialysis,PR,renal ,Device & Technology Use,9,1,0
4100,"Bone marrow transplant, NOS",PR,hemato_immu,Transplantation,9,0,1
4100,"Bone marrow transplant, NOS",PR,transplant,,9,0,1
4101,Autologous bone marrow transplant without purging,PR,hemato_immu,Transplantation,9,0,1
4101,Autologous bone marrow transplant without purging,PR,transplant,,9,0,1
4102,Allogenic bone marrow transplant with purging,PR,hemato_immu,Transplantation,9,0,1
4102,Allogenic bone marrow transplant with purging,PR,transplant,,9,0,1
4103,Allogenic bone marrow transplant without purging,PR,hemato_immu,Transplantation,9,0,1
4103,Allogenic bone marrow transplant without purging,PR,transplant,,9,0,1
4104,Autologous hematopoietic stem cell transplant without purging,PR,hemato_immu,Transplantation,9,0,1
4104,Autologous hematopoietic stem cell transplant without purging,PR,transplant,,9,0,1
4105,Allogenic hematopoietic stem cell transplant without purging,PR,hemato_immu,Transplantation,9,0,1
4105,Allogenic hematopoietic stem cell transplant without purging,PR,transplant,,9,0,1
4106,Cord blood stem cell transplant,PR,hemato_immu,Transplantation,9,0,1
4106,Cord blood stem cell transplant,PR,transplant,,9,0,1
4107,Autologous hematopoietic stem cell transplant with purging,PR,hemato_immu,Transplantation,9,0,1
4107,Autologous hematopoietic stem cell transplant with purging,PR,transplant,,9,0,1
4108,Allogenic hematopoietic stem cell transplant with purging,PR,hemato_immu,Transplantation,9,0,1
4108,Allogenic hematopoietic stem cell transplant with purging,PR,transplant,,9,0,1
4109,Autologous bone marrow transplant with purging,PR,hemato_immu,Transplantation,9,0,1
4109,Autologous bone marrow transplant with purging,PR,transplant,,9,0,1
4160,Primary pulmonary hypertension,DX,respiratory,Chronic respiratory diseases,9,0,0
4161,Kyphoscoliotic heart disease,DX,cvd,Other Cardiovascular,9,0,0
4162,Chronic pulmonary embolism,DX,respiratory,Chronic respiratory diseases,9,0,0
4168,Other chronic pulmonary heart diseases,DX,cvd,Other Cardiovascular,9,0,0
4169,"Chronic pulmonary heart disease, unspecified",DX,cvd,Other Cardiovascular,9,0,0
4194,Transplantation of spleen,PR,hemato_immu,Transplantation,9,0,1
4194,Transplantation of spleen,PR,transplant,,9,0,1
4210,"Esophagostomy, not otherwise specified",PR,GI,Device & Technology Use,9,1,0
4211,Cervical esophagostomy,PR,GI,Device & Technology Use,9,1,0
4240,Mitral valve disorders,DX,cvd,Endocardium diseases,9,0,0
4242,"Tricuspid valve disorders, specified as nonrheumatic",DX,cvd,Endocardium diseases,9,0,0
4242,Total esophagectomy,PR,GI,Other GI disease,9,0,0
4243,Pulmonary valve disorders,DX,cvd,Endocardium diseases,9,0,0
4250,Endomyocardial fibrosis,DX,cvd,Cardiomyopathies,9,0,0
4252,Obscure cardiomyopathy of Africa,DX,cvd,Cardiomyopathies,9,0,0
4253,Endocardial fibroelastosis,DX,cvd,Cardiomyopathies,9,0,0
4254,Other primary cardiomyopathies,DX,cvd,Cardiomyopathies,9,0,0
4258,Cardiomyopathy in other diseases classified elsewhere,DX,cvd,Cardiomyopathies,9,0,0
4260,"Atrioventricular block, complete",DX,cvd,Conduction disorder,9,0,0
4262,Left bundle branch hemiblock,DX,cvd,Conduction disorder,9,0,0
4263,Other left bundle branch block,DX,cvd,Conduction disorder,9,0,0
4264,Right bundle branch block,DX,cvd,Conduction disorder,9,0,0
4266,Other heart block,DX,cvd,Conduction disorder,9,0,0
4267,Anomalous atrioventricular excitation,DX,cvd,Conduction disorder,9,0,0
4269,"Conduction disorder, unspecified",DX,cvd,Conduction disorder,9,0,0
4270,Paroxysmal supraventricular tachycardia,DX,cvd,Conduction disorder,9,0,0
4271,Paroxysmal ventricular tachycardia,DX,cvd,Conduction disorder,9,0,0
4272,"Paroxysmal tachycardia, unspecified",DX,cvd,Conduction disorder,9,0,0
4279,"Cardiac dysrhythmia, unspecified",DX,cvd,Dysrhythmias,9,0,0
4280,"Congestive heart failure, unspecified",DX,cvd,Other Cardiovascular,9,0,0
4281,Insertion permanent tube into esophagus,PR,GI,Device & Technology Use,9,1,0
4291,Myocardial degeneration,DX,cvd,Cardiomyopathies,9,0,0
4293,Cardiomegaly,DX,cvd,Other Cardiovascular,9,0,0
4311,Percutaneous (endoscopic) gastrostomy [PEG],PR,GI,Device & Technology Use,9,1,0
4319,Other gastrostomy  ,PR,GI,Device & Technology Use,9,1,0
4391,Total gastrectomy with intestinal interposition,PR,GI,Other GI disease,9,0,0
4399,Other total gastrectomy,PR,GI,Other GI disease,9,0,0
4412,Gastroscopy through artificial stoma,PR,GI,Device & Technology Use,9,1,0
4432,Percutaneous (endoscopic) gastrojejunostomy,PR,GI,Device & Technology Use,9,1,0
4438,Laparoscopic gastroenterostomy,PR,GI,Device & Technology Use,9,1,0
4439,Other gastroenterostomy,PR,GI,Device & Technology Use,9,1,0
4460,Polyarteritis nodosa,DX,hemato_immu,Polyarteritis nodosa & related conditions,9,0,0
4461,Acute febrile mucocutaneous lymph node syndrome [MCLS],DX,hemato_immu,Hereditary immunodeficiency,9,0,0
4464,Wegener's granulomatosis,DX,hemato_immu,Polyarteritis nodosa & related conditions,9,0,0
4465,Giant cell arteritis,DX,hemato_immu,Polyarteritis nodosa & related conditions,9,0,0
4466,Thrombotic microangiopathy,DX,hemato_immu,Polyarteritis nodosa & related conditions,9,0,0
4467,Takayasu's disease,DX,hemato_immu,Polyarteritis nodosa & related conditions,9,0,0
4530,Budd-chiari syndrome,DX,GI,Other GI disease,9,0,0
4563,Total removal of small intestine,PR,GI,Other GI disease,9,0,0
4581,Laparoscopic total intra-abdominal colectomy,PR,GI,Other GI disease,9,0,0
4582,Open total intra-abdominal colectomy,PR,GI,Other GI disease,9,0,0
4583,Other & unspecified total intra-abdominal colectomy,PR,GI,Other GI disease,9,0,0
4613,Permanent colostomy,PR,GI,Device & Technology Use,9,1,0
4622,Continent ileostomy,PR,GI,Device & Technology Use,9,1,0
4623,Other permanent ileostomy,PR,GI,Device & Technology Use,9,1,0
4632,Percutaneous (endoscopic) jejunostomy [PEJ],PR,GI,Device & Technology Use,9,1,0
4640,"Revision intestinal stoma, NOS",PR,GI,Device & Technology Use,9,1,0
4641,Revision of stoma of small intestine,PR,GI,Device & Technology Use,9,1,0
4643,Other revision of stoma of large intestine,PR,GI,Device & Technology Use,9,1,0
4697,Transplant of intestine,PR,GI,Transplantation,9,0,1
4697,Transplant of intestine,PR,transplant,,9,0,1
5051,Auxiliary liver transplant,PR,GI,Transplantation,9,0,1
5051,Auxiliary liver transplant,PR,transplant,,9,0,1
5059,Other transplant of liver,PR,GI,Transplantation,9,0,1
5059,Other transplant of liver,PR,transplant,,9,0,1
5163,Idiopathic fibrosing alveolitis,DX,respiratory,Chronic respiratory diseases,9,0,0
5280,"Pancreatic transplant, NOS",PR,GI,Transplantation,9,0,1
5280,"Pancreatic transplant, NOS",PR,transplant,,9,0,1
5282,Reimplantation of pancreatic tissue,PR,GI,Transplantation,9,0,1
5282,Reimplantation of pancreatic tissue,PR,transplant,,9,0,1
5283,Heterotransplant of pancreas,PR,GI,Transplantation,9,0,1
5283,Heterotransplant of pancreas,PR,transplant,,9,0,1
5284,Autotransplantation of cells of islets of Langerhans,PR,GI,Transplantation,9,0,1
5284,Autotransplantation of cells of islets of Langerhans,PR,transplant,,9,0,1
5285,Allotransplantation of cells of islets of Langerhans,PR,GI,Transplantation,9,0,1
5285,Allotransplantation of cells of islets of Langerhans,PR,transplant,,9,0,1
5286,"Transplantation of cells of islets of Langerhans, NOS",PR,GI,Transplantation,9,0,1
5286,"Transplantation of cells of islets of Langerhans, NOS",PR,transplant,,9,0,1
5471,Repair of gastroschisis,PR,GI,Other GI disease,9,0,0
5498,Peritoneal dialysis,PR,renal ,Device & Technology Use,9,1,0
5502,Nephrostomy,PR,renal ,Device & Technology Use,9,1,0
5503,Percutaneous nephrostomy without fragmentation,PR,renal ,Device & Technology Use,9,1,0
5504,Percutaneous nephrostomy with fragmentation,PR,renal ,Device & Technology Use,9,1,0
5512,Pyelostomy,PR,renal ,Device & Technology Use,9,1,0
5533,Diaphragmatic hernia without mention of obstruction or gangrene,DX,congeni_genetic,Diaphragm and abdominal wall anomalies,9,0,0
5550,Regional enteritis of small intestine,DX,GI,Inflammatory bowel disease,9,0,0
5551,Regional enteritis of large intestine,DX,GI,Inflammatory bowel disease,9,0,0
5551,Nephroureterectomy,PR,renal    ,Other renal & urologic,9,0,0
5552,Regional enteritis of small intestine with large intestine,DX,GI,Inflammatory bowel disease,9,0,0
5552,Nephrectomy of remaining kidney,PR,renal    ,Other renal & urologic,9,0,0
5553,Removal of transplanted or rejected kidney,PR,renal    ,Other renal & urologic,9,0,0
5554,Bilateral nephrectomy,PR,renal    ,Other renal & urologic,9,0,0
5559,Regional enteritis of unspecified site,DX,GI,Inflammatory bowel disease,9,0,0
5560,Ulcerative (chronic) enterocolitis,DX,GI,Inflammatory bowel disease,9,0,0
5561,Ulcerative (chronic) ileocolitis,DX,GI,Inflammatory bowel disease,9,0,0
5561,Renal autotransplantation,PR,renal    ,Transplantation,9,0,1
5561,Renal autotransplantation,PR,transplant,,9,0,1
5562,Ulcerative (chronic) proctitis,DX,GI,Inflammatory bowel disease,9,0,0
5563,Ulcerative (chronic) proctosigmoiditis,DX,GI,Inflammatory bowel disease,9,0,0
5564,Pseudopolyposis of colon,DX,GI,Inflammatory bowel disease,9,0,0
5565,Left-sided ulcerative (chronic) colitis,DX,GI,Inflammatory bowel disease,9,0,0
5566,Universal ulcerative (chronic) colitis,DX,GI,Inflammatory bowel disease,9,0,0
5568,Other ulcerative colitis,DX,GI,Inflammatory bowel disease,9,0,0
5569,"Ulcerative colitis, unspecified",DX,GI,Inflammatory bowel disease,9,0,0
5569,Other kidney transplantation,PR,renal    ,Transplantation,9,0,1
5569,Other kidney transplantation,PR,transplant,,9,0,1
5571,Chronic vascular insufficiency of intestine,DX,GI,Other GI disease,9,0,0
5593,Replacement of nephrostomy tube,PR,renal ,Device & Technology Use,9,1,0
5594,Replacement of pyelostomy tube,PR,renal ,Device & Technology Use,9,1,0
5597,Implantation or replacement of mechanical kidney,PR,renal ,Device & Technology Use,9,1,0
5602,Volvulus,DX,GI,Other GI disease,9,0,0
5640,"Ureterectomy, NOS",PR,renal    ,Other renal & urologic,9,0,0
5641,Partial ureterectomy,PR,renal    ,Other renal & urologic,9,0,0
5642,Total ureterectomy,PR,renal    ,Other renal & urologic,9,0,0
5647,"Megacolon, other than Hirschsprung's",DX,GI,Other GI disease,9,0,0
5651,Formation of cutaneous uretero-ileostomy,PR,renal ,Device & Technology Use,9,1,0
5652,Revision of cutaneous uretero-ileostomy,PR,renal ,Device & Technology Use,9,1,0
5661,Formation of other cutaneous ureterostomy,PR,renal ,Device & Technology Use,9,1,0
5662,Revision of other cutaneous ureterostomy,PR,renal ,Device & Technology Use,9,1,0
5671,Urinary diversion to intestine,PR,renal    ,Other renal & urologic,9,0,0
5672,Revision of ureterointestinal anastomosis,PR,renal ,Device & Technology Use,9,1,0
5673,"Nephrocystanastomosis, not otherwise specified",PR,renal ,Device & Technology Use,9,1,0
5674,Ureteroneocystostomy,PR,renal ,Device & Technology Use,9,1,0
5675,Transureteroureterostomy,PR,renal ,Device & Technology Use,9,1,0
5679,Other anastomosis or bypass of ureter,PR,renal    ,Other renal & urologic,9,0,0
5715,Cirrhosis of liver without mention of alcohol,DX,GI,Chronic liver disease and cirrhosis,9,0,0
5716,Biliary cirrhosis,DX,GI,Chronic liver disease and cirrhosis,9,0,0
5718,Other chronic nonalcoholic liver disease,DX,GI,Chronic liver disease and cirrhosis,9,0,0
5719,Unspecified chronic liver disease without mention of alcohol,DX,GI,Chronic liver disease and cirrhosis,9,0,0
5721,Vesicostomy,PR,renal ,Device & Technology Use,9,1,0
5722,Revision or closure of vesicostomy,PR,renal ,Device & Technology Use,9,1,0
5771,Radical cystectomy,PR,renal    ,Other renal & urologic,9,0,0
5779,Other total cystectomy,PR,renal    ,Other renal & urologic,9,0,0
5851,"Chronic kidney disease, Stage I",DX,renal    ,Chronic renal failure,9,0,0
5852,"Chronic kidney disease, Stage II (mild)",DX,renal    ,Chronic renal failure,9,0,0
5853,"Chronic kidney disease, Stage III (moderate)",DX,renal    ,Chronic renal failure,9,0,0
5854,"Chronic kidney disease, Stage IV (severe)",DX,renal    ,Chronic renal failure,9,0,0
5855,"Chronic kidney disease, Stage V",DX,renal    ,Chronic renal failure,9,0,0
5856,End stage renal disease,DX,renal    ,Chronic renal failure,9,0,0
5859,"Chronic kidney disease, unspecified",DX,renal    ,Chronic renal failure,9,0,0
5964,Atony of bladder,DX,renal    ,Chronic bladder diseases,9,0,0
5993,Replacement of ureterostomy tube,PR,renal ,Device & Technology Use,9,1,0
5994,Replacement of cystostomy tube,PR,renal ,Device & Technology Use,9,1,0
6241,Bilateral orchiectomy,PR,metabolic,Endocrine disorders,9,0,0
6551,Other removal of both ovaries at same operative episode,PR,metabolic,Endocrine disorders,9,0,0
6553,Laparoscopic removal of both ovaries at same operative episode,PR,metabolic,Endocrine disorders,9,0,0
6561,Other removal of both ovaries and tubes at same operative episode,PR,metabolic,Endocrine disorders,9,0,0
6563,Laparoscopic removal of both ovaries and tubes at same operative episode,PR,metabolic,Endocrine disorders,9,0,0
6841,Laparoscopic total abdominal hysterectomy,PR,metabolic,Endocrine disorders,9,0,0
6849,Other and unspecified total abdominal hysterectomy,PR,metabolic,Endocrine disorders,9,0,0
6851,Laparoscopically assisted vaginal hysterectomy [LAVH],PR,metabolic,Endocrine disorders,9,0,0
6859,Other and unspecified vaginal hysterectomy,PR,metabolic,Endocrine disorders,9,0,0
6861,Laparoscopic radical abdominal hysterectomy,PR,metabolic,Endocrine disorders,9,0,0
6869,Other and unspecified radical abdominal hysterectomy,PR,metabolic,Endocrine disorders,9,0,0
6871,Laparoscopic radical vaginal hysterectomy [LRVH],PR,metabolic,Endocrine disorders,9,0,0
6879,Other and unspecified radical vaginal hysterectomy,PR,metabolic,Endocrine disorders,9,0,0
7100,Systemic lupus erythematosus,DX,hemato_immu,Diffuse diseases of connective tissue,9,0,0
7101,Systemic sclerosis,DX,hemato_immu,Diffuse diseases of connective tissue,9,0,0
7103,Dermatomyositis,DX,hemato_immu,Diffuse diseases of connective tissue,9,0,0
7400,Anencephalus,DX,neuromusc,Brain and Spinal Cord Malformations ,9,0,0
7401,Craniorachischisis,DX,neuromusc,Brain and Spinal Cord Malformations ,9,0,0
7402,Iniencephaly,DX,neuromusc,Brain and Spinal Cord Malformations ,9,0,0
7420,Encephalocele,DX,neuromusc,Brain and Spinal Cord Malformations ,9,0,0
7421,Microcephalus,DX,neuromusc,Brain and Spinal Cord Malformations ,9,0,0
7422,Congenital reduction deformities of brain,DX,neuromusc,Brain and Spinal Cord Malformations ,9,0,0
7423,Congenital hydrocephalus,DX,neuromusc,Brain and Spinal Cord Malformations ,9,0,0
7424,Other specified congenital anomalies of brain,DX,neuromusc,Brain and Spinal Cord Malformations ,9,0,0
7428,Other specified congenital anomalies of nervous system,DX,neuromusc,Brain and Spinal Cord Malformations ,9,0,0
7429,"Unspecified congenital anomaly of brain, spinal cord, and nervous system",DX,neuromusc,Brain and Spinal Cord Malformations ,9,0,0
7450,Common truncus,DX,cvd,Heart and Great Vessel Malformations,9,0,0
7452,Tetralogy of Fallot,DX,cvd,Heart and Great Vessel Malformations,9,0,0
7453,Common ventricle,DX,cvd,Heart and Great Vessel Malformations,9,0,0
7461,"Tricuspid atresia and stenosis, congenital",DX,cvd,Heart and Great Vessel Malformations,9,0,0
7462,Ebstein's anomaly,DX,cvd,Heart and Great Vessel Malformations,9,0,0
7463,Congenital stenosis of aortic valve,DX,cvd,Heart and Great Vessel Malformations,9,0,0
7464,Congenital insufficiency of aortic valve,DX,cvd,Heart and Great Vessel Malformations,9,0,0
7465,Congenital mitral stenosis,DX,cvd,Heart and Great Vessel Malformations,9,0,0
7466,Congenital mitral insufficiency,DX,cvd,Heart and Great Vessel Malformations,9,0,0
7467,Hypoplastic left heart syndrome,DX,cvd,Heart and Great Vessel Malformations,9,0,0
7469,Unspecified congenital anomaly of heart,DX,cvd,Heart and Great Vessel Malformations,9,0,0
7480,Choanal atresia,DX,respiratory,Respiratory malformations,9,0,0
7481,Other anomalies of nose,DX,respiratory,Respiratory malformations,9,0,0
7482,Web of larynx,DX,respiratory,Respiratory malformations,9,0,0
7483,"Other anomalies of larynx, trachea, and bronchus",DX,respiratory,Respiratory malformations,9,0,0
7484,Congenital cystic lung,DX,respiratory,Respiratory malformations,9,0,0
7485,"Agenesis, hypoplasia, and dysplasia of lung",DX,respiratory,Respiratory malformations,9,0,0
7488,Other specified anomalies of respiratory system,DX,respiratory,Respiratory malformations,9,0,0
7489,Unspecified anomaly of respiratory system,DX,respiratory,Respiratory malformations,9,0,0
7503,"Tracheoesophageal fistula, esophageal atresia and stenosis",DX,GI,Congenital anomalies,9,0,0
7511,Atresia and stenosis of small intestine,DX,GI,Congenital anomalies,9,0,0
7512,"Atresia and stenosis of large intestine, rectum, and anal canal",DX,GI,Congenital anomalies,9,0,0
7513,Hirschsprung's disease and other congenital functional disorders of colon,DX,GI,Congenital anomalies,9,0,0
7514,Anomalies of intestinal fixation,DX,GI,Congenital anomalies,9,0,0
7515,Other anomalies of intestine,DX,GI,Congenital anomalies,9,0,0
7517,Anomalies of pancreas,DX,GI,Congenital anomalies,9,0,0
7518,Other specified anomalies of digestive system,DX,GI,Congenital anomalies,9,0,0
7519,Unspecified anomaly of digestive system,DX,GI,Congenital anomalies,9,0,0
7530,Renal agenesis and dysgenesis,DX,renal    ,Congenital anomalies,9,0,0
7533,Other specified anomalies of kidney,DX,renal    ,Congenital anomalies,9,0,0
7534,Other specified anomalies of ureter,DX,renal    ,Congenital anomalies,9,0,0
7535,Exstrophy of urinary bladder,DX,renal    ,Congenital anomalies,9,0,0
7536,Atresia and stenosis of urethra and bladder neck,DX,renal    ,Congenital anomalies,9,0,0
7537,Anomalies of urachus,DX,renal    ,Congenital anomalies,9,0,0
7538,Other specified anomalies of bladder and urethra,DX,renal    ,Congenital anomalies,9,0,0
7539,Unspecified anomaly of urinary system,DX,renal    ,Congenital anomalies,9,0,0
7560,Anomalies of skull and face bones,DX,congeni_genetic,Bone and joint anomalies,9,0,0
7562,Cervical rib,DX,congeni_genetic,Bone and joint anomalies,9,0,0
7563,Other anomalies of ribs and sternum,DX,congeni_genetic,Bone and joint anomalies,9,0,0
7564,Chondrodystrophy,DX,congeni_genetic,Bone and joint anomalies,9,0,0
7566,Anomalies of diaphragm,DX,congeni_genetic,Diaphragm and abdominal wall anomalies,9,0,0
7580,Down's syndrome,DX,congeni_genetic,Chromosomal anomalies,9,0,0
7581,Patau's syndrome,DX,congeni_genetic,Chromosomal anomalies,9,0,0
7582,Edwards' syndrome,DX,congeni_genetic,Chromosomal anomalies,9,0,0
7584,Balanced autosomal translocation in normal individual,DX,congeni_genetic,Chromosomal anomalies,9,0,0
7585,Other conditions due to autosomal anomalies,DX,congeni_genetic,Chromosomal anomalies,9,0,0
7586,Gonadal dysgenesis,DX,congeni_genetic,Chromosomal anomalies,9,0,0
7587,Klinefelter's syndrome,DX,congeni_genetic,Chromosomal anomalies,9,0,0
7589,Conditions due to anomaly of unspecified chromosome,DX,congeni_genetic,Chromosomal anomalies,9,0,0
7595,Tuberous sclerosis,DX,neuromusc,CNS Degeneration and diseases,9,0,0
7597,"Multiple congenital anomalies, so described",DX,congeni_genetic,Other congenital anomalies,9,0,0
7599,"Congenital anomaly, unspecified",DX,congeni_genetic,Other congenital anomalies,9,0,0
7670,Subdural and cerebral hemorrhage,DX,neonatal,Cerebral hemorrhage at birth,9,0,0
7674,Injury to spine and spinal cord due to birth trauma,DX,neonatal,Spinal cord injury at birth,9,0,0
7685,Severe birth asphyxia,DX,neonatal,Birth asphyxia,9,0,0
7689,Unspecified severity of birth asphyxia in liveborn infant,DX,neonatal,Birth asphyxia,9,0,0
7702,Interstitial emphysema and related conditions,DX,neonatal,Respiratory diseases,9,0,0
7707,Chronic respiratory disease arising in the perinatal period,DX,neonatal,Respiratory diseases,9,0,0
7710,Congenital rubella,DX,neonatal,Other premature or neonatal,9,0,0
7711,Congenital cytomegalovirus infection,DX,neonatal,Other premature or neonatal,9,0,0
7733,Hydrops fetalis due to isoimmunization,DX,neonatal,Other premature or neonatal,9,0,0
7734,Kernicterus of fetus or newborn due to isoimmunization,DX,neonatal,Other premature or neonatal,9,0,0
7747,Kernicterus of fetus or newborn not due to isoimmunization,DX,neonatal,Other premature or neonatal,9,0,0
7765,Congenital anemia,DX,neonatal,Other premature or neonatal,9,0,0
7780,Hydrops fetalis not due to isoimmunization,DX,neonatal,Other premature or neonatal,9,0,0
7797,Periventricular leukomalacia,DX,neonatal,Other premature or neonatal,9,0,0
8100,"Spinal fusion, not otherwise specified",PR,misc,Device & Technology Use,9,1,0
8101,Atlas-axis spinal fusion,PR,misc,Device & Technology Use,9,1,0
8102,"Other cervical fusion of the anterior column, anterior technique",PR,misc,Device & Technology Use,9,1,0
8103,"Other cervical fusion of the posterior column, posterior technique",PR,misc,Device & Technology Use,9,1,0
8104,"Dorsal and dorsolumbar fusion of the anterior column, anterior technique",PR,misc,Device & Technology Use,9,1,0
8105,"Dorsal and dorsolumbar fusion of the posterior column, posterior technique",PR,misc,Device & Technology Use,9,1,0
8106,"Lumbar and lumbosacral fusion of the anterior column, anterior technique",PR,misc,Device & Technology Use,9,1,0
8107,"Lumbar and lumbosacral fusion of the posterior column, posterior technique",PR,misc,Device & Technology Use,9,1,0
8108,"Lumbar and lumbosacral fusion of the anterior column, posterior technique",PR,misc,Device & Technology Use,9,1,0
8130,"Refusion of spine, not otherwise specified",PR,misc,Device & Technology Use,9,1,0
8131,Refusion of atlas-axis spine,PR,misc,Device & Technology Use,9,1,0
8132,"Refusion of other cervical spine, anterior column, anterior technique",PR,misc,Device & Technology Use,9,1,0
8133,"Refusion of other cervical spine, posterior column, posterior technique",PR,misc,Device & Technology Use,9,1,0
8134,"Refusion of dorsal and dorsolumbar spine, anterior column, anterior technique",PR,misc,Device & Technology Use,9,1,0
8135,"Refusion of dorsal and dorsolumbar spine, posterior column, posterior technique",PR,misc,Device & Technology Use,9,1,0
8136,"Refusion of lumbar and lumbosacral spine, anterior column, anterior technique",PR,misc,Device & Technology Use,9,1,0
8137,"Refusion of lumbar and lumbosacral spine, posterior column, posterior technique",PR,misc,Device & Technology Use,9,1,0
8138,"Refusion of lumbar and lumbosacral spine, anterior column, posterior technique",PR,misc,Device & Technology Use,9,1,0
8139,"Refusion of spine, not elsewhere classified",PR,misc,Device & Technology Use,9,1,0
8451,Insertion of interbody spinal fusion device,PR,misc,Device & Technology Use,9,1,0
8606,Insertion of totally implantable infusion pump,PR,Metabolic,Device & Technology Use,9,1,0
8607,Insertion of totally implantable vascular access device [VAD],PR,renal ,Device & Technology Use,9,1,0
8945,Artificial pacemaker rate check,PR,cvd,Device & Technology Use,9,1,0
8946,Artificial pacemaker artifact wave form check,PR,cvd,Device & Technology Use,9,1,0
8947,Artificial pacemaker electrode impedance check,PR,cvd,Device & Technology Use,9,1,0
8948,Artificial pacemaker voltage or amperage threshold check,PR,cvd,Device & Technology Use,9,1,0
8949,Automatic implantable cardioverter/defibrillator (AICD) check,PR,cvd,Device & Technology Use,9,1,0
9624,Dilation and manipulation of enterostomy stoma,PR,GI,Device & Technology Use,9,1,0
9636,Irrigation of gastrostomy or enterostomy,PR,GI,Device & Technology Use,9,1,0
9645,Irrigation of nephrostomy and pyelostomy,PR,renal ,Device & Technology Use,9,1,0
9646,Irrigation of ureterostomy and ureteral catheter,PR,renal ,Device & Technology Use,9,1,0
9647,Irrigation of cystostomy,PR,renal ,Device & Technology Use,9,1,0
9655,Tracheostomy toilette,PR,Respiratory,Device & Technology Use,9,1,0
9702,Dilation and manipulation of enterostomy stoma,PR,GI,Device & Technology Use,9,1,0
9723,Replacement of tracheostomy tube,PR,Respiratory,Device & Technology Use,9,1,0
9925,Injection or infusion of cancer chemotherapeutic substance,PR,malignancy,Neoplasms,9,0,0
9961,"Mechanical complication of other vascular device, implant, and graft",DX,cvd,Device & Technology Use,9,1,0
9962,"Mechanical complication of nervous system device, implant, and graft",DX,neuromusc,Device & Technology Use,9,1,0
17300,Unspecified malignant neoplasm of skin of lip,DX,malignancy,Neoplasms,9,0,0
17301,Basal cell carcinoma of skin of lip,DX,malignancy,Neoplasms,9,0,0
17302,Squamous cell carcinoma of skin of lip,DX,malignancy,Neoplasms,9,0,0
17309,Other specified malignant neoplasm of skin of lip,DX,malignancy,Neoplasms,9,0,0
17310,"Unspecified malignant neoplasm of eyelid, including canthus",DX,malignancy,Neoplasms,9,0,0
17311,"Basal cell carcinoma of eyelid, including canthus",DX,malignancy,Neoplasms,9,0,0
17312,"Squamous cell carcinoma of eyelid, including canthus",DX,malignancy,Neoplasms,9,0,0
17319,"Other specified malignant neoplasm of eyelid, including canthus",DX,malignancy,Neoplasms,9,0,0
17320,Unspecified malignant neoplasm of skin of ear and external auditory canal,DX,malignancy,Neoplasms,9,0,0
17321,Basal cell carcinoma of skin of ear and external auditory canal,DX,malignancy,Neoplasms,9,0,0
17322,Squamous cell carcinoma of skin of ear and external auditory canal,DX,malignancy,Neoplasms,9,0,0
17329,Other specified malignant neoplasm of skin of ear and external auditory canal,DX,malignancy,Neoplasms,9,0,0
17330,Unspecified malignant neoplasm of skin of other and unspecified parts of face,DX,malignancy,Neoplasms,9,0,0
17331,Basal cell carcinoma of skin of other and unspecified parts of face,DX,malignancy,Neoplasms,9,0,0
17332,Squamous cell carcinoma of skin of other and unspecified parts of face,DX,malignancy,Neoplasms,9,0,0
17339,Other specified malignant neoplasm of skin of other and unspecified parts of face,DX,malignancy,Neoplasms,9,0,0
17340,Unspecified malignant neoplasm of scalp and skin of neck,DX,malignancy,Neoplasms,9,0,0
17341,Basal cell carcinoma of scalp and skin of neck,DX,malignancy,Neoplasms,9,0,0
17342,Squamous cell carcinoma of scalp and skin of neck,DX,malignancy,Neoplasms,9,0,0
17349,Other specified malignant neoplasm of scalp and skin of neck,DX,malignancy,Neoplasms,9,0,0
17350,"Unspecified malignant neoplasm of skin of trunk, except scrotum",DX,malignancy,Neoplasms,9,0,0
17351,"Basal cell carcinoma of skin of trunk, except scrotum",DX,malignancy,Neoplasms,9,0,0
17352,"Squamous cell carcinoma of skin of trunk, except scrotum",DX,malignancy,Neoplasms,9,0,0
17359,"Other specified malignant neoplasm of skin of trunk, except scrotum",DX,malignancy,Neoplasms,9,0,0
17360,"Unspecified malignant neoplasm of skin of upper limb, including shoulder",DX,malignancy,Neoplasms,9,0,0
17361,"Basal cell carcinoma of skin of upper limb, including shoulder",DX,malignancy,Neoplasms,9,0,0
17362,"Squamous cell carcinoma of skin of upper limb, including shoulder",DX,malignancy,Neoplasms,9,0,0
17369,"Other specified malignant neoplasm of skin of upper limb, including shoulder",DX,malignancy,Neoplasms,9,0,0
17370,"Unspecified malignant neoplasm of skin of lower limb, including hip",DX,malignancy,Neoplasms,9,0,0
17371,"Basal cell carcinoma of skin of lower limb, including hip",DX,malignancy,Neoplasms,9,0,0
17372,"Squamous cell carcinoma of skin of lower limb, including hip",DX,malignancy,Neoplasms,9,0,0
17379,"Other specified malignant neoplasm of skin of lower limb, including hip",DX,malignancy,Neoplasms,9,0,0
17380,Unspecified malignant neoplasm of other specified sites of skin,DX,malignancy,Neoplasms,9,0,0
17381,Basal cell carcinoma of other specified sites of skin,DX,malignancy,Neoplasms,9,0,0
17382,Squamous cell carcinoma of other specified sites of skin,DX,malignancy,Neoplasms,9,0,0
17389,Other specified malignant neoplasm of other specified sites of skin,DX,malignancy,Neoplasms,9,0,0
17390,"Unspecified malignant neoplasm of skin, site unspecified",DX,malignancy,Neoplasms,9,0,0
17391,"Basal cell carcinoma of skin, site unspecified",DX,malignancy,Neoplasms,9,0,0
17392,"Squamous cell carcinoma of skin, site unspecified",DX,malignancy,Neoplasms,9,0,0
17399,"Other specified malignant neoplasm of skin, site unspecified",DX,malignancy,Neoplasms,9,0,0
19881,Secondary malignant neoplasm of breast,DX,malignancy,Neoplasms,9,0,0
19882,Secondary malignant neoplasm of genital organs,DX,malignancy,Neoplasms,9,0,0
19889,Secondary malignant neoplasm of other specified sites,DX,malignancy,Neoplasms,9,0,0
20000,"Reticulosarcoma, unspecified site, extranodal and solid organ sites",DX,malignancy,Neoplasms,9,0,0
20001,"Reticulosarcoma, lymph nodes of head, face, and neck",DX,malignancy,Neoplasms,9,0,0
20002,"Reticulosarcoma, intrathoracic lymph nodes",DX,malignancy,Neoplasms,9,0,0
20003,"Reticulosarcoma, intra-abdominal lymph nodes",DX,malignancy,Neoplasms,9,0,0
20004,"Reticulosarcoma, lymph nodes of axilla and upper limb",DX,malignancy,Neoplasms,9,0,0
20005,"Reticulosarcoma, lymph nodes of inguinal region and lower limb",DX,malignancy,Neoplasms,9,0,0
20006,"Reticulosarcoma, intrapelvic lymph nodes",DX,malignancy,Neoplasms,9,0,0
20007,"Reticulosarcoma, spleen",DX,malignancy,Neoplasms,9,0,0
20008,"Reticulosarcoma, lymph nodes of multiple sites",DX,malignancy,Neoplasms,9,0,0
20010,"Lymphosarcoma, unspecified site, extranodal and solid organ sites",DX,malignancy,Neoplasms,9,0,0
20011,"Lymphosarcoma, lymph nodes of head, face, and neck",DX,malignancy,Neoplasms,9,0,0
20012,"Lymphosarcoma, intrathoracic lymph nodes",DX,malignancy,Neoplasms,9,0,0
20013,"Lymphosarcoma, intra-abdominal lymph nodes",DX,malignancy,Neoplasms,9,0,0
20014,"Lymphosarcoma, lymph nodes of axilla and upper limb",DX,malignancy,Neoplasms,9,0,0
20015,"Lymphosarcoma, lymph nodes of inguinal region and lower limb",DX,malignancy,Neoplasms,9,0,0
20016,"Lymphosarcoma, intrapelvic lymph nodes",DX,malignancy,Neoplasms,9,0,0
20017,"Lymphosarcoma, spleen",DX,malignancy,Neoplasms,9,0,0
20018,"Lymphosarcoma, lymph nodes of multiple sites",DX,malignancy,Neoplasms,9,0,0
20020,"Burkitt's tumor or lymphoma, unspecified site, extranodal and solid organ sites",DX,malignancy,Neoplasms,9,0,0
20021,"Burkitt's tumor or lymphoma, lymph nodes of head, face, and neck",DX,malignancy,Neoplasms,9,0,0
20022,"Burkitt's tumor or lymphoma, intrathoracic lymph nodes",DX,malignancy,Neoplasms,9,0,0
20023,"Burkitt's tumor or lymphoma, intra-abdominal lymph nodes",DX,malignancy,Neoplasms,9,0,0
20024,"Burkitt's tumor or lymphoma, lymph nodes of axilla and upper limb",DX,malignancy,Neoplasms,9,0,0
20025,"Burkitt's tumor or lymphoma, lymph nodes of inguinal region and lower limb",DX,malignancy,Neoplasms,9,0,0
20026,"Burkitt's tumor or lymphoma, intrapelvic lymph nodes",DX,malignancy,Neoplasms,9,0,0
20027,"Burkitt's tumor or lymphoma, spleen",DX,malignancy,Neoplasms,9,0,0
20028,"Burkitt's tumor or lymphoma, lymph nodes of multiple sites",DX,malignancy,Neoplasms,9,0,0
20030,"Marginal zone lymphoma, unspecified site, extranodal and solid organ sites",DX,malignancy,Neoplasms,9,0,0
20031,"Marginal zone lymphoma, lymph nodes of head, face, and neck",DX,malignancy,Neoplasms,9,0,0
20032,"Marginal zone lymphoma, intrathoracic lymph nodes",DX,malignancy,Neoplasms,9,0,0
20033,"Marginal zone lymphoma, intraabdominal lymph nodes",DX,malignancy,Neoplasms,9,0,0
20034,"Marginal zone lymphoma, lymph nodes of axilla and upper limb",DX,malignancy,Neoplasms,9,0,0
20035,"Marginal zone lymphoma, lymph nodes of inguinal region and lower limb",DX,malignancy,Neoplasms,9,0,0
20036,"Marginal zone lymphoma, intrapelvic lymph nodes",DX,malignancy,Neoplasms,9,0,0
20037,"Marginal zone lymphoma, spleen",DX,malignancy,Neoplasms,9,0,0
20038,"Marginal zone lymphoma, lymph nodes of multiple sites",DX,malignancy,Neoplasms,9,0,0
20040,"Mantle cell lymphoma, unspecified site, extranodal and solid organ sites",DX,malignancy,Neoplasms,9,0,0
20041,"Mantle cell lymphoma, lymph nodes of head, face, and neck",DX,malignancy,Neoplasms,9,0,0
20042,"Mantle cell lymphoma, intrathoracic lymph nodes",DX,malignancy,Neoplasms,9,0,0
20043,"Mantle cell lymphoma, intra-abdominal lymph nodes",DX,malignancy,Neoplasms,9,0,0
20044,"Mantle cell lymphoma, lymph nodes of axilla and upper limb",DX,malignancy,Neoplasms,9,0,0
20045,"Mantle cell lymphoma, lymph nodes of inguinal region and lower limb",DX,malignancy,Neoplasms,9,0,0
20046,"Mantle cell lymphoma, intrapelvic lymph nodes",DX,malignancy,Neoplasms,9,0,0
20047,"Mantle cell lymphoma, spleen",DX,malignancy,Neoplasms,9,0,0
20048,"Mantle cell lymphoma, lymph nodes of multiple sites",DX,malignancy,Neoplasms,9,0,0
20050,"Primary central nervous system lymphoma, unspecified site, extranodal and solid organ sites",DX,malignancy,Neoplasms,9,0,0
20051,"Primary central nervous system lymphoma, lymph nodes of head, face, and neck",DX,malignancy,Neoplasms,9,0,0
20052,"Primary central nervous system lymphoma, intrathoracic lymph nodes",DX,malignancy,Neoplasms,9,0,0
20053,"Primary central nervous system lymphoma, intra-abdominal lymph nodes",DX,malignancy,Neoplasms,9,0,0
20054,"Primary central nervous system lymphoma, lymph nodes of axilla and upper limb",DX,malignancy,Neoplasms,9,0,0
20055,"Primary central nervous system lymphoma, lymph nodes of inguinal region and lower limb",DX,malignancy,Neoplasms,9,0,0
20056,"Primary central nervous system lymphoma, intrapelvic lymph nodes",DX,malignancy,Neoplasms,9,0,0
20057,"Primary central nervous system lymphoma, spleen",DX,malignancy,Neoplasms,9,0,0
20058,"Primary central nervous system lymphoma, lymph nodes of multiple sites",DX,malignancy,Neoplasms,9,0,0
20060,"Anaplastic large cell lymphoma, unspecified site, extranodal and solid organ sites",DX,malignancy,Neoplasms,9,0,0
20061,"Anaplastic large cell lymphoma, lymph nodes of head, face, and neck",DX,malignancy,Neoplasms,9,0,0
20062,"Anaplastic large cell lymphoma, intrathoracic lymph nodes",DX,malignancy,Neoplasms,9,0,0
20063,"Anaplastic large cell lymphoma, intra-abdominal lymph nodes",DX,malignancy,Neoplasms,9,0,0
20064,"Anaplastic large cell lymphoma, lymph nodes of axilla and upper limb",DX,malignancy,Neoplasms,9,0,0
20065,"Anaplastic large cell lymphoma, lymph nodes of inguinal region and lower limb",DX,malignancy,Neoplasms,9,0,0
20066,"Anaplastic large cell lymphoma, intrapelvic lymph nodes",DX,malignancy,Neoplasms,9,0,0
20067,"Anaplastic large cell lymphoma, spleen",DX,malignancy,Neoplasms,9,0,0
20068,"Anaplastic large cell lymphoma, lymph nodes of multiple sites",DX,malignancy,Neoplasms,9,0,0
20070,"Large cell lymphoma, unspecified site, extranodal and solid organ sites",DX,malignancy,Neoplasms,9,0,0
20071,"Large cell lymphoma, lymph nodes of head, face, and neck",DX,malignancy,Neoplasms,9,0,0
20072,"Large cell lymphoma, intrathoracic lymph nodes",DX,malignancy,Neoplasms,9,0,0
20073,"Large cell lymphoma, intra-abdominal lymph nodes",DX,malignancy,Neoplasms,9,0,0
20074,"Large cell lymphoma, lymph nodes of axilla and upper limb",DX,malignancy,Neoplasms,9,0,0
20075,"Large cell lymphoma, lymph nodes of inguinal region and lower limb",DX,malignancy,Neoplasms,9,0,0
20076,"Large cell lymphoma, intrapelvic lymph nodes",DX,malignancy,Neoplasms,9,0,0
20077,"Large cell lymphoma, spleen",DX,malignancy,Neoplasms,9,0,0
20078,"Large cell lymphoma, lymph nodes of multiple sites",DX,malignancy,Neoplasms,9,0,0
20080,"Other named variants of lymphosarcoma and reticulosarcoma, unspecified site, extranodal and solid organ sites",DX,malignancy,Neoplasms,9,0,0
20081,"Other named variants of lymphosarcoma and reticulosarcoma, lymph nodes of head, face, and neck",DX,malignancy,Neoplasms,9,0,0
20082,"Other named variants of lymphosarcoma and reticulosarcoma,intrathoracic lymph nodes",DX,malignancy,Neoplasms,9,0,0
20083,"Other named variants of lymphosarcoma and reticulosarcoma, intra-abdominal lymph nodes",DX,malignancy,Neoplasms,9,0,0
20084,"Other named variants of lymphosarcoma and reticulosarcoma, lymph nodes of axilla and upper limb",DX,malignancy,Neoplasms,9,0,0
20085,"Other named variants of lymphosarcoma and reticulosarcoma, lymph nodes of inguinal region and lower limb",DX,malignancy,Neoplasms,9,0,0
20086,"Other named variants of lymphosarcoma and reticulosarcoma, intrapelvic lymph nodes",DX,malignancy,Neoplasms,9,0,0
20087,"Other named variants of lymphosarcoma and reticulosarcoma, spleen",DX,malignancy,Neoplasms,9,0,0
20088,"Other named variants of lymphosarcoma and reticulosarcoma, lymph nodes of multiple sites",DX,malignancy,Neoplasms,9,0,0
20100,"Hodgkin's paragranuloma, unspecified site, extranodal and solid organ sites",DX,malignancy,Neoplasms,9,0,0
20101,"Hodgkin's paragranuloma, lymph nodes of head, face, and neck",DX,malignancy,Neoplasms,9,0,0
20102,"Hodgkin's paragranuloma, intrathoracic lymph nodes",DX,malignancy,Neoplasms,9,0,0
20103,"Hodgkin's paragranuloma, intra-abdominal lymph nodes",DX,malignancy,Neoplasms,9,0,0
20104,"Hodgkin's paragranuloma, lymph nodes of axilla and upper limb",DX,malignancy,Neoplasms,9,0,0
20105,"Hodgkin's paragranuloma, lymph nodes of inguinal region and lower limb",DX,malignancy,Neoplasms,9,0,0
20106,"Hodgkin's paragranuloma, intrapelvic lymph nodes",DX,malignancy,Neoplasms,9,0,0
20107,"Hodgkin's paragranuloma, spleen",DX,malignancy,Neoplasms,9,0,0
20108,"Hodgkin's paragranuloma, lymph nodes of multiple sites",DX,malignancy,Neoplasms,9,0,0
20110,"Hodgkin's granuloma, unspecified site, extranodal and solid organ sites",DX,malignancy,Neoplasms,9,0,0
20111,"Hodgkin's granuloma, lymph nodes of head, face, and neck",DX,malignancy,Neoplasms,9,0,0
20112,"Hodgkin's granuloma, intrathoracic lymph nodes",DX,malignancy,Neoplasms,9,0,0
20113,"Hodgkin's granuloma, intra-abdominal lymph nodes",DX,malignancy,Neoplasms,9,0,0
20114,"Hodgkin's granuloma, lymph nodes of axilla and upper limb",DX,malignancy,Neoplasms,9,0,0
20115,"Hodgkin's granuloma, lymph nodes of inguinal region and lower limb",DX,malignancy,Neoplasms,9,0,0
20116,"Hodgkin's granuloma, intrapelvic lymph nodes",DX,malignancy,Neoplasms,9,0,0
20117,"Hodgkin's granuloma, spleen",DX,malignancy,Neoplasms,9,0,0
20118,"Hodgkin's granuloma, lymph nodes of multiple sites",DX,malignancy,Neoplasms,9,0,0
20120,"Hodgkin's sarcoma, unspecified site, extranodal and solid organ sites",DX,malignancy,Neoplasms,9,0,0
20121,"Hodgkin's sarcoma, lymph nodes of head, face, and neck",DX,malignancy,Neoplasms,9,0,0
20122,"Hodgkin's sarcoma, intrathoracic lymph nodes",DX,malignancy,Neoplasms,9,0,0
20123,"Hodgkin's sarcoma, intra-abdominal lymph nodes",DX,malignancy,Neoplasms,9,0,0
20124,"Hodgkin's sarcoma, lymph nodes of axilla and upper limb",DX,malignancy,Neoplasms,9,0,0
20125,"Hodgkin's sarcoma, lymph nodes of inguinal region and lower limb",DX,malignancy,Neoplasms,9,0,0
20126,"Hodgkin's sarcoma, intrapelvic lymph nodes",DX,malignancy,Neoplasms,9,0,0
20127,"Hodgkin's sarcoma, spleen",DX,malignancy,Neoplasms,9,0,0
20128,"Hodgkin's sarcoma, lymph nodes of multiple sites",DX,malignancy,Neoplasms,9,0,0
20140,"Hodgkin's disease, lymphocytic-histiocytic predominance, unspecified site, extranodal and solid organ sites",DX,malignancy,Neoplasms,9,0,0
20141,"Hodgkin's disease, lymphocytic-histiocytic predominance, lymph nodes of head, face, and neck",DX,malignancy,Neoplasms,9,0,0
20142,"Hodgkin's disease, lymphocytic-histiocytic predominance, intrathoracic lymph nodes",DX,malignancy,Neoplasms,9,0,0
20143,"Hodgkin's disease, lymphocytic-histiocytic predominance, intra-abdominal lymph nodes",DX,malignancy,Neoplasms,9,0,0
20144,"Hodgkin's disease, lymphocytic-histiocytic predominance, lymph nodes of axilla and upper limb",DX,malignancy,Neoplasms,9,0,0
20145,"Hodgkin's disease, lymphocytic-histiocytic predominance, lymph nodes of inguinal region and lower limb",DX,malignancy,Neoplasms,9,0,0
20146,"Hodgkin's disease, lymphocytic-histiocytic predominance, intrapelvic lymph nodes",DX,malignancy,Neoplasms,9,0,0
20147,"Hodgkin's disease, lymphocytic-histiocytic predominance, spleen",DX,malignancy,Neoplasms,9,0,0
20148,"Hodgkin's disease, lymphocytic-histiocytic predominance, lymph nodes of multiple sites",DX,malignancy,Neoplasms,9,0,0
20150,"Hodgkin's disease, nodular sclerosis, unspecified site, extranodal and solid organ sites",DX,malignancy,Neoplasms,9,0,0
20151,"Hodgkin's disease, nodular sclerosis, lymph nodes of head, face, and neck",DX,malignancy,Neoplasms,9,0,0
20152,"Hodgkin's disease, nodular sclerosis, intrathoracic lymph nodes",DX,malignancy,Neoplasms,9,0,0
20153,"Hodgkin's disease, nodular sclerosis, intra-abdominal lymph nodes",DX,malignancy,Neoplasms,9,0,0
20154,"Hodgkin's disease, nodular sclerosis, lymph nodes of axilla and upper limb",DX,malignancy,Neoplasms,9,0,0
20155,"Hodgkin's disease, nodular sclerosis, lymph nodes of inguinal region and lower limb",DX,malignancy,Neoplasms,9,0,0
20156,"Hodgkin's disease, nodular sclerosis, intrapelvic lymph nodes",DX,malignancy,Neoplasms,9,0,0
20157,"Hodgkin's disease, nodular sclerosis, lymph nodes of multiple sites",DX,malignancy,Neoplasms,9,0,0
20158,"Hodgkin's disease, nodular sclerosis, spleen",DX,malignancy,Neoplasms,9,0,0
20160,"Hodgkin's disease, mixed cellularity, unspecified site, extranodal and solid organ sites",DX,malignancy,Neoplasms,9,0,0
20161,"Hodgkin's disease, mixed cellularity, lymph nodes of head, face, and neck",DX,malignancy,Neoplasms,9,0,0
20162,"Hodgkin's disease, mixed cellularity, intrathoracic lymph nodes",DX,malignancy,Neoplasms,9,0,0
20163,"Hodgkin's disease, mixed cellularity, intra-abdominal lymph nodes",DX,malignancy,Neoplasms,9,0,0
20164,"Hodgkin's disease, mixed cellularity, lymph nodes of axilla and upper limb",DX,malignancy,Neoplasms,9,0,0
20165,"Hodgkin's disease, mixed cellularity, lymph nodes of inguinal region and lower limb",DX,malignancy,Neoplasms,9,0,0
20166,"Hodgkin's disease, mixed cellularity, intrapelvic lymph nodes",DX,malignancy,Neoplasms,9,0,0
20167,"Hodgkin's disease, mixed cellularity, spleen",DX,malignancy,Neoplasms,9,0,0
20168,"Hodgkin's disease, mixed cellularity, lymph nodes of multiple sites",DX,malignancy,Neoplasms,9,0,0
20170,"Hodgkin's disease, lymphocytic depletion, unspecified site, extranodal and solid organ sites",DX,malignancy,Neoplasms,9,0,0
20171,"Hodgkin's disease, lymphocytic depletion, lymph nodes of head, face, and neck",DX,malignancy,Neoplasms,9,0,0
20172,"Hodgkin's disease, lymphocytic depletion, intrathoracic lymph nodes",DX,malignancy,Neoplasms,9,0,0
20173,"Hodgkin's disease, lymphocytic depletion, intra-abdominal lymph nodes",DX,malignancy,Neoplasms,9,0,0
20174,"Hodgkin's disease, lymphocytic depletion, lymph nodes of axilla and upper limb",DX,malignancy,Neoplasms,9,0,0
20175,"Hodgkin's disease, lymphocytic depletion, lymph nodes of inguinal region and lower limb",DX,malignancy,Neoplasms,9,0,0
20176,"Hodgkin's disease, lymphocytic depletion, intrapelvic lymph nodes",DX,malignancy,Neoplasms,9,0,0
20177,"Hodgkin's disease, lymphocytic depletion, spleen",DX,malignancy,Neoplasms,9,0,0
20178,"Hodgkin's disease, lymphocytic depletion, lymph nodes of multiple sites",DX,malignancy,Neoplasms,9,0,0
20190,"Hodgkin's disease, unspecified type, unspecified site, extranodal and solid organ sites",DX,malignancy,Neoplasms,9,0,0
20191,"Hodgkin's disease, unspecified type, lymph nodes of head, face, and neck",DX,malignancy,Neoplasms,9,0,0
20192,"Hodgkin's disease, unspecified type, intrathoracic lymph nodes",DX,malignancy,Neoplasms,9,0,0
20193,"Hodgkin's disease, unspecified type, intra-abdominal lymph nodes",DX,malignancy,Neoplasms,9,0,0
20194,"Hodgkin's disease, unspecified type, lymph nodes of axilla and upper limb",DX,malignancy,Neoplasms,9,0,0
20195,"Hodgkin's disease, unspecified type, lymph nodes of inguinal region and lower limb",DX,malignancy,Neoplasms,9,0,0
20196,"Hodgkin's disease, unspecified type, intrapelvic lymph nodes",DX,malignancy,Neoplasms,9,0,0
20197,"Hodgkin's disease, unspecified type, spleen",DX,malignancy,Neoplasms,9,0,0
20198,"Hodgkin's disease, unspecified type, lymph nodes of multiple sites",DX,malignancy,Neoplasms,9,0,0
20200,"Nodular lymphoma, unspecified site, extranodal and solid organ sites",DX,malignancy,Neoplasms,9,0,0
20201,"Nodular lymphoma, lymph nodes of head, face, and neck",DX,malignancy,Neoplasms,9,0,0
20202,"Nodular lymphoma, intrathoracic lymph nodes",DX,malignancy,Neoplasms,9,0,0
20203,"Nodular lymphoma, intra-abdominal lymph nodes",DX,malignancy,Neoplasms,9,0,0
20204,"Nodular lymphoma, lymph nodes of axilla and upper limb",DX,malignancy,Neoplasms,9,0,0
20205,"Nodular lymphoma, lymph nodes of inguinal region and lower limb",DX,malignancy,Neoplasms,9,0,0
20206,"Nodular lymphoma, intrapelvic lymph nodes",DX,malignancy,Neoplasms,9,0,0
20207,"Nodular lymphoma, spleen",DX,malignancy,Neoplasms,9,0,0
20208,"Nodular lymphoma, lymph nodes of multiple sites",DX,malignancy,Neoplasms,9,0,0
20210,"Mycosis fungoides, unspecified site, extranodal and solid organ sites",DX,malignancy,Neoplasms,9,0,0
20211,"Mycosis fungoides, lymph nodes of head, face, and neck",DX,malignancy,Neoplasms,9,0,0
20212,"Mycosis fungoides, intrathoracic lymph nodes",DX,malignancy,Neoplasms,9,0,0
20213,"Mycosis fungoides, intra-abdominal lymph nodes",DX,malignancy,Neoplasms,9,0,0
20214,"Mycosis fungoides, lymph nodes of axilla and upper limb",DX,malignancy,Neoplasms,9,0,0
20215,"Mycosis fungoides, lymph nodes of inguinal region and lower limb",DX,malignancy,Neoplasms,9,0,0
20216,"Mycosis fungoides, intrapelvic lymph nodes",DX,malignancy,Neoplasms,9,0,0
20217,"Mycosis fungoides, spleen",DX,malignancy,Neoplasms,9,0,0
20218,"Mycosis fungoides, lymph nodes of multiple sites",DX,malignancy,Neoplasms,9,0,0
20220,"Sezary's disease, unspecified site, extranodal and solid organ sites",DX,malignancy,Neoplasms,9,0,0
20221,"Sezary's disease, lymph nodes of head, face, and neck",DX,malignancy,Neoplasms,9,0,0
20222,"Sezary's disease, intrathoracic lymph nodes",DX,malignancy,Neoplasms,9,0,0
20223,"Sezary's disease, intra-abdominal lymph nodes",DX,malignancy,Neoplasms,9,0,0
20224,"Sezary's disease, lymph nodes of axilla and upper limb",DX,malignancy,Neoplasms,9,0,0
20225,"Sezary's disease, lymph nodes of inguinal region and lower limb",DX,malignancy,Neoplasms,9,0,0
20226,"Sezary's disease, intrapelvic lymph nodes",DX,malignancy,Neoplasms,9,0,0
20227,"Sezary's disease, spleen",DX,malignancy,Neoplasms,9,0,0
20228,"Sezary's disease, lymph nodes of multiple sites",DX,malignancy,Neoplasms,9,0,0
20230,"Malignant histiocytosis, unspecified site, extranodal and solid organ sites",DX,malignancy,Neoplasms,9,0,0
20231,"Malignant histiocytosis, lymph nodes of head, face, and neck",DX,malignancy,Neoplasms,9,0,0
20232,"Malignant histiocytosis, intrathoracic lymph nodes",DX,malignancy,Neoplasms,9,0,0
20233,"Malignant histiocytosis, intra-abdominal lymph nodes",DX,malignancy,Neoplasms,9,0,0
20234,"Malignant histiocytosis, lymph nodes of axilla and upper limb",DX,malignancy,Neoplasms,9,0,0
20235,"Malignant histiocytosis, lymph nodes of inguinal region and lower limb",DX,malignancy,Neoplasms,9,0,0
20236,"Malignant histiocytosis, intrapelvic lymph nodes",DX,malignancy,Neoplasms,9,0,0
20237,"Malignant histiocytosis, spleen",DX,malignancy,Neoplasms,9,0,0
20238,"Malignant histiocytosis, lymph nodes of multiple sites",DX,malignancy,Neoplasms,9,0,0
20240,"Leukemic reticuloendotheliosis, unspecified site, extranodal and solid organ sites",DX,malignancy,Neoplasms,9,0,0
20241,"Leukemic reticuloendotheliosis, lymph nodes of head, face, and neck",DX,malignancy,Neoplasms,9,0,0
20242,"Leukemic reticuloendotheliosis, intrathoracic lymph nodes",DX,malignancy,Neoplasms,9,0,0
20243,"Leukemic reticuloendotheliosis, intra-abdominal lymph nodes",DX,malignancy,Neoplasms,9,0,0
20244,"Leukemic reticuloendotheliosis, lymph nodes of axilla and upper arm",DX,malignancy,Neoplasms,9,0,0
20245,"Leukemic reticuloendotheliosis, lymph nodes of inguinal region and lower limb",DX,malignancy,Neoplasms,9,0,0
20246,"Leukemic reticuloendotheliosis, intrapelvic lymph nodes",DX,malignancy,Neoplasms,9,0,0
20247,"Leukemic reticuloendotheliosis, spleen",DX,malignancy,Neoplasms,9,0,0
20248,"Leukemic reticuloendotheliosis, lymph nodes of multiple sites",DX,malignancy,Neoplasms,9,0,0
20250,"Letterer-siwe disease, unspecified site, extranodal and solid organ sites",DX,malignancy,Neoplasms,9,0,0
20251,"Letterer-siwe disease, lymph nodes of head, face, and neck",DX,malignancy,Neoplasms,9,0,0
20252,"Letterer-siwe disease, intrathoracic lymph nodes",DX,malignancy,Neoplasms,9,0,0
20253,"Letterer-siwe disease, intra-abdominal lymph nodes",DX,malignancy,Neoplasms,9,0,0
20254,"Letterer-siwe disease, lymph nodes of axilla and upper limb",DX,malignancy,Neoplasms,9,0,0
20256,"Letterer-siwe disease, intrapelvic lymph nodes",DX,malignancy,Neoplasms,9,0,0
20257,"Letterer-siwe disease, spleen",DX,malignancy,Neoplasms,9,0,0
20258,"Letterer-siwe disease, lymph nodes of multiple sites",DX,malignancy,Neoplasms,9,0,0
20260,"Malignant mast cell tumors, unspecified site, extranodal and solid organ sites",DX,malignancy,Neoplasms,9,0,0
20261,"Malignant mast cell tumors, lymph nodes of head, face, and neck",DX,malignancy,Neoplasms,9,0,0
20262,"Malignant mast cell tumors, intrathoracic lymph nodes",DX,malignancy,Neoplasms,9,0,0
20263,"Malignant mast cell tumors, intra-abdominal lymph nodes",DX,malignancy,Neoplasms,9,0,0
20264,"Malignant mast cell tumors, lymph nodes of axilla and upper limb",DX,malignancy,Neoplasms,9,0,0
20265,"Malignant mast cell tumors, lymph nodes of inguinal region and lower limb",DX,malignancy,Neoplasms,9,0,0
20266,"Malignant mast cell tumors, intrapelvic lymph nodes",DX,malignancy,Neoplasms,9,0,0
20267,"Malignant mast cell tumors, spleen",DX,malignancy,Neoplasms,9,0,0
20268,"Malignant mast cell tumors, lymph nodes of multiple sites",DX,malignancy,Neoplasms,9,0,0
20270,"Peripheral T cell lymphoma, unspecified site, extranodal and solid organ sites",DX,malignancy,Neoplasms,9,0,0
20271,"Peripheral T cell lymphoma, lymph nodes of head, face, and neck",DX,malignancy,Neoplasms,9,0,0
20272,"Peripheral T cell lymphoma, intrathoracic lymph nodes",DX,malignancy,Neoplasms,9,0,0
20273,"Peripheral T cell lymphoma, intra-abdominal lymph nodes",DX,malignancy,Neoplasms,9,0,0
20274,"Peripheral T cell lymphoma, lymph nodes of axilla and upper limb",DX,malignancy,Neoplasms,9,0,0
20275,"Peripheral T cell lymphoma, lymph nodes of inguinal region and lower limb",DX,malignancy,Neoplasms,9,0,0
20276,"Peripheral T cell lymphoma, intrapelvic lymph nodes",DX,malignancy,Neoplasms,9,0,0
20277,"Peripheral T cell lymphoma, spleen",DX,malignancy,Neoplasms,9,0,0
20278,"Peripheral T cell lymphoma, lymph nodes of multiple sites",DX,malignancy,Neoplasms,9,0,0
20280,"Other malignant lymphomas, unspecified site, extranodal and solid organ sites",DX,malignancy,Neoplasms,9,0,0
20281,"Other malignant lymphomas, lymph nodes of head, face, and neck",DX,malignancy,Neoplasms,9,0,0
20282,"Other malignant lymphomas, intrathoracic lymph nodes",DX,malignancy,Neoplasms,9,0,0
20283,"Other malignant lymphomas, intra-abdominal lymph nodes",DX,malignancy,Neoplasms,9,0,0
20284,"Other malignant lymphomas, lymph nodes of axilla and upper limb",DX,malignancy,Neoplasms,9,0,0
20285,"Other malignant lymphomas, lymph nodes of inguinal region and lower limb",DX,malignancy,Neoplasms,9,0,0
20286,"Other malignant lymphomas, intrapelvic lymph nodes",DX,malignancy,Neoplasms,9,0,0
20287,"Other malignant lymphomas, spleen",DX,malignancy,Neoplasms,9,0,0
20288,"Other malignant lymphomas, lymph nodes of multiple sites",DX,malignancy,Neoplasms,9,0,0
20290,"Other and unspecified malignant neoplasms of lymphoid and histiocytic tissue, unspecified site, extranodal and solid organ sites",DX,malignancy,Neoplasms,9,0,0
20291,"Other and unspecified malignant neoplasms of lymphoid and histiocytic tissue, lymph nodes of head, face, and neck",DX,malignancy,Neoplasms,9,0,0
20292,"Other and unspecified malignant neoplasms of lymphoid and histiocytic tissue, intrathoracic lymph nodes",DX,malignancy,Neoplasms,9,0,0
20293,"Other and unspecified malignant neoplasms of lymphoid and histiocytic tissue, intra-abdominal lymph nodes",DX,malignancy,Neoplasms,9,0,0
20294,"Other and unspecified malignant neoplasms of lymphoid and histiocytic tissue, lymph nodes of axilla and upper limb",DX,malignancy,Neoplasms,9,0,0
20295,"Other and unspecified malignant neoplasms of lymphoid and histiocytic tissue, lymph nodes of inguinal region and lower limb",DX,malignancy,Neoplasms,9,0,0
20296,"Other and unspecified malignant neoplasms of lymphoid and histiocytic tissue, intrapelvic lymph nodes",DX,malignancy,Neoplasms,9,0,0
20297,"Other and unspecified malignant neoplasms of lymphoid and histiocytic tissue, spleen",DX,malignancy,Neoplasms,9,0,0
20298,"Other and unspecified malignant neoplasms of lymphoid and histiocytic tissue, lymph nodes of multiple sites",DX,malignancy,Neoplasms,9,0,0
20300,"Multiple myeloma, without mention of having achieved remission",DX,malignancy,Neoplasms,9,0,0
20301,"Multiple myeloma, in remission",DX,malignancy,Neoplasms,9,0,0
20302,"Multiple myeloma, in relapse",DX,malignancy,Neoplasms,9,0,0
20310,"Plasma cell leukemia, without mention of having achieved remission",DX,malignancy,Neoplasms,9,0,0
20311,"Plasma cell leukemia, in remission",DX,malignancy,Neoplasms,9,0,0
20312,"Plasma cell leukemia, in relapse",DX,malignancy,Neoplasms,9,0,0
20380,"Other immunoproliferative neoplasms, without mention of having achieved remission",DX,malignancy,Neoplasms,9,0,0
20381,"Other immunoproliferative neoplasms, in remission",DX,malignancy,Neoplasms,9,0,0
20382,"Other immunoproliferative neoplasms, in relapse",DX,malignancy,Neoplasms,9,0,0
20400,"Acute lymphoid leukemia, without mention of having achieved remission",DX,malignancy,Neoplasms,9,0,0
20401,"Acute lymphoid leukemia, in remission",DX,malignancy,Neoplasms,9,0,0
20402,"Acute lymphoid leukemia, in relapse",DX,malignancy,Neoplasms,9,0,0
20410,"Chronic lymphoid leukemia, without mention of having achieved remission",DX,malignancy,Neoplasms,9,0,0
20411,"Chronic lymphoid leukemia, in remission",DX,malignancy,Neoplasms,9,0,0
20412,"Chronic lymphoid leukemia, in relapse",DX,malignancy,Neoplasms,9,0,0
20420,"Subacute lymphoid leukemia, without mention of having achieved remission",DX,malignancy,Neoplasms,9,0,0
20421,"Subacute lymphoid leukemia, in remission",DX,malignancy,Neoplasms,9,0,0
20422,"Subacute lymphoid leukemia, in relapse",DX,malignancy,Neoplasms,9,0,0
20480,"Other lymphoid leukemia, without mention of having achieved remission",DX,malignancy,Neoplasms,9,0,0
20481,"Other lymphoid leukemia, in remission",DX,malignancy,Neoplasms,9,0,0
20482,"Other lymphoid leukemia, in relapse",DX,malignancy,Neoplasms,9,0,0
20490,"Unspecified lymphoid leukemia, without mention of having achieved remission",DX,malignancy,Neoplasms,9,0,0
20491,"Unspecified lymphoid leukemia, in remission",DX,malignancy,Neoplasms,9,0,0
20492,"Unspecified lymphoid leukemia, in relapse",DX,malignancy,Neoplasms,9,0,0
20500,"Acute myeloid leukemia, without mention of having achieved remission",DX,malignancy,Neoplasms,9,0,0
20501,"Acute myeloid leukemia, in remission",DX,malignancy,Neoplasms,9,0,0
20502,"Acute myeloid leukemia, in relapse",DX,malignancy,Neoplasms,9,0,0
20510,"Chronic myeloid leukemia, without mention of having achieved remission",DX,malignancy,Neoplasms,9,0,0
20511,"Chronic myeloid leukemia, in remission",DX,malignancy,Neoplasms,9,0,0
20512,"Chronic myeloid leukemia, in relapse",DX,malignancy,Neoplasms,9,0,0
20520,"Subacute myeloid leukemia, without mention of having achieved remission",DX,malignancy,Neoplasms,9,0,0
20521,"Subacute myeloid leukemia,in remission",DX,malignancy,Neoplasms,9,0,0
20522,"Subacute myeloid leukemia, in relapse",DX,malignancy,Neoplasms,9,0,0
20530,"Myeloid sarcoma, without mention of having achieved remission",DX,malignancy,Neoplasms,9,0,0
20531,"Myeloid sarcoma, in remission",DX,malignancy,Neoplasms,9,0,0
20532,"Myeloid sarcoma, in relapse",DX,malignancy,Neoplasms,9,0,0
20555,"Letterer-siwe disease, lymph nodes of inguinal region and lower limb",DX,malignancy,Neoplasms,9,0,0
20580,"Other myeloid leukemia, without mention of having achieved remission",DX,malignancy,Neoplasms,9,0,0
20581,"Other myeloid leukemia, in remission",DX,malignancy,Neoplasms,9,0,0
20582,"Other myeloid leukemia, in relapse",DX,malignancy,Neoplasms,9,0,0
20590,"Unspecified myeloid leukemia, without mention of having achieved remission",DX,malignancy,Neoplasms,9,0,0
20591,"Unspecified myeloid leukemia, in remission",DX,malignancy,Neoplasms,9,0,0
20592,"Unspecified myeloid leukemia, in relapse",DX,malignancy,Neoplasms,9,0,0
20600,"Acute monocytic leukemia, without mention of having achieved remission",DX,malignancy,Neoplasms,9,0,0
20601,"Acute monocytic leukemia,in remission",DX,malignancy,Neoplasms,9,0,0
20602,"Acute monocytic leukemia, in relapse",DX,malignancy,Neoplasms,9,0,0
20610,"Chronic monocytic leukemia, without mention of having achieved remission",DX,malignancy,Neoplasms,9,0,0
20611,"Chronic monocytic leukemia, in remission",DX,malignancy,Neoplasms,9,0,0
20612,"Chronic monocytic leukemia, in relapse",DX,malignancy,Neoplasms,9,0,0
20620,"Subacute monocytic leukemia, without mention of having achieved remission",DX,malignancy,Neoplasms,9,0,0
20621,"Subacute monocytic leukemia, in remission",DX,malignancy,Neoplasms,9,0,0
20622,"Subacute monocytic leukemia, in relapse",DX,malignancy,Neoplasms,9,0,0
20680,"Other monocytic leukemia, without mention of having achieved remission",DX,malignancy,Neoplasms,9,0,0
20681,"Other monocytic leukemia, in remission",DX,malignancy,Neoplasms,9,0,0
20682,"Other monocytic leukemia, in relapse",DX,malignancy,Neoplasms,9,0,0
20690,"Unspecified monocytic leukemia, without mention of having achieved remission",DX,malignancy,Neoplasms,9,0,0
20691,"Unspecified monocytic leukemia, in remission",DX,malignancy,Neoplasms,9,0,0
20692,"Unspecified monocytic leukemia, in relapse",DX,malignancy,Neoplasms,9,0,0
20700,"Acute erythremia and erythroleukemia, without mention of having achieved remission",DX,malignancy,Neoplasms,9,0,0
20701,"Acute erythremia and erythroleukemia, in remission",DX,malignancy,Neoplasms,9,0,0
20702,"Acute erythremia and erythroleukemia, in relapse",DX,malignancy,Neoplasms,9,0,0
20710,"Chronic erythremia, without mention of having achieved remission",DX,malignancy,Neoplasms,9,0,0
20711,"Chronic erythremia, in remission",DX,malignancy,Neoplasms,9,0,0
20712,"Chronic erythremia, in relapse",DX,malignancy,Neoplasms,9,0,0
20720,"Megakaryocytic leukemia, without mention of having achieved remission",DX,malignancy,Neoplasms,9,0,0
20721,"Megakaryocytic leukemia, in remission",DX,malignancy,Neoplasms,9,0,0
20722,"Megakaryocytic leukemia, in relapse",DX,malignancy,Neoplasms,9,0,0
20780,"Other specified leukemia, without mention of having achieved remission",DX,malignancy,Neoplasms,9,0,0
20781,"Other specified leukemia, in remission",DX,malignancy,Neoplasms,9,0,0
20782,"Other specified leukemia, in relapse",DX,malignancy,Neoplasms,9,0,0
20800,"Acute leukemia of unspecified cell type, without mention of having achieved remission",DX,malignancy,Neoplasms,9,0,0
20801,"Acute leukemia of unspecified cell type, in remission",DX,malignancy,Neoplasms,9,0,0
20802,"Acute leukemia of unspecified cell type, in relapse",DX,malignancy,Neoplasms,9,0,0
20810,"Chronic leukemia of unspecified cell type, without mention of having achieved remission",DX,malignancy,Neoplasms,9,0,0
20811,"Chronic leukemia of unspecified cell type, in remission",DX,malignancy,Neoplasms,9,0,0
20812,"Chronic leukemia of unspecified cell type, in relapse",DX,malignancy,Neoplasms,9,0,0
20820,"Subacute leukemia of unspecified cell type, without mention of having achieved remission",DX,malignancy,Neoplasms,9,0,0
20821,"Subacute leukemia of unspecified cell type, in remission",DX,malignancy,Neoplasms,9,0,0
20822,"Subacute leukemia of unspecified cell type, in relapse",DX,malignancy,Neoplasms,9,0,0
20880,"Other leukemia of unspecified cell type, without mention of having achieved remission",DX,malignancy,Neoplasms,9,0,0
20881,"Other leukemia of unspecified cell type, in remission",DX,malignancy,Neoplasms,9,0,0
20882,"Other leukemia of unspecified cell type, in relapse",DX,malignancy,Neoplasms,9,0,0
20890,"Unspecified leukemia, without mention of having achieved remission",DX,malignancy,Neoplasms,9,0,0
20891,"Unspecified leukemia, in remission",DX,malignancy,Neoplasms,9,0,0
20892,"Unspecified leukemia, in relapse",DX,malignancy,Neoplasms,9,0,0
20900,"Malignant carcinoid tumor of the small intestine, unspecified portion",DX,malignancy,Neoplasms,9,0,0
20901,Malignant carcinoid tumor of the duodenum,DX,malignancy,Neoplasms,9,0,0
20902,Malignant carcinoid tumor of the jejunum,DX,malignancy,Neoplasms,9,0,0
20903,Malignant carcinoid tumor of the ileum,DX,malignancy,Neoplasms,9,0,0
20910,"Malignant carcinoid tumor of the large intestine, unspecified portion",DX,malignancy,Neoplasms,9,0,0
20911,Malignant carcinoid tumor of the appendix,DX,malignancy,Neoplasms,9,0,0
20912,Malignant carcinoid tumor of the cecum,DX,malignancy,Neoplasms,9,0,0
20913,Malignant carcinoid tumor of the ascending colon,DX,malignancy,Neoplasms,9,0,0
20914,Malignant carcinoid tumor of the transverse colon,DX,malignancy,Neoplasms,9,0,0
20915,Malignant carcinoid tumor of the descending colon,DX,malignancy,Neoplasms,9,0,0
20916,Malignant carcinoid tumor of the sigmoid colon,DX,malignancy,Neoplasms,9,0,0
20917,Malignant carcinoid tumor of the rectum,DX,malignancy,Neoplasms,9,0,0
20920,Malignant carcinoid tumor of unknown primary site,DX,malignancy,Neoplasms,9,0,0
20921,Malignant carcinoid tumor of the bronchus and lung,DX,malignancy,Neoplasms,9,0,0
20922,Malignant carcinoid tumor of the thymus,DX,malignancy,Neoplasms,9,0,0
20923,Malignant carcinoid tumor of the stomach,DX,malignancy,Neoplasms,9,0,0
20924,Malignant carcinoid tumor of the kidney,DX,malignancy,Neoplasms,9,0,0
20925,"Malignant carcinoid tumor of foregut, not otherwise specified",DX,malignancy,Neoplasms,9,0,0
20926,"Malignant carcinoid tumor of midgut, not otherwise specified",DX,malignancy,Neoplasms,9,0,0
20927,"Malignant carcinoid tumor of hindgut, not otherwise specified",DX,malignancy,Neoplasms,9,0,0
20929,Malignant carcinoid tumor of other sites,DX,malignancy,Neoplasms,9,0,0
20930,"Malignant poorly differentiated neuroendocrine carcinoma, any site",DX,malignancy,Neoplasms,9,0,0
20931,Merkel cell carcinoma of the face,DX,malignancy,Neoplasms,9,0,0
20932,Merkel cell carcinoma of the scalp and neck,DX,malignancy,Neoplasms,9,0,0
20933,Merkel cell carcinoma of the upper limb,DX,malignancy,Neoplasms,9,0,0
20934,Merkel cell carcinoma of the lower limb,DX,malignancy,Neoplasms,9,0,0
20935,Merkel cell carcinoma of the trunk,DX,malignancy,Neoplasms,9,0,0
20936,Merkel cell carcinoma of other sites,DX,malignancy,Neoplasms,9,0,0
20940,"Benign carcinoid tumor of the small intestine, unspecified portion",DX,malignancy,Neoplasms,9,0,0
20941,Benign carcinoid tumor of the duodenum,DX,malignancy,Neoplasms,9,0,0
20942,Benign carcinoid tumor of the jejunum,DX,malignancy,Neoplasms,9,0,0
20943,Benign carcinoid tumor of the ileum,DX,malignancy,Neoplasms,9,0,0
20950,"Benign carcinoid tumor of the large intestine, unspecified portion",DX,malignancy,Neoplasms,9,0,0
20951,Benign carcinoid tumor of the appendix,DX,malignancy,Neoplasms,9,0,0
20952,Benign carcinoid tumor of the cecum,DX,malignancy,Neoplasms,9,0,0
20953,Benign carcinoid tumor of the ascending colon,DX,malignancy,Neoplasms,9,0,0
20954,Benign carcinoid tumor of the transverse colon,DX,malignancy,Neoplasms,9,0,0
20955,Benign carcinoid tumor of the descending colon,DX,malignancy,Neoplasms,9,0,0
20956,Benign carcinoid tumor of the sigmoid colon,DX,malignancy,Neoplasms,9,0,0
20957,Benign carcinoid tumor of the rectum,DX,malignancy,Neoplasms,9,0,0
20960,Benign carcinoid tumor of unknown primary site,DX,malignancy,Neoplasms,9,0,0
20961,Benign carcinoid tumor of the bronchus and lung,DX,malignancy,Neoplasms,9,0,0
20962,Benign carcinoid tumor of the thymus,DX,malignancy,Neoplasms,9,0,0
20963,Benign carcinoid tumor of the stomach,DX,malignancy,Neoplasms,9,0,0
20964,Benign carcinoid tumor of the kidney,DX,malignancy,Neoplasms,9,0,0
20965,"Benign carcinoid tumor of foregut, not otherwise specified",DX,malignancy,Neoplasms,9,0,0
20966,"Benign carcinoid tumor of midgut, not otherwise specified",DX,malignancy,Neoplasms,9,0,0
20967,"Benign carcinoid tumor of hindgut, not otherwise specified",DX,malignancy,Neoplasms,9,0,0
20969,Benign carcinoid tumor of other sites,DX,malignancy,Neoplasms,9,0,0
20970,"Secondary neuroendocrine tumor, unspecified site",DX,malignancy,Neoplasms,9,0,0
20971,Secondary neuroendocrine tumor of distant lymph nodes,DX,malignancy,Neoplasms,9,0,0
20972,Secondary neuroendocrine tumor of liver,DX,malignancy,Neoplasms,9,0,0
20973,Secondary neuroendocrine tumor of bone,DX,malignancy,Neoplasms,9,0,0
20974,Secondary neuroendocrine tumor of peritoneum,DX,malignancy,Neoplasms,9,0,0
20975,Secondary Merkel cell carcinoma,DX,malignancy,Neoplasms,9,0,0
20979,Secondary neuroendocrine tumor of other sites,DX,malignancy,Neoplasms,9,0,0
23330,"Carcinoma in situ, unspecified female genital organ",DX,malignancy,Neoplasms,9,0,0
23331,"Carcinoma in situ, vagina",DX,malignancy,Neoplasms,9,0,0
23332,"Carcinoma in situ, vulva",DX,malignancy,Neoplasms,9,0,0
23339,"Carcinoma in situ, other female genital organ",DX,malignancy,Neoplasms,9,0,0
23690,"Neoplasm of uncertain behavior of urinary organ, unspecified",DX,malignancy,Neoplasms,9,0,0
23691,Neoplasm of uncertain behavior of kidney and ureter,DX,malignancy,Neoplasms,9,0,0
23699,Neoplasm of uncertain behavior of other and unspecified urinary organs,DX,malignancy,Neoplasms,9,0,0
23770,"Neurofibromatosis, unspecified",DX,malignancy,Neoplasms,9,0,0
23771,"Neurofibromatosis, type 1 [von recklinghausen's disease]",DX,malignancy,Neoplasms,9,0,0
23772,"Neurofibromatosis, type 2 [acoustic neurofibromatosis]",DX,malignancy,Neoplasms,9,0,0
23773,Schwannomatosis,DX,malignancy,Neoplasms,9,0,0
23779,Other neurofibromatosis,DX,malignancy,Neoplasms,9,0,0
23871,Essential thrombocythemia,DX,malignancy,Neoplasms,9,0,0
23872,Low grade myelodysplastic syndrome lesions,DX,malignancy,Neoplasms,9,0,0
23873,High grade myelodysplastic syndrome lesions,DX,malignancy,Neoplasms,9,0,0
23874,Myelodysplastic syndrome with 5q deletion,DX,malignancy,Neoplasms,9,0,0
23875,"Myelodysplastic syndrome, unspecified",DX,malignancy,Neoplasms,9,0,0
23876,Myelofibrosis with myeloid metaplasia,DX,malignancy,Neoplasms,9,0,0
23877,Post-transplant lymphoproliferative disorder (PTLD),DX,malignancy,Neoplasms,9,0,0
23879,Other lymphatic and hematopoietic tissues,DX,malignancy,Neoplasms,9,0,0
23981,"Neoplasms of unspecified nature, retina and choroid",DX,malignancy,Neoplasms,9,0,0
23989,"Neoplasms of unspecified nature, other specified sites",DX,malignancy,Neoplasms,9,0,0
25513,Bartter's syndrome,DX,metabolic,Endocrine disorders,9,0,0
27501,Hereditary hemochromatosis,DX,metabolic,Other metabolic disorders,9,0,0
27502,Hemochromatosis due to repeated red blood cell transfusions,DX,metabolic,Other metabolic disorders,9,0,0
27503,Other hemochromatosis,DX,metabolic,Other metabolic disorders,9,0,0
27509,Other disorders of iron metabolism,DX,metabolic,Other metabolic disorders,9,0,0
27700,Cystic fibrosis without mention of meconium ileus,DX,respiratory,Cystic fibrosis,9,0,0
27701,Cystic fibrosis with meconium ileus,DX,respiratory,Cystic fibrosis,9,0,0
27702,Cystic fibrosis with pulmonary manifestations,DX,respiratory,Cystic fibrosis,9,0,0
27703,Cystic fibrosis with gastrointestinal manifestations,DX,respiratory,Cystic fibrosis,9,0,0
27709,Cystic fibrosis with other manifestations,DX,respiratory,Cystic fibrosis,9,0,0
27730,"Amyloidosis, unspecified",DX,metabolic,Storage disorders,9,0,0
27731,Familial Mediterranean fever,DX,metabolic,Storage disorders,9,0,0
27739,Other amyloidosis,DX,metabolic,Storage disorders,9,0,0
27781,Primary carnitine deficiency,DX,metabolic,Other metabolic disorders,9,0,0
27782,Carnitine deficiency due to inborn errors of metabolism,DX,metabolic,Other metabolic disorders,9,0,0
27783,Iatrogenic carnitine deficiency,DX,metabolic,Other metabolic disorders,9,0,0
27784,Other secondary carnitine deficiency,DX,metabolic,Other metabolic disorders,9,0,0
27785,Disorders of fatty acid oxidation,DX,metabolic,Other metabolic disorders,9,0,0
27786,Peroxisomal disorders,DX,metabolic,Other metabolic disorders,9,0,0
27787,Disorders of mitochondrial metabolism,DX,metabolic,Other metabolic disorders,9,0,0
27788,Tumor lysis syndrome,DX,metabolic,Other metabolic disorders,9,0,0
27789,Other specified disorders of metabolism,DX,metabolic,Other metabolic disorders,9,0,0
27900,"Hypogammaglobulinemia, unspecified",DX,hemato_immu,Hereditary immunodeficiency,9,0,0
27901,Selective IgA immunodeficiency,DX,hemato_immu,Hereditary immunodeficiency,9,0,0
27902,Selective IgM immunodeficiency,DX,hemato_immu,Hereditary immunodeficiency,9,0,0
27903,Other selective immunoglobulin deficiencies,DX,hemato_immu,Hereditary immunodeficiency,9,0,0
27904,Congenital hypogammaglobulinemia,DX,hemato_immu,Hereditary immunodeficiency,9,0,0
27905,Immunodeficiency with increased IgM,DX,hemato_immu,Hereditary immunodeficiency,9,0,0
27906,Common variable immunodeficiency,DX,hemato_immu,Hereditary immunodeficiency,9,0,0
27909,Other deficiency of humoral immunity,DX,hemato_immu,Hereditary immunodeficiency,9,0,0
27910,"Immunodeficiency with predominant T-cell defect, unspecified",DX,hemato_immu,Hereditary immunodeficiency,9,0,0
27911,DiGeorge's syndrome,DX,hemato_immu,Hereditary immunodeficiency,9,0,0
27912,Wiskott-Aldrich syndrome,DX,hemato_immu,Hereditary immunodeficiency,9,0,0
27913,Nezelof's syndrome,DX,hemato_immu,Hereditary immunodeficiency,9,0,0
27919,Other deficiency of cell-mediated immunity,DX,hemato_immu,Hereditary immunodeficiency,9,0,0
27941,Autoimmune lymphoproliferative syndrome,DX,hemato_immu,Hereditary immunodeficiency,9,0,0
27949,"Autoimmune disease, not elsewhere classified",DX,hemato_immu,Hereditary immunodeficiency,9,0,0
27950,"Graft-versus-host disease, unspecified",DX,hemato_immu,Hereditary immunodeficiency,9,0,0
27951,Acute graft-versus-host disease,DX,hemato_immu,Hereditary immunodeficiency,9,0,0
27952,Chronic graft-versus-host disease,DX,hemato_immu,Hereditary immunodeficiency,9,0,0
27953,Acute on chronic graft-versus-host disease,DX,hemato_immu,Hereditary immunodeficiency,9,0,0
28240,"Thalassemia, unspecified",DX,hemato_immu,Hereditary anemias,9,0,0
28241,Sickle-cell thalassemia without crisis,DX,hemato_immu,Hereditary anemias,9,0,0
28242,Sickle-cell thalassemia with crisis,DX,hemato_immu,Hereditary anemias,9,0,0
28243,Alpha thalassemia,DX,hemato_immu,Hereditary anemias,9,0,0
28244,Beta thalassemia,DX,hemato_immu,Hereditary anemias,9,0,0
28245,Delta-beta thalassemia,DX,hemato_immu,Hereditary anemias,9,0,0
28246,Thalassemia minor,DX,hemato_immu,Hereditary anemias,9,0,0
28247,Hemoglobin E-beta thalassemia,DX,hemato_immu,Hereditary anemias,9,0,0
28249,Other thalassemia,DX,hemato_immu,Hereditary anemias,9,0,0
28260,"Sickle-cell disease, unspecified",DX,hemato_immu,Hereditary anemias,9,0,0
28261,Hb-SS disease without crisis,DX,hemato_immu,Hereditary anemias,9,0,0
28262,Hb-SS disease with crisis,DX,hemato_immu,Hereditary anemias,9,0,0
28263,Sickle-cell/Hb-C disease without crisis,DX,hemato_immu,Hereditary anemias,9,0,0
28264,Sickle-cell/Hb-C disease with crisis,DX,hemato_immu,Hereditary anemias,9,0,0
28268,Other sickle-cell disease without crisis,DX,hemato_immu,Hereditary anemias,9,0,0
28269,Other sickle-cell disease with crisis,DX,hemato_immu,Hereditary anemias,9,0,0
28401,Constitutional red blood cell aplasia,DX,hemato_immu,Aplastic anemias,9,0,0
28409,Other constitutional aplastic anemia,DX,hemato_immu,Aplastic anemias,9,0,0
28411,Antineoplastic chemotherapy induced pancytopenia,DX,hemato_immu,Aplastic anemias,9,0,0
28412,Other drug-induced pancytopenia,DX,hemato_immu,Aplastic anemias,9,0,0
28419,Other pancytopenia,DX,hemato_immu,Aplastic anemias,9,0,0
28481,Red cell aplasia (acquired)(adult)(with thymoma),DX,hemato_immu,Aplastic anemias,9,0,0
28489,Other specified aplastic anemias,DX,hemato_immu,Aplastic anemias,9,0,0
28732,Evans' syndrome,DX,hemato_immu,Coagulation/hemorrhagic,9,0,0
28733,Congenital and hereditary thrombocytopenic purpura,DX,hemato_immu,Coagulation/hemorrhagic,9,0,0
28739,Other primary thrombocytopenia,DX,hemato_immu,Coagulation/hemorrhagic,9,0,0
28801,Congenital neutropenia,DX,hemato_immu,Leukopenia,9,0,0
28802,Cyclic neutropenia,DX,hemato_immu,Leukopenia,9,0,0
32725,Congenital central alveolar hypoventilation syndrome,DX,respiratory,Chronic respiratory diseases,9,0,0
33111,Pick's disease,DX,neuromusc,CNS Degeneration and diseases,9,0,0
33119,Other frontotemporal dementia,DX,neuromusc,CNS Degeneration and diseases,9,0,0
33181,Reye's syndrome,DX,neuromusc,CNS Degeneration and diseases,9,0,0
33182,Dementia with Lewy bodies,DX,neuromusc,CNS Degeneration and diseases,9,0,0
33183,"Mild cognitive impairment, so stated",DX,neuromusc,CNS Degeneration and diseases,9,0,0
33189,Other cerebral degeneration,DX,neuromusc,CNS Degeneration and diseases,9,0,0
33371,Athetoid cerebral palsy,DX,neuromusc,Movement diseases,9,0,0
33372,Acute dystonia due to drugs,DX,neuromusc,Movement diseases,9,0,0
33379,Other acquired torsion dystonia,DX,neuromusc,Movement diseases,9,0,0
33390,Unspecified extrapyramidal disease and abnormal movement disorder,DX,neuromusc,Movement diseases,9,0,0
33391,Stiff-man syndrome,DX,neuromusc,Movement diseases,9,0,0
33392,Neuroleptic malignant syndrome,DX,neuromusc,Movement diseases,9,0,0
33393,Benign shuddering attacks,DX,neuromusc,Movement diseases,9,0,0
33394,Restless legs syndrome (RLS),DX,neuromusc,Movement diseases,9,0,0
33399,Other extrapyramidal diseases and abnormal movement disorders,DX,neuromusc,Movement diseases,9,0,0
33510,"Spinal muscular atrophy, unspecified",DX,neuromusc,CNS Degeneration and diseases,9,0,0
33511,Kugelberg-Welander disease,DX,neuromusc,CNS Degeneration and diseases,9,0,0
33519,Other spinal muscular atrophy,DX,neuromusc,CNS Degeneration and diseases,9,0,0
33520,Amyotrophic lateral sclerosis,DX,neuromusc,CNS Degeneration and diseases,9,0,0
33521,Progressive muscular atrophy,DX,neuromusc,CNS Degeneration and diseases,9,0,0
33522,Progressive bulbar palsy,DX,neuromusc,CNS Degeneration and diseases,9,0,0
33523,Pseudobulbar palsy,DX,neuromusc,CNS Degeneration and diseases,9,0,0
33524,Primary lateral sclerosis,DX,neuromusc,CNS Degeneration and diseases,9,0,0
33529,Other motor neuron disease,DX,neuromusc,CNS Degeneration and diseases,9,0,0
34290,"Hemiplegia, unspecified, affecting unspecified side",DX,neuromusc,Other neurologic disorders,9,0,0
34400,"Quadriplegia, unspecified",DX,neuromusc,Other neurologic disorders,9,0,0
34401,"Quadriplegia, C1-C4, complete",DX,neuromusc,Other neurologic disorders,9,0,0
34402,"Quadriplegia, C1-C4, incomplete",DX,neuromusc,Other neurologic disorders,9,0,0
34403,"Quadriplegia, C5-C7, complete",DX,neuromusc,Other neurologic disorders,9,0,0
34404,"Quadriplegia, C5-C7, incomplete",DX,neuromusc,Other neurologic disorders,9,0,0
34409,Other quadriplegia,DX,neuromusc,Other neurologic disorders,9,0,0
34461,Cauda equina syndrome with neurogenic bladder,DX,renal    ,Chronic bladder diseases,9,0,0
34481,Locked-in state,DX,neuromusc,Other neurologic disorders,9,0,0
34501,"Generalized nonconvulsive epilepsy, with intractable epilepsy",DX,neuromusc,Epilepsy,9,0,0
34511,"Generalized convulsive epilepsy, with intractable epilepsy",DX,neuromusc,Epilepsy,9,0,0
34541,"Localization-related (focal) (partial) epilepsy and epileptic syndromes with complex partial seizures, with intractable epilepsy",DX,neuromusc,Epilepsy,9,0,0
34561,"Infantile spasms, with intractable epilepsy",DX,neuromusc,Epilepsy,9,0,0
34571,"Epilepsia partialis continua, with intractable epilepsy",DX,neuromusc,Epilepsy,9,0,0
34581,"Other forms of epilepsy and recurrent seizures, with intractable epilepsy",DX,neuromusc,Epilepsy,9,0,0
34591,"Epilepsy, unspecified, with intractable epilepsy",DX,neuromusc,Epilepsy,9,0,0
35921,Myotonic muscular dystrophy,DX,neuromusc,Muscular dystrophies and myopathies,9,0,0
35922,Myotonia congenita,DX,neuromusc,Muscular dystrophies and myopathies,9,0,0
35923,Myotonic chondrodystrophy,DX,neuromusc,Muscular dystrophies and myopathies,9,0,0
35929,Other specified myotonic disorder,DX,neuromusc,Muscular dystrophies and myopathies,9,0,0
42511,Hypertrophic obstructive cardiomyopathy,DX,cvd,Cardiomyopathies,9,0,0
42518,Other hypertrophic cardiomyopathy,DX,cvd,Cardiomyopathies,9,0,0
42610,"Atrioventricular block, unspecified",DX,cvd,Conduction disorder,9,0,0
42611,First degree atrioventricular block,DX,cvd,Conduction disorder,9,0,0
42612,Mobitz (type) II atrioventricular block,DX,cvd,Conduction disorder,9,0,0
42613,Other second degree atrioventricular block,DX,cvd,Conduction disorder,9,0,0
42650,"Bundle branch block, unspecified",DX,cvd,Conduction disorder,9,0,0
42651,Right bundle branch block and left posterior fascicular block,DX,cvd,Conduction disorder,9,0,0
42652,Right bundle branch block and left anterior fascicular block,DX,cvd,Conduction disorder,9,0,0
42653,Other bilateral bundle branch block,DX,cvd,Conduction disorder,9,0,0
42654,Trifascicular block,DX,cvd,Conduction disorder,9,0,0
42681,Lown-Ganong-Levine syndrome,DX,cvd,Conduction disorder,9,0,0
42682,Long QT syndrome,DX,cvd,Conduction disorder,9,0,0
42689,Other specified conduction disorders,DX,cvd,Conduction disorder,9,0,0
42731,Atrial fibrillation,DX,cvd,Conduction disorder,9,0,0
42732,Atrial flutter,DX,cvd,Conduction disorder,9,0,0
42741,Ventricular fibrillation,DX,cvd,Conduction disorder,9,0,0
42742,Ventricular flutter,DX,cvd,Conduction disorder,9,0,0
42760,"Premature beats, unspecified",DX,cvd,Dysrhythmias,9,0,0
42761,Supraventricular premature beats,DX,cvd,Dysrhythmias,9,0,0
42781,Sinoatrial node dysfunction,DX,cvd,Dysrhythmias,9,0,0
42789,Other specified cardiac dysrhythmias,DX,cvd,Dysrhythmias,9,0,0
43311,Occlusion and stenosis of carotid artery with cerebral infarction,DX,cvd,Other Cardiovascular,9,0,0
44621,Goodpasture's syndrome,DX,hemato_immu,Polyarteritis nodosa & related conditions,9,0,0
51630,"Idiopathic interstitial pneumonia, not otherwise specified",DX,respiratory,Chronic respiratory diseases,9,0,0
51631,Idiopathic pulmonary fibrosis,DX,respiratory,Chronic respiratory diseases,9,0,0
51637,Desquamative interstitial pneumonia,DX,respiratory,Chronic respiratory diseases,9,0,0
51883,Chronic respiratory failure,DX,respiratory,Chronic respiratory diseases,9,0,0
51884,Acute and chronic respiratory failure,DX,respiratory,Chronic respiratory diseases,9,0,0
51900,"Tracheostomy complication, unspecified",DX,Respiratory,Device & Technology Use,9,1,0
51901,Infection of tracheostomy,DX,Respiratory,Device & Technology Use,9,1,0
51902,Mechanical complication of tracheostomy,DX,Respiratory,Device & Technology Use,9,1,0
51909,Other tracheostomy complications,DX,Respiratory,Device & Technology Use,9,1,0
53640,"Gastrostomy complication, unspecified",DX,GI,Device & Technology Use,9,1,0
53641,Infection of gastrostomy,DX,GI,Device & Technology Use,9,1,0
53642,Mechanical complication of gastrostomy,DX,GI,Device & Technology Use,9,1,0
53649,Other gastrostomy complications,DX,GI,Device & Technology Use,9,1,0
57140,"Chronic hepatitis, unspecified",DX,GI,Chronic liver disease and cirrhosis,9,0,0
57141,Chronic persistent hepatitis,DX,GI,Chronic liver disease and cirrhosis,9,0,0
57142,Autoimmune hepatitis,DX,GI,Chronic liver disease and cirrhosis,9,0,0
57149,Other chronic hepatitis,DX,GI,Chronic liver disease and cirrhosis,9,0,0
59653,Paralysis of bladder,DX,renal    ,Chronic bladder diseases,9,0,0
59654,Neurogenic bladder NOS,DX,renal    ,Chronic bladder diseases,9,0,0
73731,Resolving infantile idiopathic scoliosis,DX,congeni_genetic,Bone and joint anomalies,9,0,0
73732,Progressive infantile idiopathic scoliosis,DX,congeni_genetic,Bone and joint anomalies,9,0,0
73733,Scoliosis due to radiation,DX,congeni_genetic,Bone and joint anomalies,9,0,0
74100,"Spina bifida with hydrocephalus, unspecified region",DX,neuromusc,Brain and Spinal Cord Malformations ,9,0,0
74101,"Spina bifida with hydrocephalus, cervical region",DX,neuromusc,Brain and Spinal Cord Malformations ,9,0,0
74102,"Spina bifida with hydrocephalus, dorsal (thoracic) region",DX,neuromusc,Brain and Spinal Cord Malformations ,9,0,0
74103,"Spina bifida with hydrocephalus, lumbar region",DX,neuromusc,Brain and Spinal Cord Malformations ,9,0,0
74190,"Spina bifida without mention of hydrocephalus, unspecified region",DX,neuromusc,Brain and Spinal Cord Malformations ,9,0,0
74191,"Spina bifida without mention of hydrocephalus, cervical region",DX,neuromusc,Brain and Spinal Cord Malformations ,9,0,0
74192,"Spina bifida without mention of hydrocephalus, dorsal (thoracic) region",DX,neuromusc,Brain and Spinal Cord Malformations ,9,0,0
74193,"Spina bifida without mention of hydrocephalus, lumbar region",DX,neuromusc,Brain and Spinal Cord Malformations ,9,0,0
74251,Diastematomyelia,DX,neuromusc,Brain and Spinal Cord Malformations ,9,0,0
74259,Other specified congenital anomalies of spinal cord,DX,neuromusc,Brain and Spinal Cord Malformations ,9,0,0
74510,Complete transposition of great vessels,DX,cvd,Heart and Great Vessel Malformations,9,0,0
74511,Double outlet right ventricle,DX,cvd,Heart and Great Vessel Malformations,9,0,0
74512,Corrected transposition of great vessels,DX,cvd,Heart and Great Vessel Malformations,9,0,0
74519,Other transposition of great vessels,DX,cvd,Heart and Great Vessel Malformations,9,0,0
74560,"Endocardial cushion defect, unspecified type",DX,cvd,Heart and Great Vessel Malformations,9,0,0
74561,Ostium primum defect,DX,cvd,Heart and Great Vessel Malformations,9,0,0
74569,Other endocardial cushion defects,DX,cvd,Heart and Great Vessel Malformations,9,0,0
74600,"Congenital pulmonary valve anomaly, unspecified",DX,cvd,Heart and Great Vessel Malformations,9,0,0
74601,"Atresia of pulmonary valve, congenital",DX,cvd,Heart and Great Vessel Malformations,9,0,0
74602,"Stenosis of pulmonary valve, congenital",DX,cvd,Heart and Great Vessel Malformations,9,0,0
74609,Other congenital anomalies of pulmonary valve,DX,cvd,Heart and Great Vessel Malformations,9,0,0
74681,Subaortic stenosis,DX,cvd,Heart and Great Vessel Malformations,9,0,0
74682,Cor triatriatum,DX,cvd,Heart and Great Vessel Malformations,9,0,0
74683,Infundibular pulmonic stenosis,DX,cvd,Heart and Great Vessel Malformations,9,0,0
74684,"Obstructive anomalies of heart, not elsewhere classified",DX,cvd,Heart and Great Vessel Malformations,9,0,0
74685,Coronary artery anomaly,DX,cvd,Heart and Great Vessel Malformations,9,0,0
74686,Congenital heart block,DX,cvd,Heart and Great Vessel Malformations,9,0,0
74687,Malposition of heart and cardiac apex,DX,cvd,Heart and Great Vessel Malformations,9,0,0
74689,Other specified congenital anomalies of heart,DX,cvd,Heart and Great Vessel Malformations,9,0,0
74710,Coarctation of aorta (preductal) (postductal),DX,cvd,Heart and Great Vessel Malformations,9,0,0
74711,Interruption of aortic arch,DX,cvd,Heart and Great Vessel Malformations,9,0,0
74720,"Anomaly of aorta, unspecified",DX,cvd,Heart and Great Vessel Malformations,9,0,0
74721,Anomalies of aortic arch,DX,cvd,Heart and Great Vessel Malformations,9,0,0
74722,Atresia and stenosis of aorta,DX,cvd,Heart and Great Vessel Malformations,9,0,0
74729,Other anomalies of aorta,DX,cvd,Heart and Great Vessel Malformations,9,0,0
74731,Pulmonary artery coarctation and atresia,DX,cvd,Heart and Great Vessel Malformations,9,0,0
74732,Pulmonary arteriovenous malformation,DX,cvd,Heart and Great Vessel Malformations,9,0,0
74739,Other anomalies of pulmonary artery and pulmonary circulation,DX,cvd,Heart and Great Vessel Malformations,9,0,0
74740,"Anomaly of great veins, unspecified",DX,cvd,Heart and Great Vessel Malformations,9,0,0
74741,Total anomalous pulmonary venous connection,DX,cvd,Heart and Great Vessel Malformations,9,0,0
74742,Partial anomalous pulmonary venous connection,DX,cvd,Heart and Great Vessel Malformations,9,0,0
74749,Other anomalies of great veins,DX,cvd,Heart and Great Vessel Malformations,9,0,0
74781,Anomalies of cerebrovascular system,DX,cvd,Heart and Great Vessel Malformations,9,0,0
74789,Spinal vessel anomaly,DX,cvd,Heart and Great Vessel Malformations,9,0,0
74860,"Anomaly of lung, unspecified",DX,respiratory,Respiratory malformations,9,0,0
74861,Congenital bronchiectasis,DX,respiratory,Respiratory malformations,9,0,0
74869,Other congenital anomalies of lung,DX,respiratory,Respiratory malformations,9,0,0
75160,"Unspecified anomaly of gallbladder, bile ducts, and liver",DX,GI,Congenital anomalies,9,0,0
75161,Biliary atresia,DX,GI,Congenital anomalies,9,0,0
75162,Congenital cystic disease of liver,DX,GI,Congenital anomalies,9,0,0
75169,"Other anomalies of gallbladder, bile ducts, and liver",DX,GI,Congenital anomalies,9,0,0
75262,Epispadias,DX,renal    ,Congenital anomalies,9,0,0
75310,"Cystic kidney disease, unspecified",DX,renal    ,Congenital anomalies,9,0,0
75311,Congenital single renal cyst,DX,renal    ,Congenital anomalies,9,0,0
75312,"Polycystic kidney, unspecified type",DX,renal    ,Congenital anomalies,9,0,0
75313,"Polycystic kidney, autosomal dominant",DX,renal    ,Congenital anomalies,9,0,0
75314,"Polycystic kidney, autosomal recessive",DX,renal    ,Congenital anomalies,9,0,0
75315,Renal dysplasia,DX,renal    ,Congenital anomalies,9,0,0
75316,Medullary cystic kidney,DX,renal    ,Congenital anomalies,9,0,0
75317,Medullary sponge kidney,DX,renal    ,Congenital anomalies,9,0,0
75319,Other specified cystic kidney disease,DX,renal    ,Congenital anomalies,9,0,0
75320,Unspecified obstructive defect of renal pelvis and ureter,DX,renal    ,Congenital anomalies,9,0,0
75321,Congenital obstruction of ureteropelvic junction,DX,renal    ,Congenital anomalies,9,0,0
75322,Congenital obstruction of ureterovesical junction,DX,renal    ,Congenital anomalies,9,0,0
75323,Congenital ureterocele,DX,renal    ,Congenital anomalies,9,0,0
75329,Other obstructive defects of renal pelvis and ureter,DX,renal    ,Congenital anomalies,9,0,0
75610,"Anomaly of spine, unspecified",DX,congeni_genetic,Bone and joint anomalies,9,0,0
75611,"Spondylolysis, lumbosacral region",DX,congeni_genetic,Bone and joint anomalies,9,0,0
75612,Spondylolisthesis,DX,congeni_genetic,Bone and joint anomalies,9,0,0
75613,"Absence of vertebra, congenital",DX,congeni_genetic,Bone and joint anomalies,9,0,0
75614,Hemivertebra,DX,congeni_genetic,Bone and joint anomalies,9,0,0
75615,"Fusion of spine (vertebra), congenital",DX,congeni_genetic,Bone and joint anomalies,9,0,0
75616,Klippel-Feil syndrome,DX,congeni_genetic,Bone and joint anomalies,9,0,0
75617,Spina bifida occulta,DX,congeni_genetic,Bone and joint anomalies,9,0,0
75619,Other anomalies of spine,DX,congeni_genetic,Bone and joint anomalies,9,0,0
75650,"Congenital osteodystrophy, unspecified",DX,congeni_genetic,Bone and joint anomalies,9,0,0
75651,Osteogenesis imperfecta,DX,congeni_genetic,Bone and joint anomalies,9,0,0
75652,Osteopetrosis,DX,congeni_genetic,Bone and joint anomalies,9,0,0
75653,Osteopoikilosis,DX,congeni_genetic,Bone and joint anomalies,9,0,0
75654,Polyostotic fibrous dysplasia of bone,DX,congeni_genetic,Bone and joint anomalies,9,0,0
75655,Chondroectodermal dysplasia,DX,congeni_genetic,Bone and joint anomalies,9,0,0
75656,Multiple epiphyseal dysplasia,DX,congeni_genetic,Bone and joint anomalies,9,0,0
75659,Other osteodystrophies,DX,congeni_genetic,Bone and joint anomalies,9,0,0
75670,"Anomaly of abdominal wall, unspecified",DX,congeni_genetic,Diaphragm and abdominal wall anomalies,9,0,0
75671,Prune belly syndrome,DX,congeni_genetic,Diaphragm and abdominal wall anomalies,9,0,0
75672,Omphalocele,DX,congeni_genetic,Diaphragm and abdominal wall anomalies,9,0,0
75673,Gastroschisis,DX,congeni_genetic,Diaphragm and abdominal wall anomalies,9,0,0
75679,Other congenital anomalies of abdominal wall,DX,congeni_genetic,Diaphragm and abdominal wall anomalies,9,0,0
75831,Cri-du-chat syndrome,DX,congeni_genetic,Chromosomal anomalies,9,0,0
75832,Velo-cardio-facial syndrome,DX,congeni_genetic,Chromosomal anomalies,9,0,0
75833,Other microdeletions,DX,congeni_genetic,Chromosomal anomalies,9,0,0
75839,Other autosomal deletions,DX,congeni_genetic,Chromosomal anomalies,9,0,0
75881,Other conditions due to sex chromosome anomalies,DX,congeni_genetic,Chromosomal anomalies,9,0,0
75889,Other conditions due to chromosome anomalies,DX,congeni_genetic,Chromosomal anomalies,9,0,0
75981,Prader-Willi syndrome,DX,congeni_genetic,Other congenital anomalies,9,0,0
75982,Marfan syndrome,DX,congeni_genetic,Other congenital anomalies,9,0,0
75983,Fragile X syndrome,DX,congeni_genetic,Other congenital anomalies,9,0,0
75989,Other specified congenital anomalies,DX,congeni_genetic,Other congenital anomalies,9,0,0
76401,"""Light-for-dates"" without mention of fetal malnutrition, less than 500 grams",DX,neonatal,Fetal malnutrition,9,0,0
76402,"""Light-for-dates"" without mention of fetal malnutrition, 500-749 grams",DX,neonatal,Fetal malnutrition,9,0,0
76411,"""Light-for-dates"" with signs of fetal malnutrition, less than 500 grams",DX,neonatal,Fetal malnutrition,9,0,0
76412,"""Light-for-dates"" with signs of fetal malnutrition, 500-749 grams",DX,neonatal,Fetal malnutrition,9,0,0
76421,"Fetal malnutrition without mention of ""light-for-dates"", less than 500 grams",DX,neonatal,Fetal malnutrition,9,0,0
76422,"Fetal malnutrition without mention of ""light-for-dates"", 500-749 grams",DX,neonatal,Fetal malnutrition,9,0,0
76491,"Fetal growth retardation, unspecified, less than 500 grams",DX,neonatal,Fetal malnutrition,9,0,0
76492,"Fetal growth retardation, unspecified, 500-749 grams",DX,neonatal,Fetal malnutrition,9,0,0
76501,"Extreme immaturity, less than 500 grams",DX,neonatal,Extreme Immaturity,9,0,0
76502,"Extreme immaturity, 500-749 grams",DX,neonatal,Extreme Immaturity,9,0,0
76511,"Other preterm infants, less than 500 grams",DX,neonatal,Extreme Immaturity,9,0,0
76512,"Other preterm infants, 500-749 grams",DX,neonatal,Extreme Immaturity,9,0,0
76521,Less than 24 completed weeks of gestation,DX,neonatal,Extreme Immaturity,9,0,0
76522,24 completed weeks of gestation,DX,neonatal,Extreme Immaturity,9,0,0
76523,25-26 completed weeks of gestation,DX,neonatal,Extreme Immaturity,9,0,0
76870,"Hypoxic-ischemic encephalopathy, unspecified",DX,neonatal,Hypoxic-ischemic encephalopathy,9,0,0
76871,Mild hypoxic-ischemic encephalopathy,DX,neonatal,Hypoxic-ischemic encephalopathy,9,0,0
76872,Moderate hypoxic-ischemic encephalopathy,DX,neonatal,Hypoxic-ischemic encephalopathy,9,0,0
76873,Severe hypoxic-ischemic encephalopathy,DX,neonatal,Hypoxic-ischemic encephalopathy,9,0,0
77213,"Intraventricular hemorrhage, grade III",DX,neonatal,Other premature or neonatal,9,0,0
77214,"Intraventricular hemorrhage, grade IV",DX,neonatal,Other premature or neonatal,9,0,0
77753,Stage III necrotizing enterocolitis in newborn,DX,neonatal,Other premature or neonatal,9,0,0
78003,Persistent vegetative state,DX,neuromusc,Other neurologic disorders,9,0,0
99600,"Mechanical complication of unspecified cardiac device, implant, and graft",DX,cvd,Device & Technology Use,9,1,0
99601,Mechanical complication due to cardiac pacemaker (electrode),DX,cvd,Device & Technology Use,9,1,0
99602,Mechanical complication due to heart valve prosthesis,DX,cvd,Device & Technology Use,9,1,0
99603,Mechanical complication due to coronary bypass graft,DX,cvd,Device & Technology Use,9,1,0
99604,Mechanical complication of automatic implantable cardiac defibrillator,DX,cvd,Device & Technology Use,9,1,0
99609,"Other mechanical complication of cardiac device, implant, and graft",DX,cvd,Device & Technology Use,9,1,0
99640,"Unspecified mechanical complication of internal orthopedic device, implant, and graft",DX,misc,Device & Technology Use,9,1,0
99641,Mechanical loosening of prosthetic joint,DX,misc,Device & Technology Use,9,1,0
99642,Dislocation of prosthetic joint,DX,misc,Device & Technology Use,9,1,0
99643,Broken prosthetic joint implant,DX,misc,Device & Technology Use,9,1,0
99644,Peri-prosthetic fracture around prosthetic joint,DX,misc,Device & Technology Use,9,1,0
99645,Peri-prosthetic osteolysis,DX,misc,Device & Technology Use,9,1,0
99646,Articular bearing surface wear of prosthetic joint,DX,misc,Device & Technology Use,9,1,0
99647,Other mechanical complication of prosthetic joint implant,DX,misc,Device & Technology Use,9,1,0
99649,"Other mechanical complication of other internal orthopedic device, implant, and graft",DX,misc,Device & Technology Use,9,1,0
99661,"Infection and inflammatory reaction due to cardiac device, implant, and graft",DX,cvd,Device & Technology Use,9,1,0
99662,"Infection and inflammatory reaction due to other vascular device, implant, and graft",DX,cvd,Device & Technology Use,9,1,0
99663,"Infection and inflammatory reaction due to nervous system device, implant, and graft",DX,neuromusc,Device & Technology Use,9,1,0
99666,Infection and inflammatory reaction due to internal joint prosthesis,DX,misc,Device & Technology Use,9,1,0
99667,"Infection and inflammatory reaction due to other internal orthopedic device, implant, and graft",DX,misc,Device & Technology Use,9,1,0
99668,Infection and inflammatory reaction due to peritoneal dialysis catheter,DX,renal ,Device & Technology Use,9,1,0
99680,"Complications of transplanted organ, unspecified",DX,transplant,,9,0,1
99681,Complications of transplanted kidney,DX,renal    ,Transplantation,9,0,1
99681,Complications of transplanted kidney,DX,transplant,,9,0,1
99682,Complications of transplanted liver,DX,GI,Transplantation,9,0,1
99682,Complications of transplanted liver,DX,transplant,,9,0,1
99683,Complications of transplanted heart,DX,cvd,Transplantation,9,0,1
99683,Complications of transplanted heart,DX,transplant,,9,0,1
99684,Complications of transplanted lung,DX,respiratory,Transplantation,9,0,1
99684,Complications of transplanted lung,DX,transplant,,9,0,1
99685,Complications of transplanted bone marrow,DX,malignancy,Transplantation,9,0,1
99685,Complications of transplanted bone marrow,DX,transplant,,9,0,1
99686,Complications of transplanted pancreas,DX,GI,Transplantation,9,0,1
99686,Complications of transplanted pancreas,DX,transplant,,9,0,1
99687,Complications of transplanted intestine,DX,GI,Transplantation,9,0,1
99687,Complications of transplanted intestine,DX,transplant,,9,0,1
99688,"Complications of transplanted organ, stem cell",DX,malignancy,Transplantation,9,0,1
99688,"Complications of transplanted organ, stem cell",DX,transplant,,9,0,1
99689,"Complications of transplanted organ, other specified organ",DX,transplant,,9,0,1
99690,Complications of unspecified reattached extremity,DX,misc,Device & Technology Use,9,1,0
99691,Complications of reattached forearm,DX,misc,Device & Technology Use,9,1,0
99692,Complications of reattached hand,DX,misc,Device & Technology Use,9,1,0
99693,Complications of reattached finger(s),DX,misc,Device & Technology Use,9,1,0
99694,"Complications of reattached upper extremity, other and unspecified",DX,misc,Device & Technology Use,9,1,0
99695,Complication of reattached foot and toe(s),DX,misc,Device & Technology Use,9,1,0
99696,"Complication of reattached lower extremity, other and unspecified",DX,misc,Device & Technology Use,9,1,0
99699,Complication of other specified reattached body part,DX,misc,Device & Technology Use,9,1,0
0010,Implantation of chemotherapeutic agent,PR,malignancy,Neoplasms,9,0,0
0016070,"Bypass Cerebral Ventricle to Nasopharynx with Autologous Tissue Substitute, Open Approach",PR,neuromusc,Other neurologic disorders,0,0,0
0016071,"Bypass Cerebral Ventricle to Mastoid Sinus with Autologous Tissue Substitute, Open Approach",PR,neuromusc,Other neurologic disorders,0,0,0
0016072,"Bypass Cerebral Ventricle to Atrium with Autologous Tissue Substitute, Open Approach",PR,neuromusc,Other neurologic disorders,0,0,0
0016073,"Bypass Cerebral Ventricle to Blood Vessel with Autologous Tissue Substitute, Open Approach",PR,neuromusc,Other neurologic disorders,0,0,0
0016074,"Bypass Cerebral Ventricle to Pleural Cavity with Autologous Tissue Substitute, Open Approach",PR,neuromusc,Other neurologic disorders,0,0,0
0016075,"Bypass Cerebral Ventricle to Intestine with Autologous Tissue Substitute, Open Approach",PR,neuromusc,Other neurologic disorders,0,0,0
0016076,"Bypass Cerebral Ventricle to Peritoneal Cavity with Autologous Tissue Substitute, Open Approach",PR,neuromusc,Other neurologic disorders,0,0,0
0016077,"Bypass Cerebral Ventricle to Urinary Tract with Autologous Tissue Substitute, Open Approach",PR,neuromusc,Other neurologic disorders,0,0,0
0016078,"Bypass Cerebral Ventricle to Bone Marrow with Autologous Tissue Substitute, Open Approach",PR,neuromusc,Other neurologic disorders,0,0,0
001607B,"Bypass Cerebral Ventricle to Cerebral Cisterns with Autologous Tissue Substitute, Percutaneous Approach",PR,neuromusc,Other neurologic disorders,0,0,0
00160J0,"Bypass Cerebral Ventricle to Nasopharynx with Synthetic Substitute, Open Approach",PR,neuromusc,Device & Technology Use,0,1,0
00160J1,"Bypass Cerebral Ventricle to Mastoid Sinus with Synthetic Substitute, Open Approach",PR,neuromusc,Device & Technology Use,0,1,0
00160J2,"Bypass Cerebral Ventricle to Atrium with Synthetic Substitute, Open Approach",PR,neuromusc,Device & Technology Use,0,1,0
00160J3,"Bypass Cerebral Ventricle to Blood Vessel with Synthetic Substitute, Open Approach",PR,neuromusc,Device & Technology Use,0,1,0
00160J4,"Bypass Cerebral Ventricle to Pleural Cavity with Synthetic Substitute, Open Approach",PR,neuromusc,Device & Technology Use,0,1,0
00160J5,"Bypass Cerebral Ventricle to Intestine with Synthetic Substitute, Open Approach",PR,neuromusc,Device & Technology Use,0,1,0
00160J6,"Bypass Cerebral Ventricle to Peritoneal Cavity with Synthetic Substitute, Open Approach",PR,neuromusc,Device & Technology Use,0,1,0
00160J7,"Bypass Cerebral Ventricle to Urinary Tract with Synthetic Substitute, Open Approach",PR,neuromusc,Device & Technology Use,0,1,0
00160J8,"Bypass Cerebral Ventricle to Bone Marrow with Synthetic Substitute, Open Approach",PR,neuromusc,Device & Technology Use,0,1,0
00160JB,"Bypass Cerebral Ventricle to Cerebral Cisterns with Synthetic Substitute, Open Approach",PR,neuromusc,Device & Technology Use,0,1,0
00160K0,"Bypass Cerebral Ventricle to Nasopharynx with Nonautologous Tissue Substitute, Open Approach",PR,neuromusc,Device & Technology Use,0,1,0
00160K1,"Bypass Cerebral Ventricle to Mastoid Sinus with Nonautologous Tissue Substitute, Open Approach",PR,neuromusc,Device & Technology Use,0,1,0
00160K2,"Bypass Cerebral Ventricle to Atrium with Nonautologous Tissue Substitute, Open Approach",PR,neuromusc,Device & Technology Use,0,1,0
00160K3,"Bypass Cerebral Ventricle to Blood Vessel with Nonautologous Tissue Substitute, Open Approach",PR,neuromusc,Device & Technology Use,0,1,0
00160K4,"Bypass Cerebral Ventricle to Pleural Cavity with Nonautologous Tissue Substitute, Open Approach",PR,neuromusc,Device & Technology Use,0,1,0
00160K5,"Bypass Cerebral Ventricle to Intestine with Nonautologous Tissue Substitute, Open Approach",PR,neuromusc,Device & Technology Use,0,1,0
00160K6,"Bypass Cerebral Ventricle to Peritoneal Cavity with Nonautologous Tissue Substitute, Open Approach",PR,neuromusc,Device & Technology Use,0,1,0
00160K7,"Bypass Cerebral Ventricle to Urinary Tract with Nonautologous Tissue Substitute, Open Approach",PR,neuromusc,Device & Technology Use,0,1,0
00160K8,"Bypass Cerebral Ventricle to Bone Marrow with Nonautologous Tissue Substitute, Open Approach",PR,neuromusc,Device & Technology Use,0,1,0
00160KB,"Bypass Cerebral Ventricle to Cerebral Cisterns with Nonautologous Tissue Substitute, Open Approach",PR,neuromusc,Device & Technology Use,0,1,0
0016370,"Bypass Cerebral Ventricle to Nasopharynx with Autologous Tissue Substitute, Percutaneous Approach",PR,neuromusc,Other neurologic disorders,0,0,0
0016371,"Bypass Cerebral Ventricle to Mastoid Sinus with Autologous Tissue Substitute, Percutaneous Approach",PR,neuromusc,Other neurologic disorders,0,0,0
0016372,"Bypass Cerebral Ventricle to Atrium with Autologous Tissue Substitute, Percutaneous Approach",PR,neuromusc,Other neurologic disorders,0,0,0
0016373,"Bypass Cerebral Ventricle to Blood Vessel with Autologous Tissue Substitute, Percutaneous Approach",PR,neuromusc,Other neurologic disorders,0,0,0
0016374,"Bypass Cerebral Ventricle to Pleural Cavity with Autologous Tissue Substitute, Percutaneous Approach",PR,neuromusc,Other neurologic disorders,0,0,0
0016375,"Bypass Cerebral Ventricle to Intestine with Autologous Tissue Substitute, Percutaneous Approach",PR,neuromusc,Other neurologic disorders,0,0,0
0016376,"Bypass Cerebral Ventricle to Peritoneal Cavity with Autologous Tissue Substitute, Percutaneous Approach",PR,neuromusc,Other neurologic disorders,0,0,0
0016377,"Bypass Cerebral Ventricle to Urinary Tract with Autologous Tissue Substitute, Percutaneous Approach",PR,neuromusc,Other neurologic disorders,0,0,0
0016378,"Bypass Cerebral Ventricle to Bone Marrow with Autologous Tissue Substitute, Percutaneous Approach",PR,neuromusc,Other neurologic disorders,0,0,0
00163J0,"Bypass Cerebral Ventricle to Nasopharynx with Synthetic Substitute, Percutaneous Approach",PR,neuromusc,Device & Technology Use,0,1,0
00163J1,"Bypass Cerebral Ventricle to Mastoid Sinus with Synthetic Substitute, Percutaneous Approach",PR,neuromusc,Device & Technology Use,0,1,0
00163J2,"Bypass Cerebral Ventricle to Atrium with Synthetic Substitute, Percutaneous Approach",PR,neuromusc,Device & Technology Use,0,1,0
00163J3,"Bypass Cerebral Ventricle to Blood Vessel with Synthetic Substitute, Percutaneous Approach",PR,neuromusc,Device & Technology Use,0,1,0
00163J4,"Bypass Cerebral Ventricle to Pleural Cavity with Synthetic Substitute, Percutaneous Approach",PR,neuromusc,Device & Technology Use,0,1,0
00163J5,"Bypass Cerebral Ventricle to Intestine with Synthetic Substitute, Percutaneous Approach",PR,neuromusc,Device & Technology Use,0,1,0
00163J6,"Bypass Cerebral Ventricle to Peritoneal Cavity with Synthetic Substitute, Percutaneous Approach",PR,neuromusc,Device & Technology Use,0,1,0
00163J7,"Bypass Cerebral Ventricle to Urinary Tract with Synthetic Substitute, Percutaneous Approach",PR,neuromusc,Device & Technology Use,0,1,0
00163J8,"Bypass Cerebral Ventricle to Bone Marrow with Synthetic Substitute, Percutaneous Approach",PR,neuromusc,Device & Technology Use,0,1,0
00163JB,"Bypass Cerebral Ventricle to Cerebral Cisterns with Synthetic Substitute, Percutaneous Approach",PR,neuromusc,Device & Technology Use,0,1,0
00163K0,"Bypass Cerebral Ventricle to Nasopharynx with Nonautologous Tissue Substitute, Percutaneous Approach",PR,neuromusc,Device & Technology Use,0,1,0
00163K1,"Bypass Cerebral Ventricle to Mastoid Sinus with Nonautologous Tissue Substitute, Percutaneous Approach",PR,neuromusc,Device & Technology Use,0,1,0
00163K2,"Bypass Cerebral Ventricle to Atrium with Nonautologous Tissue Substitute, Percutaneous Approach",PR,neuromusc,Device & Technology Use,0,1,0
00163K3,"Bypass Cerebral Ventricle to Blood Vessel with Nonautologous Tissue Substitute, Percutaneous Approach",PR,neuromusc,Device & Technology Use,0,1,0
00163K4,"Bypass Cerebral Ventricle to Pleural Cavity with Nonautologous Tissue Substitute, Percutaneous Approach",PR,neuromusc,Device & Technology Use,0,1,0
00163K5,"Bypass Cerebral Ventricle to Intestine with Nonautologous Tissue Substitute, Percutaneous Approach",PR,neuromusc,Device & Technology Use,0,1,0
00163K6,"Bypass Cerebral Ventricle to Peritoneal Cavity with Nonautologous Tissue Substitute, Percutaneous Approach",PR,neuromusc,Device & Technology Use,0,1,0
00163K7,"Bypass Cerebral Ventricle to Urinary Tract with Nonautologous Tissue Substitute, Percutaneous Approach",PR,neuromusc,Device & Technology Use,0,1,0
00163K8,"Bypass Cerebral Ventricle to Bone Marrow with Nonautologous Tissue Substitute, Percutaneous Approach",PR,neuromusc,Device & Technology Use,0,1,0
00163KB,"Bypass Cerebral Ventricle to Cerebral Cisterns with Nonautologous Tissue Substitute, Percutaneous Approach",PR,neuromusc,Device & Technology Use,0,1,0
001U074,"Bypass Spinal Canal to Pleural Cavity with Autologous Tissue Substitute, Open Approach",PR,neuromusc,Other neurologic disorders,0,0,0
001U076,"Bypass Spinal Canal to Peritoneal Cavity with Autologous Tissue Substitute, Open Approach",PR,neuromusc,Other neurologic disorders,0,0,0
001U077,"Bypass Spinal Canal to Urinary Tract with Autologous Tissue Substitute, Open Approach",PR,neuromusc,Other neurologic disorders,0,0,0
001U079,"Bypass Spinal Canal to Fallopian Tube with Autologous Tissue Substitute, Open Approach",PR,neuromusc,Other neurologic disorders,0,0,0
001U0J4,"Bypass Spinal Canal to Pleural Cavity with Synthetic Substitute, Open Approach",PR,neuromusc,Device & Technology Use,0,1,0
001U0J6,"Bypass Spinal Canal to Peritoneal Cavity with Synthetic Substitute, Open Approach",PR,neuromusc,Device & Technology Use,0,1,0
001U0J7,"Bypass Spinal Canal to Urinary Tract with Synthetic Substitute, Open Approach",PR,neuromusc,Device & Technology Use,0,1,0
001U0J9,"Bypass Spinal Canal to Fallopian Tube with Synthetic Substitute, Open Approach",PR,neuromusc,Device & Technology Use,0,1,0
001U0K4,"Bypass Spinal Canal to Pleural Cavity with Nonautologous Tissue Substitute, Open Approach",PR,neuromusc,Device & Technology Use,0,1,0
001U0K6,"Bypass Spinal Canal to Peritoneal Cavity with Nonautologous Tissue Substitute, Open Approach",PR,neuromusc,Device & Technology Use,0,1,0
001U0K7,"Bypass Spinal Canal to Urinary Tract with Nonautologous Tissue Substitute, Open Approach",PR,neuromusc,Device & Technology Use,0,1,0
001U0K9,"Bypass Spinal Canal to Fallopian Tube with Nonautologous Tissue Substitute, Open Approach",PR,neuromusc,Device & Technology Use,0,1,0
001U374,"Bypass Spinal Canal to Pleural Cavity with Autologous Tissue Substitute, Percutaneous Approach",PR,neuromusc,Other neurologic disorders,0,0,0
001U376,"Bypass Spinal Canal to Peritoneal Cavity with Autologous Tissue Substitute, Percutaneous Approach",PR,neuromusc,Other neurologic disorders,0,0,0
001U377,"Bypass Spinal Canal to Urinary Tract with Autologous Tissue Substitute, Percutaneous Approach",PR,neuromusc,Other neurologic disorders,0,0,0
001U379,"Bypass Spinal Canal to Fallopian Tube with Autologous Tissue Substitute, Percutaneous Approach",PR,neuromusc,Other neurologic disorders,0,0,0
001U3J4,"Bypass Spinal Canal to Pleural Cavity with Synthetic Substitute, Percutaneous Approach",PR,neuromusc,Device & Technology Use,0,1,0
001U3J6,"Bypass Spinal Canal to Peritoneal Cavity with Synthetic Substitute, Percutaneous Approach",PR,neuromusc,Device & Technology Use,0,1,0
001U3J7,"Bypass Spinal Canal to Urinary Tract with Synthetic Substitute, Percutaneous Approach",PR,neuromusc,Device & Technology Use,0,1,0
001U3J9,"Bypass Spinal Canal to Fallopian Tube with Synthetic Substitute, Percutaneous Approach",PR,neuromusc,Device & Technology Use,0,1,0
001U3K4,"Bypass Spinal Canal to Pleural Cavity with Nonautologous Tissue Substitute, Percutaneous Approach",PR,neuromusc,Device & Technology Use,0,1,0
001U3K6,"Bypass Spinal Canal to Peritoneal Cavity with Nonautologous Tissue Substitute, Percutaneous Approach",PR,neuromusc,Device & Technology Use,0,1,0
001U3K7,"Bypass Spinal Canal to Urinary Tract with Nonautologous Tissue Substitute, Percutaneous Approach",PR,neuromusc,Device & Technology Use,0,1,0
001U3K9,"Bypass Spinal Canal to Fallopian Tube with Nonautologous Tissue Substitute, Percutaneous Approach",PR,neuromusc,Device & Technology Use,0,1,0
0050,"Implantation of cardiac resynchronization pacemaker without mention of defibrillation, total system [CRT-P]",PR,cvd,Device & Technology Use,9,1,0
0051,"Implantation of cardiac resynchronization defibrillator, total system [CRT-D]",PR,cvd,Device & Technology Use,9,1,0
0053,"Implantation or replacement of cardiac resynchronization pacemaker, pulse generator only [CRT-P]",PR,cvd,Device & Technology Use,9,1,0
0054,"Implantation or replacement of cardiac resynchronization defibrillator, pulse generator only [CRT-D]",PR,cvd,Device & Technology Use,9,1,0
0055,Insertion of drug-eluting stent(s) of other peripheral vessel(s),PR,cvd,Device & Technology Use,9,1,0
0057,Implantation or replacement of subcutaneous device for intracardiac or great vessel hemodynamic monitoring,PR,cvd,Device & Technology Use,9,1,0
0091,Transplant from live related donor,PR,transplant,,9,0,1
0092,Transplant from live non-related donor,PR,transplant,,9,0,1
0093,Transplant from cadaver,PR,transplant,,9,0,1
009600Z,"Drainage of Cerebral Ventricle with Drainage Device, Open Approach",PR,neuromusc,Device & Technology Use,0,1,0
009630Z,"Drainage of Cerebral Ventricle with Drainage Device, Percutaneous Approach",PR,neuromusc,Device & Technology Use,0,1,0
009640Z,"Drainage of Cerebral Ventricle with Drainage Device, Percutaneous Endoscopic Approach",PR,neuromusc,Device & Technology Use,0,1,0
00B70ZZ,"Excision of Cerebral Hemisphere, Open Approach",PR,neuromusc,Other neurologic disorders,0,0,0
00B73ZZ,"Excision of Cerebral Hemisphere, Percutaneous Approach",PR,neuromusc,Other neurologic disorders,0,0,0
00B74ZZ,"Excision of Cerebral Hemisphere, Percutaneous Endoscopic Approach",PR,neuromusc,Other neurologic disorders,0,0,0
00H00MZ,"Insertion of Neurostimulator Lead into Brain, Open Approach",PR,neuromusc,Device & Technology Use,0,1,0
00H03MZ,"Insertion of Neurostimulator Lead into Brain, Percutaneous Approach",PR,neuromusc,Device & Technology Use,0,1,0
00H04MZ,"Insertion of Neurostimulator Lead into Brain, Percutaneous Endoscopic Approach",PR,neuromusc,Device & Technology Use,0,1,0
00H60MZ,"Insertion of Neurostimulator Lead into Cerebral Ventricle, Open Approach",PR,neuromusc,Device & Technology Use,0,1,0
00H63MZ,"Insertion of Neurostimulator Lead into Cerebral Ventricle, Percutaneous Approach",PR,neuromusc,Device & Technology Use,0,1,0
00H64MZ,"Insertion of Neurostimulator Lead into Cerebral Ventricle, Percutaneous Endoscopic Approach",PR,neuromusc,Device & Technology Use,0,1,0
00HE0MZ,"Insertion of Neurostimulator Lead into Cranial Nerve, Open Approach",PR,neuromusc,Device & Technology Use,0,1,0
00HE3MZ,"Insertion of Neurostimulator Lead into Cranial Nerve, Percutaneous Approach",PR,neuromusc,Device & Technology Use,0,1,0
00HE4MZ,"Insertion of Neurostimulator Lead into Cranial Nerve, Percutaneous Endoscopic Approach",PR,neuromusc,Device & Technology Use,0,1,0
00HU0MZ,"Insertion of Neurostimulator Lead into Spinal Canal, Open Approach",PR,neuromusc,Device & Technology Use,0,1,0
00HU3MZ,"Insertion of Neurostimulator Lead into Spinal Canal, Percutaneous Approach",PR,neuromusc,Device & Technology Use,0,1,0
00HU4MZ,"Insertion of Neurostimulator Lead into Spinal Canal, Percutaneous Endoscopic Approach",PR,neuromusc,Device & Technology Use,0,1,0
00HV0MZ,"Insertion of Neurostimulator Lead into Spinal Cord, Open Approach",PR,neuromusc,Device & Technology Use,0,1,0
00HV3MZ,"Insertion of Neurostimulator Lead into Spinal Cord, Percutaneous Approach",PR,neuromusc,Device & Technology Use,0,1,0
00HV4MZ,"Insertion of Neurostimulator Lead into Spinal Cord, Percutaneous Endoscopic Approach",PR,neuromusc,Device & Technology Use,0,1,0
00T70ZZ,"Resection of Cerebral Hemisphere, Open Approach",PR,neuromusc,Other neurologic disorders,0,0,0
00T73ZZ,"Resection of Cerebral Hemisphere, Percutaneous Approach",PR,neuromusc,Other neurologic disorders,0,0,0
00T74ZZ,"Resection of Cerebral Hemisphere, Percutaneous Endoscopic Approach",PR,neuromusc,Other neurologic disorders,0,0,0
00W60JZ,"Revision of Synthetic Substitute in Cerebral Ventricle, Open Approach",PR,neuromusc,Device & Technology Use,0,1,0
00W63JZ,"Revision of Synthetic Substitute in Cerebral Ventricle, Percutaneous Approach",PR,neuromusc,Device & Technology Use,0,1,0
00W64JZ,"Revision of Synthetic Substitute in Cerebral Ventricle, Percutaneous Endoscopic Approach",PR,neuromusc,Device & Technology Use,0,1,0
00WU0JZ,"Revision of Synthetic Substitute in Spinal Canal, Open Approach",PR,neuromusc,Device & Technology Use,0,1,0
00WU3JZ,"Revision of Synthetic Substitute in Spinal Canal, Percutaneous Approach",PR,neuromusc,Device & Technology Use,0,1,0
00WU4JZ,"Revision of Synthetic Substitute in Spinal Canal, Percutaneous Endoscopic Approach",PR,neuromusc,Device & Technology Use,0,1,0
0152,Hemispherectomy,PR,neuromusc,Other neurologic disorders,9,0,0
0153,Lobectomy of brain,PR,neuromusc,Other neurologic disorders,9,0,0
01HY0MZ,"Insertion of Neurostimulator Lead into Peripheral Nerve, Open Approach",PR,neuromusc,Device & Technology Use,0,1,0
01HY3MZ,"Insertion of Neurostimulator Lead into Peripheral Nerve, Percutaneous Approach",PR,neuromusc,Device & Technology Use,0,1,0
01HY4MZ,"Insertion of Neurostimulator Lead into Peripheral Nerve, Percutaneous Endoscopic Approach",PR,neuromusc,Device & Technology Use,0,1,0
021609Q,"Bypass R Atrium to R Pulm Art with Autol Vn, Open Approach",PR,cvd,Heart and Great Vessel Malformations,0,0,0
02160JP,"Bypass R Atrium to Pulm Trunk with Synth Sub, Open Approach",PR,cvd,Heart and Great Vessel Malformations,0,0,0
02160JQ,"Bypass R Atrium to R Pulm Art with Synth Sub, Open Approach",PR,cvd,Heart and Great Vessel Malformations,0,0,0
02160JR,"Bypass R Atrium to L Pulm Art with Synth Sub, Open Approach",PR,cvd,Heart and Great Vessel Malformations,0,0,0
02160KP,"Bypass R Atrium to Pulm Trunk with Nonaut Sub, Open Approach",PR,cvd,Heart and Great Vessel Malformations,0,0,0
02160Z7,"Bypass Right Atrium to Left Atrium, Open Approach",PR,cvd,Heart and Great Vessel Malformations,0,0,0
02160ZP,"Bypass Right Atrium to Pulmonary Trunk, Open Approach",PR,cvd,Heart and Great Vessel Malformations,0,0,0
02163Z7,"Bypass Right Atrium to Left Atrium, Percutaneous Approach",PR,cvd,Heart and Great Vessel Malformations,0,0,0
021708S,"Bypass L Atrium to R Pulm Vn with Zooplastic, Open Approach",PR,cvd,Heart and Great Vessel Malformations,0,0,0
021708T,"Bypass L Atrium to L Pulm Vn with Zooplastic, Open Approach",PR,cvd,Heart and Great Vessel Malformations,0,0,0
021708U,"Bypass L Atrium to Pulm Vn Cnfl w Zooplastic, Open",PR,cvd,Heart and Great Vessel Malformations,0,0,0
021709S,"Bypass Left Atrium to R Pulm Vn with Autol Vn, Open Approach",PR,cvd,Heart and Great Vessel Malformations,0,0,0
021709T,"Bypass Left Atrium to L Pulm Vn with Autol Vn, Open Approach",PR,cvd,Heart and Great Vessel Malformations,0,0,0
021709U,"Bypass L Atrium to Pulm Vn Cnfl with Autol Vn, Open Approach",PR,cvd,Heart and Great Vessel Malformations,0,0,0
02170AS,"Bypass L Atrium to R Pulm Vn with Autol Art, Open Approach",PR,cvd,Heart and Great Vessel Malformations,0,0,0
02170AU,"Bypass L Atrium to Pulm Vn Cnfl w Autol Art, Open",PR,cvd,Heart and Great Vessel Malformations,0,0,0
02170JQ,"Bypass L Atrium to R Pulm Art with Synth Sub, Open Approach",PR,cvd,Heart and Great Vessel Malformations,0,0,0
02170JS,"Bypass L Atrium to R Pulm Vn with Synth Sub, Open Approach",PR,cvd,Heart and Great Vessel Malformations,0,0,0
02170JU,"Bypass L Atrium to Pulm Vn Cnfl w Synth Sub, Open",PR,cvd,Heart and Great Vessel Malformations,0,0,0
02170KS,"Bypass L Atrium to R Pulm Vn with Nonaut Sub, Open Approach",PR,cvd,Heart and Great Vessel Malformations,0,0,0
02170KU,"Bypass L Atrium to Pulm Vn Cnfl w Nonaut Sub, Open",PR,cvd,Heart and Great Vessel Malformations,0,0,0
02170ZP,"Bypass Left Atrium to Pulmonary Trunk, Open Approach",PR,cvd,Heart and Great Vessel Malformations,0,0,0
02170ZQ,"Bypass Left Atrium to Right Pulmonary Artery, Open Approach",PR,cvd,Heart and Great Vessel Malformations,0,0,0
02170ZR,"Bypass Left Atrium to Left Pulmonary Artery, Open Approach",PR,cvd,Heart and Great Vessel Malformations,0,0,0
02170ZS,"Bypass Left Atrium to Right Pulmonary Vein, Open Approach",PR,cvd,Heart and Great Vessel Malformations,0,0,0
02170ZT,"Bypass Left Atrium to Left Pulmonary Vein, Open Approach",PR,cvd,Heart and Great Vessel Malformations,0,0,0
02170ZU,"Bypass Left Atrium to Pulm Vn Cnfl, Open Approach",PR,cvd,Heart and Great Vessel Malformations,0,0,0
02173J6,"Bypass Left Atrium to R Atrium with Synth Sub, Perc Approach ",PR,cvd,Heart and Great Vessel Malformations,0,0,0
021K08P,"Bypass R Ventricle to Pulm Trunk w Zooplastic, Open",PR,cvd,Heart and Great Vessel Malformations,0,0,0
021K08Q,"Bypass R Ventricle to R Pulm Art w Zooplastic, Open",PR,cvd,Heart and Great Vessel Malformations,0,0,0
021K08R,"Bypass R Ventricle to L Pulm Art w Zooplastic, Open",PR,cvd,Heart and Great Vessel Malformations,0,0,0
021K09P,"Bypass R Ventricle to Pulm Trunk w Autol Vn, Open",PR,cvd,Heart and Great Vessel Malformations,0,0,0
021K0AP,"Bypass R Ventricle to Pulm Trunk w Autol Art, Open",PR,cvd,Heart and Great Vessel Malformations,0,0,0
021K0AQ,"Bypass R Ventricle to R Pulm Art w Autol Art, Open",PR,cvd,Heart and Great Vessel Malformations,0,0,0
021K0JP,"Bypass R Ventricle to Pulm Trunk w Synth Sub, Open",PR,cvd,Heart and Great Vessel Malformations,0,0,0
021K0JQ,"Bypass R Ventricle to R Pulm Art w Synth Sub, Open",PR,cvd,Heart and Great Vessel Malformations,0,0,0
021K0JR,"Bypass R Ventricle to L Pulm Art w Synth Sub, Open",PR,cvd,Heart and Great Vessel Malformations,0,0,0
021K0KP,"Bypass R Ventricle to Pulm Trunk w Nonaut Sub, Open",PR,cvd,Heart and Great Vessel Malformations,0,0,0
021K0KQ,"Bypass R Ventricle to R Pulm Art w Nonaut Sub, Open",PR,cvd,Heart and Great Vessel Malformations,0,0,0
021K0KR,"Bypass R Ventricle to L Pulm Art w Nonaut Sub, Open",PR,cvd,Heart and Great Vessel Malformations,0,0,0
021K0ZP,"Bypass Right Ventricle to Pulmonary Trunk, Open Approach",PR,cvd,Heart and Great Vessel Malformations,0,0,0
021K0ZQ,"Bypass Right Ventricle to R Pulm Art, Open Approach",PR,cvd,Heart and Great Vessel Malformations,0,0,0
021K0ZR,"Bypass Right Ventricle to L Pulm Art, Open Approach",PR,cvd,Heart and Great Vessel Malformations,0,0,0
021K0ZW,"Bypass Right Ventricle to Aorta, Open Approach",PR,cvd,Heart and Great Vessel Malformations,0,0,0
021K4JP,"Bypass R Ventricle to Pulm Trunk w Synth Sub, Perc Endo",PR,cvd,Heart and Great Vessel Malformations,0,0,0
021K4KQ,"Bypass R Ventricle to R Pulm Art w Nonaut Sub, Perc Endo",PR,cvd,Heart and Great Vessel Malformations,0,0,0
021L08R,"Bypass L Ventricle to L Pulm Art w Zooplastic, Open",PR,cvd,Heart and Great Vessel Malformations,0,0,0
021L0KP,"Bypass L Ventricle to Pulm Trunk w Nonaut Sub, Open",PR,cvd,Heart and Great Vessel Malformations,0,0,0
021L0ZW,"Bypass Left Ventricle to Aorta, Open Approach",PR,cvd,Heart and Great Vessel Malformations,0,0,0
0221,Insertion or replacement of external ventricular drain (EVD),PR,neuromusc,Device & Technology Use,9,1,0
0222,Intracranial ventricular shunt or anastomosis,PR,neuromusc,Device & Technology Use,9,1,0
0231,Ventricular shunt to structure in head or neck,PR,neuromusc,Device & Technology Use,9,1,0
0232,Ventricular shunt to circulatory system,PR,neuromusc,Device & Technology Use,9,1,0
0233,Ventricular shunt to thoracic cavity,PR,neuromusc,Device & Technology Use,9,1,0
0234,Ventricular shunt to abdominal cavity and organs,PR,neuromusc,Device & Technology Use,9,1,0
0235,Ventricular shunt to urinary system,PR,neuromusc,Device & Technology Use,9,1,0
0239,Ventricular shunt to extracranial site NEC,PR,neuromusc,Device & Technology Use,9,1,0
0241,Irrigation and exploration of ventricular shunt,PR,neuromusc,Device & Technology Use,9,1,0
0242,Replacement of ventricular shunt,PR,neuromusc,Device & Technology Use,9,1,0
0243,Removal of ventricular shunt,PR,neuromusc,Device & Technology Use,9,1,0
024F07J,"Create Aort Valve from Trunc Vlv w Autol Sub, Open",PR,cvd,Heart and Great Vessel Malformations,0,0,0
024F08J,"Create Aort Valve from Trunc Vlv w Zooplastic, Open",PR,cvd,Heart and Great Vessel Malformations,0,0,0
024F0JJ,"Create Aort Valve from Trunc Vlv w Synth Sub, Open",PR,cvd,Heart and Great Vessel Malformations,0,0,0
024F0KJ,"Create Aort Valve from Trunc Vlv w Nonaut Sub, Open",PR,cvd,Heart and Great Vessel Malformations,0,0,0
024G072,"Create Mitral Valve from Comn AV Valve w Autol Sub, Open",PR,cvd,Heart and Great Vessel Malformations,0,0,0
024G082,"Create Mitral Valve from Comn AV Valve w Zooplastic, Open",PR,cvd,Heart and Great Vessel Malformations,0,0,0
024G0J2,"Create Mitral Valve from Comn AV Valve w Synth Sub, Open",PR,cvd,Heart and Great Vessel Malformations,0,0,0
024G0K2,"Create Mitral Valve from Comn AV Valve w Nonaut Sub, Open",PR,cvd,Heart and Great Vessel Malformations,0,0,0
024J072,"Create Tricusp Valve from Comn AV Valve w Autol Sub, Open",PR,cvd,Heart and Great Vessel Malformations,0,0,0
024J082,"Create Tricusp Valve from Comn AV Valve w Zooplastic, Open",PR,cvd,Heart and Great Vessel Malformations,0,0,0
024J0J2,"Create Tricusp Valve from Comn AV Valve w Synth Sub, Open",PR,cvd,Heart and Great Vessel Malformations,0,0,0
0293,Implantation or replacement of intracranial neurostimulator lead(s),PR,neuromusc,Device & Technology Use,9,1,0
02BK0ZZ,"Excision of Right Ventricle, Open Approach",PR,cvd,Heart and Great Vessel Malformations,0,0,0
02H40JZ,"Insertion of Pacemaker Lead into Coronary Vein, Open Approach",PR,cvd,Device & Technology Use,0,1,0
02H40KZ,"Insertion of Defibrillator Lead into Coronary Vein, Open Approach",PR,cvd,Device & Technology Use,0,1,0
02H43JZ,"Insertion of Pacemaker Lead into Coronary Vein, Percutaneous Approach",PR,cvd,Device & Technology Use,0,1,0
02H44JZ,"Insertion of Pacemaker Lead into Coronary Vein, Percutaneous Endoscopic Approach",PR,cvd,Device & Technology Use,0,1,0
02H44KZ,"Insertion of Defibrillator Lead into Coronary Vein, Percutaneous Endoscopic Approach",PR,cvd,Device & Technology Use,0,1,0
02H60JZ,"Insertion of Pacemaker Lead into Right Atrium, Open Approach",PR,cvd,Device & Technology Use,0,1,0
02H60KZ,"Insertion of Defibrillator Lead into Right Atrium, Open Approach",PR,cvd,Device & Technology Use,0,1,0
02H63JZ,"Insertion of Pacemaker Lead into Right Atrium, Percutaneous Approach",PR,cvd,Device & Technology Use,0,1,0
02H63KZ,"Insertion of Defibrillator Lead into Right Atrium, Percutaneous Approach",PR,cvd,Device & Technology Use,0,1,0
02H63MZ,"Insertion of Cardiac Lead into Right Atrium, Percutaneous Approach",PR,cvd,Device & Technology Use,0,1,0
02H64JZ,"Insertion of Pacemaker Lead into Right Atrium, Percutaneous Endoscopic Approach",PR,cvd,Device & Technology Use,0,1,0
02H64KZ,"Insertion of Defibrillator Lead into Right Atrium, Percutaneous Endoscopic Approach",PR,cvd,Device & Technology Use,0,1,0
02H70JZ,"Insertion of Pacemaker Lead into Left Atrium, Open Approach",PR,cvd,Device & Technology Use,0,1,0
02H73JZ,"Insertion of Pacemaker Lead into Left Atrium, Percutaneous Approach",PR,cvd,Device & Technology Use,0,1,0
02H73KZ,"Insertion of Defibrillator Lead into Left Atrium, Percutaneous Approach",PR,cvd,Device & Technology Use,0,1,0
02H73MZ,"Insertion of Cardiac Lead into Left Atrium, Percutaneous Approach",PR,cvd,Device & Technology Use,0,1,0
02H74KZ,"Insertion of Defibrillator Lead into Left Atrium, Percutaneous Endoscopic Approach",PR,cvd,Device & Technology Use,0,1,0
02HA0QZ,"Insertion of Implantable Heart Assist System into Heart, Open Approach",PR,cvd,Device & Technology Use,0,1,0
02HA0RS,"Insertion of Biventricular Short-term External Heart Assist System into Heart, Open Approach",PR,cvd,Device & Technology Use,0,1,0
02HA0RZ,"Insertion of Short-term External Heart Assist System into Heart, Open Approach",PR,cvd,Device & Technology Use,0,1,0
02HA3QZ,"Insertion of Implantable Heart Assist System into Heart, Percutaneous Approach",PR,cvd,Device & Technology Use,0,1,0
02HA3RS,"Insertion of Biventricular Short-term External Heart Assist System into Heart, Percutaneous Approach",PR,cvd,Device & Technology Use,0,1,0
02HA4QZ,"Insertion of Implantable Heart Assist System into Heart, Percutaneous Endoscopic Approach",PR,cvd,Device & Technology Use,0,1,0
02HA4RS,"Insertion of Biventricular Short-term External Heart Assist System into Heart, Percutaneous Endoscopic Approach",PR,cvd,Device & Technology Use,0,1,0
02HK0JZ,"Insertion of Pacemaker Lead into Right Ventricle, Open Approach",PR,cvd,Device & Technology Use,0,1,0
02HK0KZ,"Insertion of Defibrillator Lead into Right Ventricle, Open Approach",PR,cvd,Device & Technology Use,0,1,0
02HK3JZ,"Insertion of Pacemaker Lead into Right Ventricle, Percutaneous Approach",PR,cvd,Device & Technology Use,0,1,0
02HK3KZ,"Insertion of Defibrillator Lead into Right Ventricle, Percutaneous Approach",PR,cvd,Device & Technology Use,0,1,0
02HK3MZ,"Insertion of Cardiac Lead into Right Ventricle, Percutaneous Approach",PR,cvd,Device & Technology Use,0,1,0
02HK4JZ,"Insertion of Pacemaker Lead into Right Ventricle, Percutaneous Endoscopic Approach",PR,cvd,Device & Technology Use,0,1,0
02HK4KZ,"Insertion of Defibrillator Lead into Right Ventricle, Percutaneous Endoscopic Approach",PR,cvd,Device & Technology Use,0,1,0
02HL0JZ,"Insertion of Pacemaker Lead into Left Ventricle, Open Approach",PR,cvd,Device & Technology Use,0,1,0
02HL0KZ,"Insertion of Defibrillator Lead into Left Ventricle, Open Approach",PR,cvd,Device & Technology Use,0,1,0
02HL0MZ,"Insertion of Cardiac Lead into Left Ventricle, Open Approach",PR,cvd,Device & Technology Use,0,1,0
02HL3JZ,"Insertion of Pacemaker Lead into Left Ventricle, Percutaneous Approach",PR,cvd,Device & Technology Use,0,1,0
02HL3KZ,"Insertion of Defibrillator Lead into Left Ventricle, Percutaneous Approach",PR,cvd,Device & Technology Use,0,1,0
02HL3MZ,"Insertion of Cardiac Lead into Left Ventricle, Percutaneous Approach",PR,cvd,Device & Technology Use,0,1,0
02HL4JZ,"Insertion of Pacemaker Lead into Left Ventricle, Percutaneous Endoscopic Approach",PR,cvd,Device & Technology Use,0,1,0
02HL4KZ,"Insertion of Defibrillator Lead into Left Ventricle, Percutaneous Endoscopic Approach",PR,cvd,Device & Technology Use,0,1,0
02HL4MZ,"Insertion of Cardiac Lead into Left Ventricle, Percutaneous Endoscopic Approach",PR,cvd,Device & Technology Use,0,1,0
02HN0JZ,"Insertion of Pacemaker Lead into Pericardium, Open Approach",PR,cvd,Device & Technology Use,0,1,0
02HN0KZ,"Insertion of Defibrillator Lead into Pericardium, Open Approach",PR,cvd,Device & Technology Use,0,1,0
02HN0MZ,"Insertion of Cardiac Lead into Pericardium, Open Approach",PR,cvd,Device & Technology Use,0,1,0
02HN3JZ,"Insertion of Pacemaker Lead into Pericardium, Percutaneous Approach",PR,cvd,Device & Technology Use,0,1,0
02HN3KZ,"Insertion of Defibrillator Lead into Pericardium, Percutaneous Approach",PR,cvd,Device & Technology Use,0,1,0
02HN3MZ,"Insertion of Cardiac Lead into Pericardium, Percutaneous Approach",PR,cvd,Device & Technology Use,0,1,0
02HN4JZ,"Insertion of Pacemaker Lead into Pericardium, Percutaneous Endoscopic Approach",PR,cvd,Device & Technology Use,0,1,0
02HN4KZ,"Insertion of Defibrillator Lead into Pericardium, Percutaneous Endoscopic Approach",PR,cvd,Device & Technology Use,0,1,0
02HN4MZ,"Insertion of Cardiac Lead into Pericardium, Percutaneous Endoscopic Approach",PR,cvd,Device & Technology Use,0,1,0
02LR0CT,"Occlusion of Ductus Arterio with Extralum Dev, Open Approach",PR,cvd,Heart and Great Vessel Malformations,0,0,0
02LR0DT,"Occlusion of Ductus Arterio with Intralum Dev, Open Approach",PR,cvd,Heart and Great Vessel Malformations,0,0,0
02LR0ZT,"Occlusion of Ductus Arteriosus, Open Approach",PR,cvd,Heart and Great Vessel Malformations,0,0,0
02LS0ZZ,"Occlusion of Right Pulmonary Vein, Open Approach",PR,cvd,Heart and Great Vessel Malformations,0,0,0
02LT0ZZ,"Occlusion of Left Pulmonary Vein, Open Approach",PR,cvd,Heart and Great Vessel Malformations,0,0,0
02NH0ZZ,"Release Pulmonary Valve, Open Approach",PR,cvd,Heart and Great Vessel Malformations,0,0,0
02Q60ZZ,"Repair Right Atrium, Open Approach",PR,cvd,Heart and Great Vessel Malformations,0,0,0
02Q63ZZ,"Repair Right Atrium, Percutaneous Approach",PR,cvd,Heart and Great Vessel Malformations,0,0,0
02Q73ZZ,"Repair Left Atrium, Percutaneous Approach",PR,cvd,Heart and Great Vessel Malformations,0,0,0
02QA0ZZ,"Repair Heart, Open Approach",PR,cvd,Heart and Great Vessel Malformations,0,0,0
02QA3ZZ,"Repair Heart, Percutaneous Approach",PR,cvd,Heart and Great Vessel Malformations,0,0,0
02RK07Z,"Replacement of Right Ventricle with Autol Sub, Open Approach",PR,cvd,Heart and Great Vessel Malformations,0,0,0
02RK08Z,"Replacement of Right Ventricle with Zooplastic, Open Approach",PR,cvd,Heart and Great Vessel Malformations,0,0,0
02RK0JZ,"Replacement of Right Ventricle with Synthetic Substitute, Open Approach",PR,cvd,Heart and Great Vessel Malformations,0,0,0
02RL0JZ,"Replacement of Left Ventricle with Synthetic Substitute, Open Approach",PR,cvd,Heart and Great Vessel Malformations,0,0,0
02RM0JZ,"Replacement of Ventricular Septum with Synthetic Substitute, Open Approach",PR,cvd,Heart and Great Vessel Malformations,0,0,0
02RP0JZ,"Replacement of Pulmonary Trunk with Synthetic Substitute, Open Approach",PR,cvd,Heart and Great Vessel Malformations,0,0,0
02RQ07Z,"Replacement of Right Pulmonary Artery with Autologous Tissue Substitute, Open Approach",PR,cvd,Heart and Great Vessel Malformations,0,0,0
02RQ0JZ,"Replacement of Right Pulmonary Artery with Synthetic Substitute, Open Approach",PR,cvd,Heart and Great Vessel Malformations,0,0,0
02RR07Z,"Replacement of Left Pulmonary Artery with Autologous Tissue Substitute, Open Approach",PR,cvd,Heart and Great Vessel Malformations,0,0,0
02RR0JZ,"Replacement of Left Pulmonary Artery with Synthetic Substitute, Open Approach",PR,cvd,Heart and Great Vessel Malformations,0,0,0
02SP0ZZ,"Reposition Pulmonary Trunk, Open Approach",PR,cvd,Heart and Great Vessel Malformations,0,0,0
02SW0ZZ,"Reposition Thoracic Aorta, Descending, Open Approach",PR,cvd,Heart and Great Vessel Malformations,0,0,0
02SX0ZZ,"Reposition Thoracic Aorta, Ascending/Arch, Open Approach",PR,cvd,Heart and Great Vessel Malformations,0,0,0
02U607Z,"Supplement Right Atrium with Autol Sub, Open Approach",PR,cvd,Heart and Great Vessel Malformations,0,0,0
02U608Z,"Supplement Right Atrium with Zooplastic, Open Approach",PR,cvd,Heart and Great Vessel Malformations,0,0,0
02U60JZ,"Supplement Right Atrium with Synth Sub, Open Approach",PR,cvd,Heart and Great Vessel Malformations,0,0,0
02U707Z,"Supplement Left Atrium with Autol Sub, Open Approach",PR,cvd,Heart and Great Vessel Malformations,0,0,0
02U708Z,"Supplement Left Atrium with Zooplastic Tissue, Open Approach",PR,cvd,Heart and Great Vessel Malformations,0,0,0
02U70JZ,"Supplement Left Atrium with Synthetic Substitute, Open Approach",PR,cvd,Heart and Great Vessel Malformations,0,0,0
02UA07Z,"Supplement Heart with Autologous Tissue Substitute, Open Approach",PR,cvd,Heart and Great Vessel Malformations,0,0,0
02UA3JZ,"Supplement Heart with Synthetic Substitute, Percutaneous Approach",PR,cvd,Heart and Great Vessel Malformations,0,0,0
02UA4JZ,"Supplement Heart with Synthetic Substitute, Percutaneous Endoscopic Approach",PR,cvd,Heart and Great Vessel Malformations,0,0,0
02UK07Z,"Supplement Right Ventricle with Autol Sub, Open Approach",PR,cvd,Heart and Great Vessel Malformations,0,0,0
02UK08Z,"Supplement Right Ventricle with Zooplastic, Open Approach",PR,cvd,Heart and Great Vessel Malformations,0,0,0
02UK0JZ,"Supplement Right Ventricle with Synth Sub, Open Approach",PR,cvd,Heart and Great Vessel Malformations,0,0,0
02UK0KZ,"Supplement Right Ventricle with Nonaut Sub, Open Approach",PR,cvd,Heart and Great Vessel Malformations,0,0,0
02UL07Z,"Supplement Left Ventricle with Autol Sub, Open Approach",PR,cvd,Heart and Great Vessel Malformations,0,0,0
02UL0JZ,"Supplement Left Ventricle with Synth Sub, Open Approach",PR,cvd,Heart and Great Vessel Malformations,0,0,0
02UL0KZ,"Supplement Left Ventricle with Nonaut Sub, Open Approach",PR,cvd,Heart and Great Vessel Malformations,0,0,0
02UP07Z,"Supplement Pulmonary Trunk with Autol Sub, Open Approach",PR,cvd,Heart and Great Vessel Malformations,0,0,0
02UP08Z,"Supplement Pulmonary Trunk with Zooplastic, Open Approach",PR,cvd,Heart and Great Vessel Malformations,0,0,0
02UP0JZ,"Supplement Pulmonary Trunk with Synth Sub, Open Approach",PR,cvd,Heart and Great Vessel Malformations,0,0,0
02UP0KZ,"Supplement Pulmonary Trunk with Nonaut Sub, Open Approach",PR,cvd,Heart and Great Vessel Malformations,0,0,0
02UP38Z,"Supplement Pulmonary Trunk with Zooplastic, Perc Approach",PR,cvd,Heart and Great Vessel Malformations,0,0,0
02UW07Z,"Supplement Thor Aorta Desc with Autol Sub, Open Approach",PR,cvd,Heart and Great Vessel Malformations,0,0,0
02UW08Z,"Supplement Thor Aorta Desc with Zooplastic, Open Approach",PR,cvd,Heart and Great Vessel Malformations,0,0,0
02UW0JZ,"Supplement Thor Aorta Desc with Synth Sub, Open Approach",PR,cvd,Heart and Great Vessel Malformations,0,0,0
02UW0KZ,"Supplement Thor Aorta Desc with Nonaut Sub, Open Approach",PR,cvd,Heart and Great Vessel Malformations,0,0,0
02UX07Z,"Supplement Thor Aorta Asc with Autol Sub, Open Approach",PR,cvd,Heart and Great Vessel Malformations,0,0,0
02UX08Z,"Supplement Thor Aorta Asc with Zooplastic, Open Approach",PR,cvd,Heart and Great Vessel Malformations,0,0,0
02UX0JZ,"Supplement Thor Aorta Asc with Synth Sub, Open Approach",PR,cvd,Heart and Great Vessel Malformations,0,0,0
02UX0KZ,"Supplement Thor Aorta Asc with Nonaut Sub, Open Approach",PR,cvd,Heart and Great Vessel Malformations,0,0,0
02UX3KZ,"Supplement Thor Aorta Asc with Nonaut Sub, Perc Approach",PR,cvd,Heart and Great Vessel Malformations,0,0,0
02VR0ZT,"Restriction of Ductus Arteriosus, Open Approach",PR,cvd,Heart and Great Vessel Malformations,0,0,0
02W50JZ,"Revision of Synthetic Substitute in Atrial Septum, Open Approach",PR,cvd,Heart and Great Vessel Malformations,0,0,0
02WA0JZ,"Revision of Synthetic Substitute in Heart, Open Approach",PR,cvd,Heart and Great Vessel Malformations,0,0,0
02WA0QZ,"Revision of Implantable Heart Assist System in Heart, Open Approach",PR,cvd,Device & Technology Use,0,1,0
02WA0RZ,"Revision of Short-term External Heart Assist System in Heart, Open Approach",PR,cvd,Device & Technology Use,0,1,0
02WA3QZ,"Revision of Implantable Heart Assist System in Heart, Percutaneous Approach",PR,cvd,Device & Technology Use,0,1,0
02WA3RZ,"Revision of Short-term External Heart Assist System in Heart, Percutaneous Approach",PR,cvd,Device & Technology Use,0,1,0
02WA4QZ,"Revision of Implantable Heart Assist System in Heart, Percutaneous Endoscopic Approach",PR,cvd,Device & Technology Use,0,1,0
02WA4RZ,"Revision of Short-term External Heart Assist System in Heart, Percutaneous Endoscopic Approach",PR,cvd,Device & Technology Use,0,1,0
02WM0JZ,"Revision of Synthetic Substitute in Ventricular Septum, Open Approach",PR,cvd,Heart and Great Vessel Malformations,0,0,0
02YA0Z0,"Transplantation of Heart, Allogeneic, Open Approach",PR,cvd,Transplantation,0,0,1
02YA0Z0,"Transplantation of Heart, Allogeneic, Open Approach",PR,transplant,,0,0,1
02YA0Z1,"Transplantation of Heart, Syngeneic, Open Approach",PR,cvd,Transplantation,0,0,1
02YA0Z1,"Transplantation of Heart, Syngeneic, Open Approach",PR,transplant,,0,0,1
02YA0Z2,"Transplantation of Heart, Zooplastic, Open Approach",PR,cvd,Transplantation,0,0,1
02YA0Z2,"Transplantation of Heart, Zooplastic, Open Approach",PR,transplant,,0,0,1
031209D,"Bypass Innominate Artery to Upper Arm Vein with Autologous Venous Tissue, Open Approach",PR,renal ,Device & Technology Use,0,1,0
031209F,"Bypass Innominate Artery to Lower Arm Vein with Autologous Venous Tissue, Open Approach",PR,renal ,Device & Technology Use,0,1,0
03120AD,"Bypass Innominate Artery to Upper Arm Vein with Autologous Arterial Tissue, Open Approach",PR,renal ,Device & Technology Use,0,1,0
03120AF,"Bypass Innominate Artery to Lower Arm Vein with Autologous Arterial Tissue, Open Approach",PR,renal ,Device & Technology Use,0,1,0
03120JD,"Bypass Innominate Artery to Upper Arm Vein with Synthetic Substitute, Open Approach",PR,renal ,Device & Technology Use,0,1,0
03120JF,"Bypass Innominate Artery to Lower Arm Vein with Synthetic Substitute, Open Approach",PR,renal ,Device & Technology Use,0,1,0
03120KD,"Bypass Innominate Artery to Upper Arm Vein with Nonautologous Tissue Substitute, Open Approach",PR,renal ,Device & Technology Use,0,1,0
03120KF,"Bypass Innominate Artery to Lower Arm Vein with Nonautologous Tissue Substitute, Open Approach",PR,renal ,Device & Technology Use,0,1,0
03120ZD,"Bypass Innominate Artery to Upper Arm Vein, Open Approach",PR,renal ,Device & Technology Use,0,1,0
03120ZF,"Bypass Innominate Artery to Lower Arm Vein, Open Approach",PR,renal ,Device & Technology Use,0,1,0
031309D,"Bypass Right Subclavian Artery to Upper Arm Vein with Autologous Venous Tissue, Open Approach",PR,renal ,Device & Technology Use,0,1,0
031309F,"Bypass Right Subclavian Artery to Lower Arm Vein with Autologous Venous Tissue, Open Approach",PR,renal ,Device & Technology Use,0,1,0
03130AD,"Bypass Right Subclavian Artery to Upper Arm Vein with Autologous Arterial Tissue, Open Approach",PR,renal ,Device & Technology Use,0,1,0
03130AF,"Bypass Right Subclavian Artery to Lower Arm Vein with Autologous Arterial Tissue, Open Approach",PR,renal ,Device & Technology Use,0,1,0
03130JD,"Bypass Right Subclavian Artery to Upper Arm Vein with Synthetic Substitute, Open Approach",PR,renal ,Device & Technology Use,0,1,0
03130JF,"Bypass Right Subclavian Artery to Lower Arm Vein with Synthetic Substitute, Open Approach",PR,renal ,Device & Technology Use,0,1,0
03130KD,"Bypass Right Subclavian Artery to Upper Arm Vein with Nonautologous Tissue Substitute, Open Approach",PR,renal ,Device & Technology Use,0,1,0
03130KF,"Bypass Right Subclavian Artery to Lower Arm Vein with Nonautologous Tissue Substitute, Open Approach",PR,renal ,Device & Technology Use,0,1,0
03130ZD,"Bypass Right Subclavian Artery to Upper Arm Vein, Open Approach",PR,renal ,Device & Technology Use,0,1,0
03130ZF,"Bypass Right Subclavian Artery to Lower Arm Vein, Open Approach",PR,renal ,Device & Technology Use,0,1,0
031409D,"Bypass Left Subclavian Artery to Upper Arm Vein with Autologous Venous Tissue, Open Approach",PR,renal ,Device & Technology Use,0,1,0
031409F,"Bypass Left Subclavian Artery to Lower Arm Vein with Autologous Venous Tissue, Open Approach",PR,renal ,Device & Technology Use,0,1,0
03140AD,"Bypass Left Subclavian Artery to Upper Arm Vein with Autologous Arterial Tissue, Open Approach",PR,renal ,Device & Technology Use,0,1,0
03140AF,"Bypass Left Subclavian Artery to Lower Arm Vein with Autologous Arterial Tissue, Open Approach",PR,renal ,Device & Technology Use,0,1,0
03140JD,"Bypass Left Subclavian Artery to Upper Arm Vein with Synthetic Substitute, Open Approach",PR,renal ,Device & Technology Use,0,1,0
03140JF,"Bypass Left Subclavian Artery to Lower Arm Vein with Synthetic Substitute, Open Approach",PR,renal ,Device & Technology Use,0,1,0
03140KD,"Bypass Left Subclavian Artery to Upper Arm Vein with Nonautologous Tissue Substitute, Open Approach",PR,renal ,Device & Technology Use,0,1,0
03140KF,"Bypass Left Subclavian Artery to Lower Arm Vein with Nonautologous Tissue Substitute, Open Approach",PR,renal ,Device & Technology Use,0,1,0
03140ZD,"Bypass Left Subclavian Artery to Upper Arm Vein, Open Approach",PR,renal ,Device & Technology Use,0,1,0
03140ZF,"Bypass Left Subclavian Artery to Lower Arm Vein, Open Approach",PR,renal ,Device & Technology Use,0,1,0
031509D,"Bypass Right Axillary Artery to Upper Arm Vein with Autologous Venous Tissue, Open Approach",PR,renal ,Device & Technology Use,0,1,0
031509F,"Bypass Right Axillary Artery to Lower Arm Vein with Autologous Venous Tissue, Open Approach",PR,renal ,Device & Technology Use,0,1,0
03150AD,"Bypass Right Axillary Artery to Upper Arm Vein with Autologous Arterial Tissue, Open Approach",PR,renal ,Device & Technology Use,0,1,0
03150AF,"Bypass Right Axillary Artery to Lower Arm Vein with Autologous Arterial Tissue, Open Approach",PR,renal ,Device & Technology Use,0,1,0
03150JD,"Bypass Right Axillary Artery to Upper Arm Vein with Synthetic Substitute, Open Approach",PR,renal ,Device & Technology Use,0,1,0
03150JF,"Bypass Right Axillary Artery to Lower Arm Vein with Synthetic Substitute, Open Approach",PR,renal ,Device & Technology Use,0,1,0
03150KD,"Bypass Right Axillary Artery to Upper Arm Vein with Nonautologous Tissue Substitute, Open Approach",PR,renal ,Device & Technology Use,0,1,0
03150KF,"Bypass Right Axillary Artery to Lower Arm Vein with Nonautologous Tissue Substitute, Open Approach",PR,renal ,Device & Technology Use,0,1,0
03150ZD,"Bypass Right Axillary Artery to Upper Arm Vein, Open Approach",PR,renal ,Device & Technology Use,0,1,0
03150ZF,"Bypass Right Axillary Artery to Lower Arm Vein, Open Approach",PR,renal ,Device & Technology Use,0,1,0
031609D,"Bypass Left Axillary Artery to Upper Arm Vein with Autologous Venous Tissue, Open Approach",PR,renal ,Device & Technology Use,0,1,0
031609F,"Bypass Left Axillary Artery to Lower Arm Vein with Autologous Venous Tissue, Open Approach",PR,renal ,Device & Technology Use,0,1,0
03160AD,"Bypass Left Axillary Artery to Upper Arm Vein with Autologous Arterial Tissue, Open Approach",PR,renal ,Device & Technology Use,0,1,0
03160AF,"Bypass Left Axillary Artery to Lower Arm Vein with Autologous Arterial Tissue, Open Approach",PR,renal ,Device & Technology Use,0,1,0
03160JD,"Bypass Left Axillary Artery to Upper Arm Vein with Synthetic Substitute, Open Approach",PR,renal ,Device & Technology Use,0,1,0
03160JF,"Bypass Left Axillary Artery to Lower Arm Vein with Synthetic Substitute, Open Approach",PR,renal ,Device & Technology Use,0,1,0
03160KD,"Bypass Left Axillary Artery to Upper Arm Vein with Nonautologous Tissue Substitute, Open Approach",PR,renal ,Device & Technology Use,0,1,0
03160KF,"Bypass Left Axillary Artery to Lower Arm Vein with Nonautologous Tissue Substitute, Open Approach",PR,renal ,Device & Technology Use,0,1,0
03160ZD,"Bypass Left Axillary Artery to Upper Arm Vein, Open Approach",PR,renal ,Device & Technology Use,0,1,0
03160ZF,"Bypass Left Axillary Artery to Lower Arm Vein, Open Approach",PR,renal ,Device & Technology Use,0,1,0
031709D,"Bypass Right Brachial Artery to Upper Arm Vein with Autologous Venous Tissue, Open Approach",PR,renal ,Device & Technology Use,0,1,0
031709F,"Bypass Right Brachial Artery to Lower Arm Vein with Autologous Venous Tissue, Open Approach",PR,renal ,Device & Technology Use,0,1,0
03170AD,"Bypass Right Brachial Artery to Upper Arm Vein with Autologous Arterial Tissue, Open Approach",PR,renal ,Device & Technology Use,0,1,0
03170AF,"Bypass Right Brachial Artery to Lower Arm Vein with Autologous Arterial Tissue, Open Approach",PR,renal ,Device & Technology Use,0,1,0
03170JD,"Bypass Right Brachial Artery to Upper Arm Vein with Synthetic Substitute, Open Approach",PR,renal ,Device & Technology Use,0,1,0
03170JF,"Bypass Right Brachial Artery to Lower Arm Vein with Synthetic Substitute, Open Approach",PR,renal ,Device & Technology Use,0,1,0
03170KD,"Bypass Right Brachial Artery to Upper Arm Vein with Nonautologous Tissue Substitute, Open Approach",PR,renal ,Device & Technology Use,0,1,0
03170KF,"Bypass Right Brachial Artery to Lower Arm Vein with Nonautologous Tissue Substitute, Open Approach",PR,renal ,Device & Technology Use,0,1,0
03170ZD,"Bypass Right Brachial Artery to Upper Arm Vein, Open Approach",PR,renal ,Device & Technology Use,0,1,0
03170ZF,"Bypass Right Brachial Artery to Lower Arm Vein, Open Approach",PR,renal ,Device & Technology Use,0,1,0
031809D,"Bypass Left Brachial Artery to Upper Arm Vein with Autologous Venous Tissue, Open Approach",PR,renal ,Device & Technology Use,0,1,0
031809F,"Bypass Left Brachial Artery to Lower Arm Vein with Autologous Venous Tissue, Open Approach",PR,renal ,Device & Technology Use,0,1,0
03180AD,"Bypass Left Brachial Artery to Upper Arm Vein with Autologous Arterial Tissue, Open Approach",PR,renal ,Device & Technology Use,0,1,0
03180AF,"Bypass Left Brachial Artery to Lower Arm Vein with Autologous Arterial Tissue, Open Approach",PR,renal ,Device & Technology Use,0,1,0
03180JD,"Bypass Left Brachial Artery to Upper Arm Vein with Synthetic Substitute, Open Approach",PR,renal ,Device & Technology Use,0,1,0
03180JF,"Bypass Left Brachial Artery to Lower Arm Vein with Synthetic Substitute, Open Approach",PR,renal ,Device & Technology Use,0,1,0
03180KD,"Bypass Left Brachial Artery to Upper Arm Vein with Nonautologous Tissue Substitute, Open Approach",PR,renal ,Device & Technology Use,0,1,0
03180KF,"Bypass Left Brachial Artery to Lower Arm Vein with Nonautologous Tissue Substitute, Open Approach",PR,renal ,Device & Technology Use,0,1,0
03180ZD,"Bypass Left Brachial Artery to Upper Arm Vein, Open Approach",PR,renal ,Device & Technology Use,0,1,0
03180ZF,"Bypass Left Brachial Artery to Lower Arm Vein, Open Approach",PR,renal ,Device & Technology Use,0,1,0
031909F,"Bypass Right Ulnar Artery to Lower Arm Vein with Autologous Venous Tissue, Open Approach",PR,renal ,Device & Technology Use,0,1,0
03190AF,"Bypass Right Ulnar Artery to Lower Arm Vein with Autologous Arterial Tissue, Open Approach",PR,renal ,Device & Technology Use,0,1,0
03190JF,"Bypass Right Ulnar Artery to Lower Arm Vein with Synthetic Substitute, Open Approach",PR,renal ,Device & Technology Use,0,1,0
03190KF,"Bypass Right Ulnar Artery to Lower Arm Vein with Nonautologous Tissue Substitute, Open Approach",PR,renal ,Device & Technology Use,0,1,0
03190ZF,"Bypass Right Ulnar Artery to Lower Arm Vein, Open Approach",PR,renal ,Device & Technology Use,0,1,0
031A09F,"Bypass Left Ulnar Artery to Lower Arm Vein with Autologous Venous Tissue, Open Approach",PR,renal ,Device & Technology Use,0,1,0
031A0AF,"Bypass Left Ulnar Artery to Lower Arm Vein with Autologous Arterial Tissue, Open Approach",PR,renal ,Device & Technology Use,0,1,0
031A0JF,"Bypass Left Ulnar Artery to Lower Arm Vein with Synthetic Substitute, Open Approach",PR,renal ,Device & Technology Use,0,1,0
031A0KF,"Bypass Left Ulnar Artery to Lower Arm Vein with Nonautologous Tissue Substitute, Open Approach",PR,renal ,Device & Technology Use,0,1,0
031A0ZF,"Bypass Left Ulnar Artery to Lower Arm Vein, Open Approach",PR,renal ,Device & Technology Use,0,1,0
031B09F,"Bypass Right Radial Artery to Lower Arm Vein with Autologous Venous Tissue, Open Approach",PR,renal ,Device & Technology Use,0,1,0
031B0AF,"Bypass Right Radial Artery to Lower Arm Vein with Autologous Arterial Tissue, Open Approach",PR,renal ,Device & Technology Use,0,1,0
031B0JF,"Bypass Right Radial Artery to Lower Arm Vein with Synthetic Substitute, Open Approach",PR,renal ,Device & Technology Use,0,1,0
031B0KF,"Bypass Right Radial Artery to Lower Arm Vein with Nonautologous Tissue Substitute, Open Approach",PR,renal ,Device & Technology Use,0,1,0
031B0ZF,"Bypass Right Radial Artery to Lower Arm Vein, Open Approach",PR,renal ,Device & Technology Use,0,1,0
031C09F,"Bypass Left Radial Artery to Lower Arm Vein with Autologous Venous Tissue, Open Approach",PR,renal ,Device & Technology Use,0,1,0
031C0AF,"Bypass Left Radial Artery to Lower Arm Vein with Autologous Arterial Tissue, Open Approach",PR,renal ,Device & Technology Use,0,1,0
031C0JF,"Bypass Left Radial Artery to Lower Arm Vein with Synthetic Substitute, Open Approach",PR,renal ,Device & Technology Use,0,1,0
031C0KF,"Bypass Left Radial Artery to Lower Arm Vein with Nonautologous Tissue Substitute, Open Approach",PR,renal ,Device & Technology Use,0,1,0
031C0ZF,"Bypass Left Radial Artery to Lower Arm Vein, Open Approach",PR,renal ,Device & Technology Use,0,1,0
0371,Spinal subarachnoid-peritoneal shunt,PR,neuromusc,Device & Technology Use,9,1,0
0372,Spinal subarachnoid-ureteral shunt,PR,neuromusc,Device & Technology Use,9,1,0
0379,Other shunt of spinal theca,PR,neuromusc,Device & Technology Use,9,1,0
0393,Implantation or replacement of spinal neurostimulator lead(s),PR,neuromusc,Device & Technology Use,9,1,0
0397,Revision of spinal theca shunt,PR,neuromusc,Device & Technology Use,9,1,0
03HK0MZ,"Insertion of Stimulator Lead into Right Internal Carotid Artery, Open Approach",PR,cvd,Device & Technology Use,0,1,0
03HK3MZ,"Insertion of Stimulator Lead into Right Internal Carotid Artery, Percutaneous Approach",PR,cvd,Device & Technology Use,0,1,0
03HK4MZ,"Insertion of Stimulator Lead into Right Internal Carotid Artery, Percutaneous Endoscopic Approach",PR,cvd,Device & Technology Use,0,1,0
03HL0MZ,"Insertion of Stimulator Lead into Left Internal Carotid Artery, Open Approach",PR,cvd,Device & Technology Use,0,1,0
03HL3MZ,"Insertion of Stimulator Lead into Left Internal Carotid Artery, Percutaneous Approach",PR,cvd,Device & Technology Use,0,1,0
03HL4MZ,"Insertion of Stimulator Lead into Left Internal Carotid Artery, Percutaneous Endoscopic Approach",PR,cvd,Device & Technology Use,0,1,0
03WY0JZ,"Revision of Synthetic Substitute in Upper Artery, Open Approach",PR,renal ,Device & Technology Use,0,1,0
03WY0MZ,"Revision of Stimulator Lead in Upper Artery, Open Approach",PR,cvd,Device & Technology Use,0,1,0
03WY3JZ,"Revision of Synthetic Substitute in Upper Artery, Percutaneous Approach",PR,renal ,Device & Technology Use,0,1,0
03WY3MZ,"Revision of Stimulator Lead in Upper Artery, Percutaneous Approach",PR,cvd,Device & Technology Use,0,1,0
03WY4JZ,"Revision of Synthetic Substitute in Upper Artery, Percutaneous Endoscopic Approach",PR,renal ,Device & Technology Use,0,1,0
03WY4MZ,"Revision of Stimulator Lead in Upper Artery, Percutaneous Endoscopic Approach",PR,cvd,Device & Technology Use,0,1,0
03WYXJZ,"Revision of Synthetic Substitute in Upper Artery, External Approach",PR,renal ,Device & Technology Use,0,1,0
042,Human immunodeficiency virus [HIV] disease,DX,hemato_immu,Acquired immunodeficiency,9,0,0
0492,Implantation or replacement of peripheral neurostimulator lead(s),PR,neuromusc,Device & Technology Use,9,1,0
05HY33Z,"Insertion of Infusion Device into Upper Vein, Percutaneous Approach",PR,renal ,Device & Technology Use,0,1,0
064,Complete thyroidectomy,PR,metabolic,Endocrine disorders,9,0,0
0652,Complete substernal thyroidectomy,PR,metabolic,Endocrine disorders,9,0,0
0681,Complete parathyroidectomy,PR,metabolic,Endocrine disorders,9,0,0
073,Bilateral adrenalectomy,PR,metabolic,Endocrine disorders,9,0,0
0764,"Total excision pituitary gland, transfrontal approach",PR,metabolic,Endocrine disorders,9,0,0
0765,"Total excision pituitary gland, transsphenoidal approach",PR,metabolic,Endocrine disorders,9,0,0
0768,"Total excision pituitary gland, other specified approach",PR,metabolic,Endocrine disorders,9,0,0
0769,"Total excision pituitary gland, unspecified approach",PR,metabolic,Endocrine disorders,9,0,0
07TP0ZZ,"Resection of Spleen, Open Approach",PR,hemato_immu,Other hematologic/immunologic,0,0,0
07TP4ZZ,"Resection of Spleen, Percutaneous Endoscopic Approach",PR,hemato_immu,Other hematologic/immunologic,0,0,0
07YP0Z0,"Transplantation of Spleen, Allogeneic, Open Approach",PR,hemato_immu,Transplantation,0,0,1
07YP0Z0,"Transplantation of Spleen, Allogeneic, Open Approach",PR,transplant,,0,0,1
07YP0Z1,"Transplantation of Spleen, Syngeneic, Open Approach",PR,hemato_immu,Transplantation,0,0,1
07YP0Z1,"Transplantation of Spleen, Syngeneic, Open Approach",PR,transplant,,0,0,1
07YP0Z2,"Transplantation of Spleen, Zooplastic, Open Approach",PR,hemato_immu,Transplantation,0,0,1
07YP0Z2,"Transplantation of Spleen, Zooplastic, Open Approach",PR,transplant,,0,0,1
0B110F4,"Bypass Trachea to Cutaneous with Tracheostomy Device, Open Approach",PR,Respiratory,Device & Technology Use,0,1,0
0B110Z4,"Bypass Trachea to Cutaneous, Open Approach",PR,respiratory,Other respiratory,0,0,0
0B113F4,"Bypass Trachea to Cutaneous with Tracheostomy Device, Percutaneous Approach",PR,Respiratory,Device & Technology Use,0,1,0
0B113Z4,"Bypass Trachea to Cutaneous, Percutaneous Approach",PR,respiratory,Other respiratory,0,0,0
0B114F4,"Bypass Trachea to Cutaneous with Tracheostomy Device, Percutaneous Endoscopic Approach",PR,Respiratory,Device & Technology Use,0,1,0
0B114Z4,"Bypass Trachea to Cutaneous, Percutaneous Endoscopic Approach",PR,respiratory,Other respiratory,0,0,0
0B21XFZ,"Change Tracheostomy Device in Trachea, External Approach",PR,Respiratory,Device & Technology Use,0,1,0
0BHR0MZ,"Insertion of Diaphragmatic Pacemaker Lead into Right Diaphragm, Open Approach",PR,Respiratory,Device & Technology Use,0,1,0
0BHR3MZ,"Insertion of Diaphragmatic Pacemaker Lead into Right Diaphragm, Percutaneous Approach",PR,Respiratory,Device & Technology Use,0,1,0
0BHR4MZ,"Insertion of Diaphragmatic Pacemaker Lead into Right Diaphragm, Percutaneous Endoscopic Approach",PR,Respiratory,Device & Technology Use,0,1,0
0BHS0MZ,"Insertion of Diaphragmatic Pacemaker Lead into Left Diaphragm, Open Approach",PR,Respiratory,Device & Technology Use,0,1,0
0BHS3MZ,"Insertion of Diaphragmatic Pacemaker Lead into Left Diaphragm, Percutaneous Approach",PR,Respiratory,Device & Technology Use,0,1,0
0BHS4MZ,"Insertion of Diaphragmatic Pacemaker Lead into Left Diaphragm, Percutaneous Endoscopic Approach",PR,Respiratory,Device & Technology Use,0,1,0
0BHT0MZ,"Insertion of Diaphragmatic Pacemaker Lead into Diaphragm, Open Approach",PR,Respiratory,Device & Technology Use,0,1,0
0BHT3MZ,"Insertion of Diaphragmatic Pacemaker Lead into Diaphragm, Percutaneous Approach",PR,Respiratory,Device & Technology Use,0,1,0
0BHT4MZ,"Insertion of Diaphragmatic Pacemaker Lead into Diaphragm, Percutaneous Endoscopic Approach",PR,Respiratory,Device & Technology Use,0,1,0
0BP1XFZ,"Removal Tracheostomy Device, Trachea, External",PR,Respiratory,Device & Technology Use,0,1,0
0BTC0ZZ,"Resection of Right Upper Lung Lobe, Open Approach",PR,respiratory,Other respiratory,0,0,0
0BTC4ZZ,"Resection of Right Upper Lung Lobe, Percutaneous Endoscopic Approach",PR,respiratory,Other respiratory,0,0,0
0BTD0ZZ,"Resection of Right Middle Lung Lobe, Open Approach",PR,respiratory,Other respiratory,0,0,0
0BTD4ZZ,"Resection of Right Middle Lung Lobe, Percutaneous Endoscopic Approach",PR,respiratory,Other respiratory,0,0,0
0BTF0ZZ,"Resection of Right Lower Lung Lobe, Open Approach",PR,respiratory,Other respiratory,0,0,0
0BTF4ZZ,"Resection of Right Lower Lung Lobe, Percutaneous Endoscopic Approach",PR,respiratory,Other respiratory,0,0,0
0BTG0ZZ,"Resection of Left Upper Lung Lobe, Open Approach",PR,respiratory,Other respiratory,0,0,0
0BTG4ZZ,"Resection of Left Upper Lung Lobe, Percutaneous Endoscopic Approach",PR,respiratory,Other respiratory,0,0,0
0BTJ0ZZ,"Resection of Left Lower Lung Lobe, Open Approach",PR,respiratory,Other respiratory,0,0,0
0BTJ4ZZ,"Resection of Left Lower Lung Lobe, Percutaneous Endoscopic Approach",PR,respiratory,Other respiratory,0,0,0
0BTK0ZZ,"Resection of Right Lung, Open Approach",PR,respiratory,Other respiratory,0,0,0
0BTK4ZZ,"Resection of Right Lung, Percutaneous Endoscopic Approach",PR,respiratory,Other respiratory,0,0,0
0BTL0ZZ,"Resection of Left Lung, Open Approach",PR,respiratory,Other respiratory,0,0,0
0BTL4ZZ,"Resection of Left Lung, Percutaneous Endoscopic Approach",PR,respiratory,Other respiratory,0,0,0
0BTM0ZZ,"Resection of Bilateral Lungs, Open Approach",PR,respiratory,Other respiratory,0,0,0
0BTM4ZZ,"Resection of Bilateral Lungs, Percutaneous Endoscopic Approach",PR,respiratory,Other respiratory,0,0,0
0BW10FZ,"Revision of Tracheostomy Device in Trachea, Open Approach",PR,Respiratory,Device & Technology Use,0,1,0
0BW13FZ,"Revision of Tracheostomy Device in Trachea, Percutaneous Approach",PR,Respiratory,Device & Technology Use,0,1,0
0BW14FZ,"Revision of Tracheostomy Device in Trachea, Percutaneous Endoscopic Approach",PR,Respiratory,Device & Technology Use,0,1,0
0BYC0Z0,"Transplantation of Right Upper Lung Lobe, Allogeneic, Open Approach",PR,respiratory,Transplantation,0,0,1
0BYC0Z0,"Transplantation of Right Upper Lung Lobe, Allogeneic, Open Approach",PR,transplant,,0,0,1
0BYC0Z1,"Transplantation of Right Upper Lung Lobe, Syngeneic, Open Approach",PR,respiratory,Transplantation,0,0,1
0BYC0Z1,"Transplantation of Right Upper Lung Lobe, Syngeneic, Open Approach",PR,transplant,,0,0,1
0BYC0Z2,"Transplantation of Right Upper Lung Lobe, Zooplastic, Open Approach",PR,respiratory,Transplantation,0,0,1
0BYC0Z2,"Transplantation of Right Upper Lung Lobe, Zooplastic, Open Approach",PR,transplant,,0,0,1
0BYD0Z0,"Transplantation of Right Middle Lung Lobe, Allogeneic, Open Approach",PR,respiratory,Transplantation,0,0,1
0BYD0Z0,"Transplantation of Right Middle Lung Lobe, Allogeneic, Open Approach",PR,transplant,,0,0,1
0BYD0Z1,"Transplantation of Right Middle Lung Lobe, Syngeneic, Open Approach",PR,respiratory,Transplantation,0,0,1
0BYD0Z1,"Transplantation of Right Middle Lung Lobe, Syngeneic, Open Approach",PR,transplant,,0,0,1
0BYD0Z2,"Transplantation of Right Middle Lung Lobe, Zooplastic, Open Approach",PR,respiratory,Transplantation,0,0,1
0BYD0Z2,"Transplantation of Right Middle Lung Lobe, Zooplastic, Open Approach",PR,transplant,,0,0,1
0BYF0Z0,"Transplantation of Right Lower Lung Lobe, Allogeneic, Open Approach",PR,respiratory,Transplantation,0,0,1
0BYF0Z0,"Transplantation of Right Lower Lung Lobe, Allogeneic, Open Approach",PR,transplant,,0,0,1
0BYF0Z1,"Transplantation of Right Lower Lung Lobe, Syngeneic, Open Approach",PR,respiratory,Transplantation,0,0,1
0BYF0Z1,"Transplantation of Right Lower Lung Lobe, Syngeneic, Open Approach",PR,transplant,,0,0,1
0BYF0Z2,"Transplantation of Right Lower Lung Lobe, Zooplastic, Open Approach",PR,respiratory,Transplantation,0,0,1
0BYF0Z2,"Transplantation of Right Lower Lung Lobe, Zooplastic, Open Approach",PR,transplant,,0,0,1
0BYG0Z0,"Transplantation of Left Upper Lung Lobe, Allogeneic, Open Approach",PR,respiratory,Transplantation,0,0,1
0BYG0Z0,"Transplantation of Left Upper Lung Lobe, Allogeneic, Open Approach",PR,transplant,,0,0,1
0BYG0Z1,"Transplantation of Left Upper Lung Lobe, Syngeneic, Open Approach",PR,respiratory,Transplantation,0,0,1
0BYG0Z1,"Transplantation of Left Upper Lung Lobe, Syngeneic, Open Approach",PR,transplant,,0,0,1
0BYG0Z2,"Transplantation of Left Upper Lung Lobe, Zooplastic, Open Approach",PR,respiratory,Transplantation,0,0,1
0BYG0Z2,"Transplantation of Left Upper Lung Lobe, Zooplastic, Open Approach",PR,transplant,,0,0,1
0BYH0Z0,"Transplantation of Lung Lingula, Allogeneic, Open Approach",PR,respiratory,Transplantation,0,0,1
0BYH0Z0,"Transplantation of Lung Lingula, Allogeneic, Open Approach",PR,transplant,,0,0,1
0BYH0Z1,"Transplantation of Lung Lingula, Syngeneic, Open Approach",PR,respiratory,Transplantation,0,0,1
0BYH0Z1,"Transplantation of Lung Lingula, Syngeneic, Open Approach",PR,transplant,,0,0,1
0BYH0Z2,"Transplantation of Lung Lingula, Zooplastic, Open Approach",PR,respiratory,Transplantation,0,0,1
0BYH0Z2,"Transplantation of Lung Lingula, Zooplastic, Open Approach",PR,transplant,,0,0,1
0BYJ0Z0,"Transplantation of Left Lower Lung Lobe, Allogeneic, Open Approach",PR,respiratory,Transplantation,0,0,1
0BYJ0Z0,"Transplantation of Left Lower Lung Lobe, Allogeneic, Open Approach",PR,transplant,,0,0,1
0BYJ0Z1,"Transplantation of Left Lower Lung Lobe, Syngeneic, Open Approach",PR,respiratory,Transplantation,0,0,1
0BYJ0Z1,"Transplantation of Left Lower Lung Lobe, Syngeneic, Open Approach",PR,transplant,,0,0,1
0BYJ0Z2,"Transplantation of Left Lower Lung Lobe, Zooplastic, Open Approach",PR,respiratory,Transplantation,0,0,1
0BYJ0Z2,"Transplantation of Left Lower Lung Lobe, Zooplastic, Open Approach",PR,transplant,,0,0,1
0BYK0Z0,"Transplantation of Right Lung, Allogeneic, Open Approach",PR,respiratory,Transplantation,0,0,1
0BYK0Z0,"Transplantation of Right Lung, Allogeneic, Open Approach",PR,transplant,,0,0,1
0BYK0Z1,"Transplantation of Right Lung, Syngeneic, Open Approach",PR,respiratory,Transplantation,0,0,1
0BYK0Z1,"Transplantation of Right Lung, Syngeneic, Open Approach",PR,transplant,,0,0,1
0BYK0Z2,"Transplantation of Right Lung, Zooplastic, Open Approach",PR,respiratory,Transplantation,0,0,1
0BYK0Z2,"Transplantation of Right Lung, Zooplastic, Open Approach",PR,transplant,,0,0,1
0BYL0Z0,"Transplantation of Left Lung, Allogeneic, Open Approach",PR,respiratory,Transplantation,0,0,1
0BYL0Z0,"Transplantation of Left Lung, Allogeneic, Open Approach",PR,transplant,,0,0,1
0BYL0Z1,"Transplantation of Left Lung, Syngeneic, Open Approach",PR,respiratory,Transplantation,0,0,1
0BYL0Z1,"Transplantation of Left Lung, Syngeneic, Open Approach",PR,transplant,,0,0,1
0BYL0Z2,"Transplantation of Left Lung, Zooplastic, Open Approach",PR,respiratory,Transplantation,0,0,1
0BYL0Z2,"Transplantation of Left Lung, Zooplastic, Open Approach",PR,transplant,,0,0,1
0BYM0Z0,"Transplantation of Bilateral Lungs, Allogeneic, Open Approach",PR,respiratory,Transplantation,0,0,1
0BYM0Z0,"Transplantation of Bilateral Lungs, Allogeneic, Open Approach",PR,transplant,,0,0,1
0BYM0Z1,"Transplantation of Bilateral Lungs, Syngeneic, Open Approach",PR,respiratory,Transplantation,0,0,1
0BYM0Z1,"Transplantation of Bilateral Lungs, Syngeneic, Open Approach",PR,transplant,,0,0,1
0BYM0Z2,"Transplantation of Bilateral Lungs, Zooplastic, Open Approach",PR,respiratory,Transplantation,0,0,1
0BYM0Z2,"Transplantation of Bilateral Lungs, Zooplastic, Open Approach",PR,transplant,,0,0,1
0CT70ZZ,"Resection of Tongue, Open Approach",PR,GI,Other GI disease,0,0,0
0CT7XZZ,"Resection of Tongue, External Approach",PR,GI,Other GI disease,0,0,0
0CTS0ZZ,"Resection of Larynx, Open Approach",PR,respiratory,Other respiratory,0,0,0
0CTS4ZZ,"Resection of Larynx, Percutaneous Endoscopic Approach",PR,respiratory,Other respiratory,0,0,0
0CTS7ZZ,"Resection of Larynx, Via Natural or Artificial Opening",PR,respiratory,Other respiratory,0,0,0
0CTS8ZZ,"Resection of Larynx, Via Natural or Artificial Opening Endoscopic",PR,respiratory,Other respiratory,0,0,0
0D11074,"Bypass Upper Esophagus to Cutaneous with Autologous Tissue Substitute, Open Approach",PR,GI,Device & Technology Use,0,1,0
0D110J4,"Bypass Upper Esophagus to Cutaneous with Synthetic Substitute, Open Approach",PR,GI,Device & Technology Use,0,1,0
0D110K4,"Bypass Upper Esophagus to Cutaneous with Nonautologous Tissue Substitute, Open Approach",PR,GI,Device & Technology Use,0,1,0
0D110Z4,"Bypass Upper Esophagus to Cutaneous, Open Approach",PR,GI,Device & Technology Use,0,1,0
0D113J4,"Bypass Upper Esophagus to Cutaneous with Synthetic Substitute, Percutaneous Approach",PR,GI,Device & Technology Use,0,1,0
0D11474,"Bypass Upper Esophagus to Cutaneous with Autologous Tissue Substitute, Percutaneous Endoscopic Approach",PR,GI,Device & Technology Use,0,1,0
0D114J4,"Bypass Upper Esophagus to Cutaneous with Synthetic Substitute, Percutaneous Endoscopic Approach",PR,GI,Device & Technology Use,0,1,0
0D114K4,"Bypass Upper Esophagus to Cutaneous with Nonautologous Tissue Substitute, Percutaneous Endoscopic Approach",PR,GI,Device & Technology Use,0,1,0
0D114Z4,"Bypass Upper Esophagus to Cutaneous, Percutaneous Endoscopic Approach",PR,GI,Device & Technology Use,0,1,0
0D13079,"Bypass Lower Esophagus to Duodenum with Autologous Tissue Substitute, Open Approach",PR,GI,Other GI disease,0,0,0
0D1307A,"Bypass Lower Esophagus to Jejunum with Autologous Tissue Substitute, Open Approach",PR,GI,Other GI disease,0,0,0
0D1307B,"Bypass Lower Esophagus to Ileum with Autologous Tissue Substitute, Open Approach",PR,GI,Other GI disease,0,0,0
0D15074,"Bypass Esophagus to Cutaneous with Autologous Tissue Substitute, Open Approach",PR,GI,Device & Technology Use,0,1,0
0D150J4,"Bypass Esophagus to Cutaneous with Synthetic Substitute, Open Approach",PR,GI,Device & Technology Use,0,1,0
0D150K4,"Bypass Esophagus to Cutaneous with Nonautologous Tissue Substitute, Open Approach",PR,GI,Device & Technology Use,0,1,0
0D150Z4,"Bypass Esophagus to Cutaneous, Open Approach",PR,GI,Device & Technology Use,0,1,0
0D153J4,"Bypass Esophagus to Cutaneous with Synthetic Substitute, Percutaneous Approach",PR,GI,Device & Technology Use,0,1,0
0D15474,"Bypass Esophagus to Cutaneous with Autologous Tissue Substitute, Percutaneous Endoscopic Approach",PR,GI,Device & Technology Use,0,1,0
0D154J4,"Bypass Esophagus to Cutaneous with Synthetic Substitute, Percutaneous Endoscopic Approach",PR,GI,Device & Technology Use,0,1,0
0D154K4,"Bypass Esophagus to Cutaneous with Nonautologous Tissue Substitute, Percutaneous Endoscopic Approach",PR,GI,Device & Technology Use,0,1,0
0D154Z4,"Bypass Esophagus to Cutaneous, Percutaneous Endoscopic Approach",PR,GI,Device & Technology Use,0,1,0
0D16074,"Bypass Stomach to Cutaneous with Autologous Tissue Substitute, Open Approach",PR,GI,Device & Technology Use,0,1,0
0D1607A,"Bypass Stomach to Jejunum with Autologous Tissue Substitute, Open Approach",PR,GI,Other GI disease,0,0,0
0D160J4,"Bypass Stomach to Cutaneous with Synthetic Substitute, Open Approach",PR,GI,Device & Technology Use,0,1,0
0D160J9,"Bypass Stomach to Duodenum with Synthetic Substitute, Open Approach",PR,GI,Device & Technology Use,0,1,0
0D160JA,"Bypass Stomach to Jejunum with Synthetic Substitute, Open Approach",PR,GI,Device & Technology Use,0,1,0
0D160K4,"Bypass Stomach to Cutaneous with Nonautologous Tissue Substitute, Open Approach",PR,GI,Device & Technology Use,0,1,0
0D160K9,"Bypass Stomach to Duodenum with Nonautologous Tissue Substitute, Open Approach",PR,GI,Device & Technology Use,0,1,0
0D160KA,"Bypass Stomach to Jejunum with Nonautologous Tissue Substitute, Open Approach",PR,GI,Device & Technology Use,0,1,0
0D160Z4,"Bypass Stomach to Cutaneous, Open Approach",PR,GI,Device & Technology Use,0,1,0
0D160ZA,"Bypass Stomach to Jejunum, Open Approach",PR,GI,Other GI disease,0,0,0
0D163J4,"Bypass Stomach to Cutaneous with Synthetic Substitute, Percutaneous Approach",PR,GI,Device & Technology Use,0,1,0
0D16474,"Bypass Stomach to Cutaneous with Autologous Tissue Substitute, Percutaneous Endoscopic Approach",PR,GI,Device & Technology Use,0,1,0
0D164J4,"Bypass Stomach to Cutaneous with Synthetic Substitute, Percutaneous Endoscopic Approach",PR,GI,Device & Technology Use,0,1,0
0D164J9,"Bypass Stomach to Duodenum with Synthetic Substitute, Percutaneous Endoscopic Approach",PR,GI,Device & Technology Use,0,1,0
0D164JA,"Bypass Stomach to Jejunum with Synthetic Substitute, Percutaneous Endoscopic Approach",PR,GI,Device & Technology Use,0,1,0
0D164K4,"Bypass Stomach to Cutaneous with Nonautologous Tissue Substitute, Percutaneous Endoscopic Approach",PR,GI,Device & Technology Use,0,1,0
0D164K9,"Bypass Stomach to Duodenum with Nonautologous Tissue Substitute, Percutaneous Endoscopic Approach",PR,GI,Device & Technology Use,0,1,0
0D164KA,"Bypass Stomach to Jejunum with Nonautologous Tissue Substitute, Percutaneous Endoscopic Approach",PR,GI,Device & Technology Use,0,1,0
0D164Z4,"Bypass Stomach to Cutaneous, Percutaneous Endoscopic Approach",PR,GI,Device & Technology Use,0,1,0
0D16874,"Bypass Stomach to Cutaneous with Autologous Tissue Substitute, Via Natural or Artificial Opening Endoscopic",PR,GI,Device & Technology Use,0,1,0
0D168J4,"Bypass Stomach to Cutaneous with Synthetic Substitute, Via Natural or Artificial Opening Endoscopic",PR,GI,Device & Technology Use,0,1,0
0D168J9,"Bypass Stomach to Duodenum with Synthetic Substitute, Via Natural or Artificial Opening Endoscopic",PR,GI,Device & Technology Use,0,1,0
0D168JA,"Bypass Stomach to Jejunum with Synthetic Substitute, Via Natural or Artificial Opening Endoscopic",PR,GI,Device & Technology Use,0,1,0
0D168K4,"Bypass Stomach to Cutaneous with Nonautologous Tissue Substitute, Via Natural or Artificial Opening Endoscopic",PR,GI,Device & Technology Use,0,1,0
0D168K9,"Bypass Stomach to Duodenum with Nonautologous Tissue Substitute, Via Natural or Artificial Opening Endoscopic",PR,GI,Device & Technology Use,0,1,0
0D168KA,"Bypass Stomach to Jejunum with Nonautologous Tissue Substitute, Via Natural or Artificial Opening Endoscopic",PR,GI,Device & Technology Use,0,1,0
0D168Z4,"Bypass Stomach to Cutaneous, Via Natural or Artificial Opening Endoscopic",PR,GI,Device & Technology Use,0,1,0
0D1B0Z4,"Bypass Ileum to Cutaneous, Open Approach",PR,GI,Device & Technology Use,0,1,0
0D1B4Z4,"Bypass Ileum to Cutaneous, Percutaneous Endoscopic Approach",PR,GI,Device & Technology Use,0,1,0
0D1B8Z4,"Bypass Ileum to Cutaneous, Via Natural or Artificial Opening Endoscopic",PR,GI,Device & Technology Use,0,1,0
0D1H0Z4,"Bypass Cecum to Cutaneous, Open Approach",PR,GI,Device & Technology Use,0,1,0
0D1H4Z4,"Bypass Cecum to Cutaneous, Percutaneous Endoscopic Approach",PR,GI,Device & Technology Use,0,1,0
0D1H8Z4,"Bypass Cecum to Cutaneous, Via Natural or Artificial Opening Endoscopic",PR,GI,Device & Technology Use,0,1,0
0D1K0Z4,"Bypass Ascending Colon to Cutaneous, Open Approach",PR,GI,Device & Technology Use,0,1,0
0D1K4Z4,"Bypass Ascending Colon to Cutaneous, Percutaneous Endoscopic Approach",PR,GI,Device & Technology Use,0,1,0
0D1K8Z4,"Bypass Ascending Colon to Cutaneous, Via Natural or Artificial Opening Endoscopic",PR,GI,Device & Technology Use,0,1,0
0D1L0Z4,"Bypass Transverse Colon to Cutaneous, Open Approach",PR,GI,Device & Technology Use,0,1,0
0D1L4Z4,"Bypass Transverse Colon to Cutaneous, Percutaneous Endoscopic Approach",PR,GI,Device & Technology Use,0,1,0
0D1L8Z4,"Bypass Transverse Colon to Cutaneous, Via Natural or Artificial Opening Endoscopic",PR,GI,Device & Technology Use,0,1,0
0D1N0Z4,"Bypass Sigmoid Colon to Cutaneous, Open Approach",PR,GI,Device & Technology Use,0,1,0
0D1N4Z4,"Bypass Sigmoid Colon to Cutaneous, Percutaneous Endoscopic Approach",PR,GI,Device & Technology Use,0,1,0
0D1N8Z4,"Bypass Sigmoid Colon to Cutaneous, Via Natural or Artificial Opening Endoscopic",PR,GI,Device & Technology Use,0,1,0
0D20X0Z,"Change Drainage Device in Upper Intestinal Tract, External Approach",PR,GI,Device & Technology Use,0,1,0
0D20XUZ,"Change Feeding Device in Upper Intestinal Tract, External Approach",PR,GI,Device & Technology Use,0,1,0
0D20XYZ,"Change Other Device in Upper Intestinal Tract, External Approach",PR,GI,Device & Technology Use,0,1,0
0D787ZZ,"Dilation of Small Intestine, Via Natural or Artificial Opening",PR,GI,Device & Technology Use,0,1,0
0D7E7ZZ,"Dilation of Large Intestine, Via Natural or Artificial Opening",PR,GI,Device & Technology Use,0,1,0
0DBB7ZZ,"Excision of Ileum, Via Natural or Artificial Opening",PR,GI,Device & Technology Use,0,1,0
0DH50DZ,"Insertion of Intraluminal Device into Esophagus, Open Approach",PR,GI,Device & Technology Use,0,1,0
0DH50UZ,"Insertion of Feeding Device into Esophagus, Open Approach",PR,GI,Device & Technology Use,0,1,0
0DH53DZ,"Insertion of Intraluminal Device into Esophagus, Percutaneous Approach",PR,GI,Device & Technology Use,0,1,0
0DH53UZ,"Insertion of Feeding Device into Esophagus, Percutaneous Approach",PR,GI,Device & Technology Use,0,1,0
0DH54DZ,"Insertion of Intraluminal Device into Esophagus, Percutaneous Endoscopic Approach",PR,GI,Device & Technology Use,0,1,0
0DH54UZ,"Insertion of Feeding Device into Esophagus, Percutaneous Endoscopic Approach",PR,GI,Device & Technology Use,0,1,0
0DH57DZ,"Insertion of Intraluminal Device into Esophagus, Via Natural or Artificial Opening",PR,GI,Device & Technology Use,0,1,0
0DH57UZ,"Insertion of Feeding Device into Esophagus, Via Natural or Artificial Opening",PR,GI,Device & Technology Use,0,1,0
0DH58DZ,"Insertion of Intraluminal Device into Esophagus, Via Natural or Artificial Opening Endoscopic",PR,GI,Device & Technology Use,0,1,0
0DH58UZ,"Insertion of Feeding Device into Esophagus, Via Natural or Artificial Opening Endoscopic",PR,GI,Device & Technology Use,0,1,0
0DH60MZ,"Insertion of Stimulator Lead into Stomach, Open Approach",PR,neuromusc,Device & Technology Use,0,1,0
0DH63MZ,"Insertion of Stimulator Lead into Stomach, Percutaneous Approach",PR,neuromusc,Device & Technology Use,0,1,0
0DH63UZ,"Insertion of Feeding Device into Stomach, Percutaneous Approach",PR,GI,Device & Technology Use,0,1,0
0DH64MZ,"Insertion of Stimulator Lead into Stomach, Percutaneous Endoscopic Approach",PR,neuromusc,Device & Technology Use,0,1,0
0DH64UZ,"Insertion of Feeding Device into Stomach, Percutaneous Endoscopic Approach",PR,GI,Device & Technology Use,0,1,0
0DHA3UZ,"Insertion of Feeding Device into Jejunum, Percutaneous Approach",PR,GI,Device & Technology Use,0,1,0
0DHA4UZ,"Insertion of Feeding Device into Jejunum, Percutaneous Endoscopic Approach",PR,GI,Device & Technology Use,0,1,0
0DHA8UZ,"Insertion of Feeding Device into Jejunum, Via Natural or Artificial Opening Endoscopic",PR,GI,Device & Technology Use,0,1,0
0DN87ZZ,"Release Small Intestine, Via Natural or Artificial Opening",PR,GI,Device & Technology Use,0,1,0
0DNE7ZZ,"Release Large Intestine, Via Natural or Artificial Opening",PR,GI,Device & Technology Use,0,1,0
0DT50ZZ,"Resection of Esophagus, Open Approach",PR,GI,Other GI disease,0,0,0
0DT54ZZ,"Resection of Esophagus, Percutaneous Endoscopic Approach",PR,GI,Other GI disease,0,0,0
0DT57ZZ,"Resection of Esophagus, Via Natural or Artificial Opening",PR,GI,Other GI disease,0,0,0
0DT58ZZ,"Resection of Esophagus, Via Natural or Artificial Opening Endoscopic",PR,GI,Other GI disease,0,0,0
0DT60ZZ,"Resection of Stomach, Open Approach",PR,GI,Other GI disease,0,0,0
0DT64ZZ,"Resection of Stomach, Percutaneous Endoscopic Approach",PR,GI,Other GI disease,0,0,0
0DT67ZZ,"Resection of Stomach, Via Natural or Artificial Opening",PR,GI,Other GI disease,0,0,0
0DT68ZZ,"Resection of Stomach, Via Natural or Artificial Opening Endoscopic",PR,GI,Other GI disease,0,0,0
0DT80ZZ,"Resection of Small Intestine, Open Approach",PR,GI,Other GI disease,0,0,0
0DT84ZZ,"Resection of Small Intestine, Percutaneous Endoscopic Approach",PR,GI,Other GI disease,0,0,0
0DT87ZZ,"Resection of Small Intestine, Via Natural or Artificial Opening",PR,GI,Other GI disease,0,0,0
0DT88ZZ,"Resection of Small Intestine, Via Natural or Artificial Opening Endoscopic",PR,GI,Other GI disease,0,0,0
0DT90ZZ,"Resection of Duodenum, Open Approach",PR,GI,Other GI disease,0,0,0
0DT94ZZ,"Resection of Duodenum, Percutaneous Endoscopic Approach",PR,GI,Other GI disease,0,0,0
0DT97ZZ,"Resection of Duodenum, Via Natural or Artificial Opening",PR,GI,Other GI disease,0,0,0
0DT98ZZ,"Resection of Duodenum, Via Natural or Artificial Opening Endoscopic",PR,GI,Other GI disease,0,0,0
0DTE0ZZ,"Resection of Large Intestine, Open Approach",PR,GI,Other GI disease,0,0,0
0DTE4ZZ,"Resection of Large Intestine, Percutaneous Endoscopic Approach",PR,GI,Other GI disease,0,0,0
0DTE7ZZ,"Resection of Large Intestine, Via Natural or Artificial Opening",PR,GI,Other GI disease,0,0,0
0DTE8ZZ,"Resection of Large Intestine, Via Natural or Artificial Opening Endoscopic",PR,GI,Other GI disease,0,0,0
0DW04UZ,"Revision of Feeding Device in Upper Intestinal Tract, Percutaneous Endoscopic Approach",PR,GI,Device & Technology Use,0,1,0
0DW08UZ,"Revision of Feeding Device in Upper Intestinal Tract, Via Natural or Artificial Opening Endoscopic",PR,GI,Device & Technology Use,0,1,0
0DY80Z0,"Transplantation of Small Intestine, Allogeneic, Open Approach",PR,GI,Transplantation,0,0,1
0DY80Z0,"Transplantation of Small Intestine, Allogeneic, Open Approach",PR,transplant,,0,0,1
0DY80Z1,"Transplantation of Small Intestine, Syngeneic, Open Approach",PR,GI,Transplantation,0,0,1
0DY80Z1,"Transplantation of Small Intestine, Syngeneic, Open Approach",PR,transplant,,0,0,1
0DY80Z2,"Transplantation of Small Intestine, Zooplastic, Open Approach",PR,GI,Transplantation,0,0,1
0DY80Z2,"Transplantation of Small Intestine, Zooplastic, Open Approach",PR,transplant,,0,0,1
0DYE0Z0,"Transplantation of Large Intestine, Allogeneic, Open Approach",PR,GI,Transplantation,0,0,1
0DYE0Z0,"Transplantation of Large Intestine, Allogeneic, Open Approach",PR,transplant,,0,0,1
0DYE0Z1,"Transplantation of Large Intestine, Syngeneic, Open Approach",PR,GI,Transplantation,0,0,1
0DYE0Z1,"Transplantation of Large Intestine, Syngeneic, Open Approach",PR,transplant,,0,0,1
0DYE0Z2,"Transplantation of Large Intestine, Zooplastic, Open Approach",PR,GI,Transplantation,0,0,1
0DYE0Z2,"Transplantation of Large Intestine, Zooplastic, Open Approach",PR,transplant,,0,0,1
0FT00ZZ,"Resection of Liver, Open Approach",PR,GI,Other GI disease,0,0,0
0FT04ZZ,"Resection of Liver, Percutaneous Endoscopic Approach",PR,GI,Other GI disease,0,0,0
0FTG0ZZ,"Resection of Pancreas, Open Approach",PR,GI,Other GI disease,0,0,0
0FTG4ZZ,"Resection of Pancreas, Percutaneous Endoscopic Approach",PR,GI,Other GI disease,0,0,0
0FY00Z0,"Transplantation of Liver, Allogeneic, Open Approach",PR,GI,Transplantation,0,0,1
0FY00Z0,"Transplantation of Liver, Allogeneic, Open Approach",PR,transplant,,0,0,1
0FY00Z1,"Transplantation of Liver, Syngeneic, Open Approach",PR,GI,Transplantation,0,0,1
0FY00Z1,"Transplantation of Liver, Syngeneic, Open Approach",PR,transplant,,0,0,1
0FY00Z2,"Transplantation of Liver, Zooplastic, Open Approach",PR,GI,Transplantation,0,0,1
0FY00Z2,"Transplantation of Liver, Zooplastic, Open Approach",PR,transplant,,0,0,1
0FYG0Z0,"Transplantation of Pancreas, Allogeneic, Open Approach",PR,GI,Transplantation,0,0,1
0FYG0Z0,"Transplantation of Pancreas, Allogeneic, Open Approach",PR,transplant,,0,0,1
0FYG0Z1,"Transplantation of Pancreas, Syngeneic, Open Approach",PR,GI,Transplantation,0,0,1
0FYG0Z1,"Transplantation of Pancreas, Syngeneic, Open Approach",PR,transplant,,0,0,1
0FYG0Z2,"Transplantation of Pancreas, Zooplastic, Open Approach",PR,GI,Transplantation,0,0,1
0FYG0Z2,"Transplantation of Pancreas, Zooplastic, Open Approach",PR,transplant,,0,0,1
0GT00ZZ,"Resection of Pituitary Gland, Open Approach",PR,metabolic,Endocrine disorders,0,0,0
0GT04ZZ,"Resection of Pituitary Gland, Percutaneous Endoscopic Approach",PR,metabolic,Endocrine disorders,0,0,0
0GT40ZZ,"Resection of Bilateral Adrenal Glands, Open Approach",PR,metabolic,Endocrine disorders,0,0,0
0GT44ZZ,"Resection of Bilateral Adrenal Glands, Percutaneous Endoscopic Approach",PR,metabolic,Endocrine disorders,0,0,0
0GTK0ZZ,"Resection of Thyroid Gland, Open Approach",PR,metabolic,Endocrine disorders,0,0,0
0GTK4ZZ,"Resection of Thyroid Gland, Percutaneous Endoscopic Approach",PR,metabolic,Endocrine disorders,0,0,0
0GTR0ZZ,"Resection of Parathyroid Gland, Open Approach",PR,metabolic,Endocrine disorders,0,0,0
0GTR4ZZ,"Resection of Parathyroid Gland, Percutaneous Endoscopic Approach",PR,metabolic,Endocrine disorders,0,0,0
0JH600Z,"Insertion of Hemodynamic Monitoring Device into Chest Subcutaneous Tissue and Fascia, Open Approach",PR,cvd,Device & Technology Use,0,1,0
0JH604Z,"Insertion of Pacemaker, Single Chamber into Chest Subcutaneous Tissue and Fascia, Open Approach",PR,Respiratory,Device & Technology Use,0,1,0
0JH605Z,"Insertion of Pacemaker, Single Chamber Rate Responsive into Chest Subcutaneous Tissue and Fascia, Open Approach",PR,cvd,Device & Technology Use,0,1,0
0JH606Z,"Insertion of Pacemaker, Dual Chamber into Chest Subcutaneous Tissue and Fascia, Open Approach",PR,cvd,Device & Technology Use,0,1,0
0JH607Z,"Insertion of Cardiac Resynchronization Pacemaker Pulse Generator into Chest Subcutaneous Tissue and Fascia, Open Approach",PR,cvd,Device & Technology Use,0,1,0
0JH608Z,"Insertion of Defibrillator Generator into Chest Subcutaneous Tissue and Fascia, Open Approach",PR,cvd,Device & Technology Use,0,1,0
0JH609Z,"Insertion of Cardiac Resynchronization Defibrillator Pulse Generator into Chest Subcutaneous Tissue and Fascia, Open Approach",PR,cvd,Device & Technology Use,0,1,0
0JH60AZ,"Insertion of Contractility Modulation Device into Chest Subcutaneous Tissue and Fascia, Open Approach",PR,cvd,Device & Technology Use,0,1,0
0JH60MZ,"Insertion of Stimulator Generator into Chest Subcutaneous Tissue and Fascia, Open Approach",PR,cvd,Device & Technology Use,0,1,0
0JH60PZ,"Insertion of Cardiac Rhythm Related Device into Chest Subcutaneous Tissue and Fascia, Open Approach",PR,cvd,Device & Technology Use,0,1,0
0JH60VZ,"Insertion of Infusion Pump into Chest Subcutaneous Tissue and Fascia, Open Approach",PR,Metabolic,Device & Technology Use,0,1,0
0JH60WZ,"Insertion of Totally Implantable Vascular Access Device into Chest Subcutaneous Tissue and Fascia, Open Approach",PR,renal ,Device & Technology Use,0,1,0
0JH60XZ,"Insertion of Tunneled Vascular Access Device into Chest Subcutaneous Tissue and Fascia, Open Approach",PR,renal ,Device & Technology Use,0,1,0
0JH630Z,"Insertion of Hemodynamic Monitoring Device into Chest Subcutaneous Tissue and Fascia, Percutaneous Approach",PR,cvd,Device & Technology Use,0,1,0
0JH634Z,"Insertion of Pacemaker, Single Chamber into Chest Subcutaneous Tissue and Fascia, Percutaneous Approach",PR,Respiratory,Device & Technology Use,0,1,0
0JH635Z,"Insertion of Pacemaker, Single Chamber Rate Responsive into Chest Subcutaneous Tissue and Fascia, Percutaneous Approach",PR,cvd,Device & Technology Use,0,1,0
0JH636Z,"Insertion of Pacemaker, Dual Chamber into Chest Subcutaneous Tissue and Fascia, Percutaneous Approach",PR,cvd,Device & Technology Use,0,1,0
0JH637Z,"Insertion of Cardiac Resynchronization Pacemaker Pulse Generator into Chest Subcutaneous Tissue and Fascia, Percutaneous Approach",PR,cvd,Device & Technology Use,0,1,0
0JH638Z,"Insertion of Defibrillator Generator into Chest Subcutaneous Tissue and Fascia, Percutaneous Approach",PR,cvd,Device & Technology Use,0,1,0
0JH639Z,"Insertion of Cardiac Resynchronization Defibrillator Pulse Generator into Chest Subcutaneous Tissue and Fascia, Percutaneous Approach",PR,cvd,Device & Technology Use,0,1,0
0JH63AZ,"Insertion of Contractility Modulation Device into Chest Subcutaneous Tissue and Fascia, Percutaneous Approach",PR,cvd,Device & Technology Use,0,1,0
0JH63MZ,"Insertion of Stimulator Generator into Chest Subcutaneous Tissue and Fascia, Percutaneous Approach",PR,cvd,Device & Technology Use,0,1,0
0JH63PZ,"Insertion of Cardiac Rhythm Related Device into Chest Subcutaneous Tissue and Fascia, Percutaneous Approach",PR,cvd,Device & Technology Use,0,1,0
0JH63VZ,"Insertion of Infusion Pump into Chest Subcutaneous Tissue and Fascia, Percutaneous Approach",PR,Metabolic,Device & Technology Use,0,1,0
0JH63WZ,"Insertion of Totally Implantable Vascular Access Device into Chest Subcutaneous Tissue and Fascia, Percutaneous Approach",PR,renal ,Device & Technology Use,0,1,0
0JH63XZ,"Insertion of Tunneled Vascular Access Device into Chest Subcutaneous Tissue and Fascia, Percutaneous Approach",PR,renal ,Device & Technology Use,0,1,0
0JH70MZ,"Insertion of Stimulator Generator into Back Subcutaneous Tissue and Fascia, Open Approach",PR,cvd,Device & Technology Use,0,1,0
0JH70VZ,"Insertion of Infusion Pump into Back Subcutaneous Tissue and Fascia, Open Approach",PR,Metabolic,Device & Technology Use,0,1,0
0JH73MZ,"Insertion of Stimulator Generator into Back Subcutaneous Tissue and Fascia, Percutaneous Approach",PR,cvd,Device & Technology Use,0,1,0
0JH73VZ,"Insertion of Infusion Pump into Back Subcutaneous Tissue and Fascia, Percutaneous Approach",PR,Metabolic,Device & Technology Use,0,1,0
0JH800Z,"Insertion of Hemodynamic Monitoring Device into Abdomen Subcutaneous Tissue and Fascia, Open Approach",PR,cvd,Device & Technology Use,0,1,0
0JH804Z,"Insertion of Pacemaker, Single Chamber into Abdomen Subcutaneous Tissue and Fascia, Open Approach",PR,Respiratory,Device & Technology Use,0,1,0
0JH805Z,"Insertion of Pacemaker, Single Chamber Rate Responsive into Abdomen Subcutaneous Tissue and Fascia, Open Approach",PR,cvd,Device & Technology Use,0,1,0
0JH806Z,"Insertion of Pacemaker, Dual Chamber into Abdomen Subcutaneous Tissue and Fascia, Open Approach",PR,cvd,Device & Technology Use,0,1,0
0JH807Z,"Insertion of Cardiac Resynchronization Pacemaker Pulse Generator into Abdomen Subcutaneous Tissue and Fascia, Open Approach",PR,cvd,Device & Technology Use,0,1,0
0JH808Z,"Insertion of Defibrillator Generator into Abdomen Subcutaneous Tissue and Fascia, Open Approach",PR,cvd,Device & Technology Use,0,1,0
0JH809Z,"Insertion of Cardiac Resynchronization Defibrillator Pulse Generator into Abdomen Subcutaneous Tissue and Fascia, Open Approach",PR,cvd,Device & Technology Use,0,1,0
0JH80AZ,"Insertion of Contractility Modulation Device into Abdomen Subcutaneous Tissue and Fascia, Open Approach",PR,cvd,Device & Technology Use,0,1,0
0JH80MZ,"Insertion of Stimulator Generator into Abdomen Subcutaneous Tissue and Fascia, Open Approach",PR,cvd,Device & Technology Use,0,1,0
0JH80PZ,"Insertion of Cardiac Rhythm Related Device into Abdomen Subcutaneous Tissue and Fascia, Open Approach",PR,cvd,Device & Technology Use,0,1,0
0JH80VZ,"Insertion of Infusion Pump into Abdomen Subcutaneous Tissue and Fascia, Open Approach",PR,Metabolic,Device & Technology Use,0,1,0
0JH80WZ,"Insertion of Totally Implantable Vascular Access Device into Abdomen Subcutaneous Tissue and Fascia, Open Approach",PR,renal ,Device & Technology Use,0,1,0
0JH80XZ,"Insertion of Tunneled Vascular Access Device into Abdomen Subcutaneous Tissue and Fascia, Open Approach",PR,renal ,Device & Technology Use,0,1,0
0JH830Z,"Insertion of Hemodynamic Monitoring Device into Abdomen Subcutaneous Tissue and Fascia, Percutaneous Approach",PR,cvd,Device & Technology Use,0,1,0
0JH834Z,"Insertion of Pacemaker, Single Chamber into Abdomen Subcutaneous Tissue and Fascia, Percutaneous Approach",PR,Respiratory,Device & Technology Use,0,1,0
0JH835Z,"Insertion of Pacemaker, Single Chamber Rate Responsive into Abdomen Subcutaneous Tissue and Fascia, Percutaneous Approach",PR,cvd,Device & Technology Use,0,1,0
0JH836Z,"Insertion of Pacemaker, Dual Chamber into Abdomen Subcutaneous Tissue and Fascia, Percutaneous Approach",PR,cvd,Device & Technology Use,0,1,0
0JH837Z,"Insertion of Cardiac Resynchronization Pacemaker Pulse Generator into Abdomen Subcutaneous Tissue and Fascia, Percutaneous Approach",PR,cvd,Device & Technology Use,0,1,0
0JH838Z,"Insertion of Defibrillator Generator into Abdomen Subcutaneous Tissue and Fascia, Percutaneous Approach",PR,cvd,Device & Technology Use,0,1,0
0JH839Z,"Insertion of Cardiac Resynchronization Defibrillator Pulse Generator into Abdomen Subcutaneous Tissue and Fascia, Percutaneous Approach",PR,cvd,Device & Technology Use,0,1,0
0JH83AZ,"Insertion of Contractility Modulation Device into Abdomen Subcutaneous Tissue and Fascia, Percutaneous Approach",PR,cvd,Device & Technology Use,0,1,0
0JH83MZ,"Insertion of Stimulator Generator into Abdomen Subcutaneous Tissue and Fascia, Percutaneous Approach",PR,cvd,Device & Technology Use,0,1,0
0JH83PZ,"Insertion of Cardiac Rhythm Related Device into Abdomen Subcutaneous Tissue and Fascia, Percutaneous Approach",PR,cvd,Device & Technology Use,0,1,0
0JH83VZ,"Insertion of Infusion Pump into Abdomen Subcutaneous Tissue and Fascia, Percutaneous Approach",PR,Metabolic,Device & Technology Use,0,1,0
0JH83WZ,"Insertion of Totally Implantable Vascular Access Device into Abdomen Subcutaneous Tissue and Fascia, Percutaneous Approach",PR,renal ,Device & Technology Use,0,1,0
0JH83XZ,"Insertion of Tunneled Vascular Access Device into Abdomen Subcutaneous Tissue and Fascia, Percutaneous Approach",PR,renal ,Device & Technology Use,0,1,0
0JHD0VZ,"Insertion of Infusion Pump into Right Upper Arm Subcutaneous Tissue and Fascia, Open Approach",PR,Metabolic,Device & Technology Use,0,1,0
0JHD0WZ,"Insertion of Totally Implantable Vascular Access Device into Right Upper Arm Subcutaneous Tissue and Fascia, Open Approach",PR,renal ,Device & Technology Use,0,1,0
0JHD0XZ,"Insertion of Tunneled Vascular Access Device into Right Upper Arm Subcutaneous Tissue and Fascia, Open Approach",PR,renal ,Device & Technology Use,0,1,0
0JHD3VZ,"Insertion of Infusion Pump into Right Upper Arm Subcutaneous Tissue and Fascia, Percutaneous Approach",PR,Metabolic,Device & Technology Use,0,1,0
0JHD3WZ,"Insertion of Totally Implantable Vascular Access Device into Right Upper Arm Subcutaneous Tissue and Fascia, Percutaneous Approach",PR,renal ,Device & Technology Use,0,1,0
0JHD3XZ,"Insertion of Tunneled Vascular Access Device into Right Upper Arm Subcutaneous Tissue and Fascia, Percutaneous Approach",PR,renal ,Device & Technology Use,0,1,0
0JHF0VZ,"Insertion of Infusion Pump into Left Upper Arm Subcutaneous Tissue and Fascia, Open Approach",PR,Metabolic,Device & Technology Use,0,1,0
0JHF0WZ,"Insertion of Totally Implantable Vascular Access Device into Left Upper Arm Subcutaneous Tissue and Fascia, Open Approach",PR,renal ,Device & Technology Use,0,1,0
0JHF0XZ,"Insertion of Tunneled Vascular Access Device into Left Upper Arm Subcutaneous Tissue and Fascia, Open Approach",PR,renal ,Device & Technology Use,0,1,0
0JHF3VZ,"Insertion of Infusion Pump into Left Upper Arm Subcutaneous Tissue and Fascia, Percutaneous Approach",PR,Metabolic,Device & Technology Use,0,1,0
0JHF3WZ,"Insertion of Totally Implantable Vascular Access Device into Left Upper Arm Subcutaneous Tissue and Fascia, Percutaneous Approach",PR,renal ,Device & Technology Use,0,1,0
0JHF3XZ,"Insertion of Tunneled Vascular Access Device into Left Upper Arm Subcutaneous Tissue and Fascia, Percutaneous Approach",PR,renal ,Device & Technology Use,0,1,0
0JHG0VZ,"Insertion of Infusion Pump into Right Lower Arm Subcutaneous Tissue and Fascia, Open Approach",PR,Metabolic,Device & Technology Use,0,1,0
0JHG3VZ,"Insertion of Infusion Pump into Right Lower Arm Subcutaneous Tissue and Fascia, Percutaneous Approach",PR,Metabolic,Device & Technology Use,0,1,0
0JHH0VZ,"Insertion of Infusion Pump into Left Lower Arm Subcutaneous Tissue and Fascia, Open Approach",PR,Metabolic,Device & Technology Use,0,1,0
0JHH3VZ,"Insertion of Infusion Pump into Left Lower Arm Subcutaneous Tissue and Fascia, Percutaneous Approach",PR,Metabolic,Device & Technology Use,0,1,0
0JHL0VZ,"Insertion of Infusion Pump into Right Upper Leg Subcutaneous Tissue and Fascia, Open Approach",PR,Metabolic,Device & Technology Use,0,1,0
0JHL0WZ,"Insertion of Totally Implantable Vascular Access Device into Right Upper Leg Subcutaneous Tissue and Fascia, Open Approach",PR,renal ,Device & Technology Use,0,1,0
0JHL0XZ,"Insertion of Tunneled Vascular Access Device into Right Upper Leg Subcutaneous Tissue and Fascia, Open Approach",PR,renal ,Device & Technology Use,0,1,0
0JHL3VZ,"Insertion of Infusion Pump into Right Upper Leg Subcutaneous Tissue and Fascia, Percutaneous Approach",PR,Metabolic,Device & Technology Use,0,1,0
0JHL3WZ,"Insertion of Totally Implantable Vascular Access Device into Right Upper Leg Subcutaneous Tissue and Fascia, Percutaneous Approach",PR,renal ,Device & Technology Use,0,1,0
0JHL3XZ,"Insertion of Tunneled Vascular Access Device into Right Upper Leg Subcutaneous Tissue and Fascia, Percutaneous Approach",PR,renal ,Device & Technology Use,0,1,0
0JHM0VZ,"Insertion of Infusion Pump into Left Upper Leg Subcutaneous Tissue and Fascia, Open Approach",PR,Metabolic,Device & Technology Use,0,1,0
0JHM0WZ,"Insertion of Totally Implantable Vascular Access Device into Left Upper Leg Subcutaneous Tissue and Fascia, Open Approach",PR,renal ,Device & Technology Use,0,1,0
0JHM0XZ,"Insertion of Tunneled Vascular Access Device into Left Upper Leg Subcutaneous Tissue and Fascia, Open Approach",PR,renal ,Device & Technology Use,0,1,0
0JHM3VZ,"Insertion of Infusion Pump into Left Upper Leg Subcutaneous Tissue and Fascia, Percutaneous Approach",PR,Metabolic,Device & Technology Use,0,1,0
0JHM3WZ,"Insertion of Totally Implantable Vascular Access Device into Left Upper Leg Subcutaneous Tissue and Fascia, Percutaneous Approach",PR,renal ,Device & Technology Use,0,1,0
0JHM3XZ,"Insertion of Tunneled Vascular Access Device into Left Upper Leg Subcutaneous Tissue and Fascia, Percutaneous Approach",PR,renal ,Device & Technology Use,0,1,0
0JHN0VZ,"Insertion of Infusion Pump into Right Lower Leg Subcutaneous Tissue and Fascia, Open Approach",PR,Metabolic,Device & Technology Use,0,1,0
0JHN3VZ,"Insertion of Infusion Pump into Right Lower Leg Subcutaneous Tissue and Fascia, Percutaneous Approach",PR,Metabolic,Device & Technology Use,0,1,0
0JHP0VZ,"Insertion of Infusion Pump into Left Lower Leg Subcutaneous Tissue and Fascia, Open Approach",PR,Metabolic,Device & Technology Use,0,1,0
0JHP3VZ,"Insertion of Infusion Pump into Left Lower Leg Subcutaneous Tissue and Fascia, Percutaneous Approach",PR,Metabolic,Device & Technology Use,0,1,0
0JHT0VZ,"Insertion of Infusion Pump into Trunk Subcutaneous Tissue and Fascia, Open Approach",PR,Metabolic,Device & Technology Use,0,1,0
0JHT3VZ,"Insertion of Infusion Pump into Trunk Subcutaneous Tissue and Fascia, Percutaneous Approach",PR,Metabolic,Device & Technology Use,0,1,0
0JWT0MZ,"Revision of Stimulator Generator in Trunk Subcutaneous Tissue and Fascia, Open Approach",PR,cvd,Device & Technology Use,0,1,0
0JWT0PZ,"Revision of Cardiac Rhythm Related Device in Trunk Subcutaneous Tissue and Fascia, Open Approach",PR,cvd,Device & Technology Use,0,1,0
0JWT3MZ,"Revision of Stimulator Generator in Trunk Subcutaneous Tissue and Fascia, Percutaneous Approach",PR,cvd,Device & Technology Use,0,1,0
0JWT3PZ,"Revision of Cardiac Rhythm Related Device in Trunk Subcutaneous Tissue and Fascia, Percutaneous Approach",PR,cvd,Device & Technology Use,0,1,0
0JWTXMZ,"Revision of Stimulator Generator in Trunk Subcutaneous Tissue and Fascia, External Approach",PR,cvd,Device & Technology Use,0,1,0
0RG0070,"Fusion of Occipital-cervical Joint with Autologous Tissue Substitute, Anterior Approach, Anterior Column, Open Approach",PR,misc,Device & Technology Use,0,1,0
0RG0071,"Fusion of Occipital-cervical Joint with Autologous Tissue Substitute, Posterior Approach, Posterior Column, Open Approach",PR,misc,Device & Technology Use,0,1,0
0RG007J,"Fusion of Occipital-cervical Joint with Autologous Tissue Substitute, Posterior Approach, Anterior Column, Open Approach",PR,misc,Device & Technology Use,0,1,0
0RG00A0,"Fusion of Occipital-cervical Joint with Interbody Fusion Device, Anterior Approach, Anterior Column, Open Approach",PR,misc,Device & Technology Use,0,1,0
0RG00A1,"Fusion of Occipital-cervical Joint with Interbody Fusion Device, Posterior Approach, Posterior Column, Open Approach",PR,misc,Device & Technology Use,0,1,0
0RG00AJ,"Fusion of Occipital-cervical Joint with Interbody Fusion Device, Posterior Approach, Anterior Column, Open Approach",PR,misc,Device & Technology Use,0,1,0
0RG00J0,"Fusion of Occipital-cervical Joint with Synthetic Substitute, Anterior Approach, Anterior Column, Open Approach",PR,misc,Device & Technology Use,0,1,0
0RG00J1,"Fusion of Occipital-cervical Joint with Synthetic Substitute, Posterior Approach, Posterior Column, Open Approach",PR,misc,Device & Technology Use,0,1,0
0RG00JJ,"Fusion of Occipital-cervical Joint with Synthetic Substitute, Posterior Approach, Anterior Column, Open Approach",PR,misc,Device & Technology Use,0,1,0
0RG00K0,"Fusion of Occipital-cervical Joint with Nonautologous Tissue Substitute, Anterior Approach, Anterior Column, Open Approach",PR,misc,Device & Technology Use,0,1,0
0RG00K1,"Fusion of Occipital-cervical Joint with Nonautologous Tissue Substitute, Posterior Approach, Posterior Column, Open Approach",PR,misc,Device & Technology Use,0,1,0
0RG00KJ,"Fusion of Occipital-cervical Joint with Nonautologous Tissue Substitute, Posterior Approach, Anterior Column, Open Approach",PR,misc,Device & Technology Use,0,1,0
0RG00Z0,"Fusion of Occipital-cervical Joint, Anterior Approach, Anterior Column, Open Approach",PR,misc,Device & Technology Use,0,1,0
0RG00Z1,"Fusion of Occipital-cervical Joint, Posterior Approach, Posterior Column, Open Approach",PR,misc,Device & Technology Use,0,1,0
0RG00ZJ,"Fusion of Occipital-cervical Joint, Posterior Approach, Anterior Column, Open Approach",PR,misc,Device & Technology Use,0,1,0
0RG0370,"Fusion of Occipital-cervical Joint with Autologous Tissue Substitute, Anterior Approach, Anterior Column, Percutaneous Approach",PR,misc,Device & Technology Use,0,1,0
0RG0371,"Fusion of Occipital-cervical Joint with Autologous Tissue Substitute, Posterior Approach, Posterior Column, Percutaneous Approach",PR,misc,Device & Technology Use,0,1,0
0RG037J,"Fusion of Occipital-cervical Joint with Autologous Tissue Substitute, Posterior Approach, Anterior Column, Percutaneous Approach",PR,misc,Device & Technology Use,0,1,0
0RG03A0,"Fusion of Occipital-cervical Joint with Interbody Fusion Device, Anterior Approach, Anterior Column, Percutaneous Approach",PR,misc,Device & Technology Use,0,1,0
0RG03A1,"Fusion of Occipital-cervical Joint with Interbody Fusion Device, Posterior Approach, Posterior Column, Percutaneous Approach",PR,misc,Device & Technology Use,0,1,0
0RG03AJ,"Fusion of Occipital-cervical Joint with Interbody Fusion Device, Posterior Approach, Anterior Column, Percutaneous Approach",PR,misc,Device & Technology Use,0,1,0
0RG03J0,"Fusion of Occipital-cervical Joint with Synthetic Substitute, Anterior Approach, Anterior Column, Percutaneous Approach",PR,misc,Device & Technology Use,0,1,0
0RG03J1,"Fusion of Occipital-cervical Joint with Synthetic Substitute, Posterior Approach, Posterior Column, Percutaneous Approach",PR,misc,Device & Technology Use,0,1,0
0RG03JJ,"Fusion of Occipital-cervical Joint with Synthetic Substitute, Posterior Approach, Anterior Column, Percutaneous Approach",PR,misc,Device & Technology Use,0,1,0
0RG03K0,"Fusion of Occipital-cervical Joint with Nonautologous Tissue Substitute, Anterior Approach, Anterior Column, Percutaneous Approach",PR,misc,Device & Technology Use,0,1,0
0RG03K1,"Fusion of Occipital-cervical Joint with Nonautologous Tissue Substitute, Posterior Approach, Posterior Column, Percutaneous Approach",PR,misc,Device & Technology Use,0,1,0
0RG03KJ,"Fusion of Occipital-cervical Joint with Nonautologous Tissue Substitute, Posterior Approach, Anterior Column, Percutaneous Approach",PR,misc,Device & Technology Use,0,1,0
0RG03Z0,"Fusion of Occipital-cervical Joint, Anterior Approach, Anterior Column, Percutaneous Approach",PR,misc,Device & Technology Use,0,1,0
0RG03Z1,"Fusion of Occipital-cervical Joint, Posterior Approach, Posterior Column, Percutaneous Approach",PR,misc,Device & Technology Use,0,1,0
0RG03ZJ,"Fusion of Occipital-cervical Joint, Posterior Approach, Anterior Column, Percutaneous Approach",PR,misc,Device & Technology Use,0,1,0
0RG0470,"Fusion of Occipital-cervical Joint with Autologous Tissue Substitute, Anterior Approach, Anterior Column, Percutaneous Endoscopic Approach",PR,misc,Device & Technology Use,0,1,0
0RG0471,"Fusion of Occipital-cervical Joint with Autologous Tissue Substitute, Posterior Approach, Posterior Column, Percutaneous Endoscopic Approach",PR,misc,Device & Technology Use,0,1,0
0RG047J,"Fusion of Occipital-cervical Joint with Autologous Tissue Substitute, Posterior Approach, Anterior Column, Percutaneous Endoscopic Approach",PR,misc,Device & Technology Use,0,1,0
0RG04A0,"Fusion of Occipital-cervical Joint with Interbody Fusion Device, Anterior Approach, Anterior Column, Percutaneous Endoscopic Approach",PR,misc,Device & Technology Use,0,1,0
0RG04A1,"Fusion of Occipital-cervical Joint with Interbody Fusion Device, Posterior Approach, Posterior Column, Percutaneous Endoscopic Approach",PR,misc,Device & Technology Use,0,1,0
0RG04AJ,"Fusion of Occipital-cervical Joint with Interbody Fusion Device, Posterior Approach, Anterior Column, Percutaneous Endoscopic Approach",PR,misc,Device & Technology Use,0,1,0
0RG04J0,"Fusion of Occipital-cervical Joint with Synthetic Substitute, Anterior Approach, Anterior Column, Percutaneous Endoscopic Approach",PR,misc,Device & Technology Use,0,1,0
0RG04J1,"Fusion of Occipital-cervical Joint with Synthetic Substitute, Posterior Approach, Posterior Column, Percutaneous Endoscopic Approach",PR,misc,Device & Technology Use,0,1,0
0RG04JJ,"Fusion of Occipital-cervical Joint with Synthetic Substitute, Posterior Approach, Anterior Column, Percutaneous Endoscopic Approach",PR,misc,Device & Technology Use,0,1,0
0RG04K0,"Fusion of Occipital-cervical Joint with Nonautologous Tissue Substitute, Anterior Approach, Anterior Column, Percutaneous Endoscopic Approach",PR,misc,Device & Technology Use,0,1,0
0RG04K1,"Fusion of Occipital-cervical Joint with Nonautologous Tissue Substitute, Posterior Approach, Posterior Column, Percutaneous Endoscopic Approach",PR,misc,Device & Technology Use,0,1,0
0RG04KJ,"Fusion of Occipital-cervical Joint with Nonautologous Tissue Substitute, Posterior Approach, Anterior Column, Percutaneous Endoscopic Approach",PR,misc,Device & Technology Use,0,1,0
0RG04Z0,"Fusion of Occipital-cervical Joint, Anterior Approach, Anterior Column, Percutaneous Endoscopic Approach",PR,misc,Device & Technology Use,0,1,0
0RG04Z1,"Fusion of Occipital-cervical Joint, Posterior Approach, Posterior Column, Percutaneous Endoscopic Approach",PR,misc,Device & Technology Use,0,1,0
0RG04ZJ,"Fusion of Occipital-cervical Joint, Posterior Approach, Anterior Column, Percutaneous Endoscopic Approach",PR,misc,Device & Technology Use,0,1,0
0RG1070,"Fusion of Cervical Vertebral Joint with Autologous Tissue Substitute, Anterior Approach, Anterior Column, Open Approach",PR,misc,Device & Technology Use,0,1,0
0RG1071,"Fusion of Cervical Vertebral Joint with Autologous Tissue Substitute, Posterior Approach, Posterior Column, Open Approach",PR,misc,Device & Technology Use,0,1,0
0RG107J,"Fusion of Cervical Vertebral Joint with Autologous Tissue Substitute, Posterior Approach, Anterior Column, Open Approach",PR,misc,Device & Technology Use,0,1,0
0RG10A0,"Fusion of Cervical Vertebral Joint with Interbody Fusion Device, Anterior Approach, Anterior Column, Open Approach",PR,misc,Device & Technology Use,0,1,0
0RG10A1,"Fusion of Cervical Vertebral Joint with Interbody Fusion Device, Posterior Approach, Posterior Column, Open Approach",PR,misc,Device & Technology Use,0,1,0
0RG10AJ,"Fusion of Cervical Vertebral Joint with Interbody Fusion Device, Posterior Approach, Anterior Column, Open Approach",PR,misc,Device & Technology Use,0,1,0
0RG10J0,"Fusion of Cervical Vertebral Joint with Synthetic Substitute, Anterior Approach, Anterior Column, Open Approach",PR,misc,Device & Technology Use,0,1,0
0RG10J1,"Fusion of Cervical Vertebral Joint with Synthetic Substitute, Posterior Approach, Posterior Column, Open Approach",PR,misc,Device & Technology Use,0,1,0
0RG10JJ,"Fusion of Cervical Vertebral Joint with Synthetic Substitute, Posterior Approach, Anterior Column, Open Approach",PR,misc,Device & Technology Use,0,1,0
0RG10K0,"Fusion of Cervical Vertebral Joint with Nonautologous Tissue Substitute, Anterior Approach, Anterior Column, Open Approach",PR,misc,Device & Technology Use,0,1,0
0RG10K1,"Fusion of Cervical Vertebral Joint with Nonautologous Tissue Substitute, Posterior Approach, Posterior Column, Open Approach",PR,misc,Device & Technology Use,0,1,0
0RG10KJ,"Fusion of Cervical Vertebral Joint with Nonautologous Tissue Substitute, Posterior Approach, Anterior Column, Open Approach",PR,misc,Device & Technology Use,0,1,0
0RG10Z0,"Fusion of Cervical Vertebral Joint, Anterior Approach, Anterior Column, Open Approach",PR,misc,Device & Technology Use,0,1,0
0RG10Z1,"Fusion of Cervical Vertebral Joint, Posterior Approach, Posterior Column, Open Approach",PR,misc,Device & Technology Use,0,1,0
0RG10ZJ,"Fusion of Cervical Vertebral Joint, Posterior Approach, Anterior Column, Open Approach",PR,misc,Device & Technology Use,0,1,0
0RG1370,"Fusion of Cervical Vertebral Joint with Autologous Tissue Substitute, Anterior Approach, Anterior Column, Percutaneous Approach",PR,misc,Device & Technology Use,0,1,0
0RG1371,"Fusion of Cervical Vertebral Joint with Autologous Tissue Substitute, Posterior Approach, Posterior Column, Percutaneous Approach",PR,misc,Device & Technology Use,0,1,0
0RG137J,"Fusion of Cervical Vertebral Joint with Autologous Tissue Substitute, Posterior Approach, Anterior Column, Percutaneous Approach",PR,misc,Device & Technology Use,0,1,0
0RG13A0,"Fusion of Cervical Vertebral Joint with Interbody Fusion Device, Anterior Approach, Anterior Column, Percutaneous Approach",PR,misc,Device & Technology Use,0,1,0
0RG13A1,"Fusion of Cervical Vertebral Joint with Interbody Fusion Device, Posterior Approach, Posterior Column, Percutaneous Approach",PR,misc,Device & Technology Use,0,1,0
0RG13AJ,"Fusion of Cervical Vertebral Joint with Interbody Fusion Device, Posterior Approach, Anterior Column, Percutaneous Approach",PR,misc,Device & Technology Use,0,1,0
0RG13J0,"Fusion of Cervical Vertebral Joint with Synthetic Substitute, Anterior Approach, Anterior Column, Percutaneous Approach",PR,misc,Device & Technology Use,0,1,0
0RG13J1,"Fusion of Cervical Vertebral Joint with Synthetic Substitute, Posterior Approach, Posterior Column, Percutaneous Approach",PR,misc,Device & Technology Use,0,1,0
0RG13JJ,"Fusion of Cervical Vertebral Joint with Synthetic Substitute, Posterior Approach, Anterior Column, Percutaneous Approach",PR,misc,Device & Technology Use,0,1,0
0RG13K0,"Fusion of Cervical Vertebral Joint with Nonautologous Tissue Substitute, Anterior Approach, Anterior Column, Percutaneous Approach",PR,misc,Device & Technology Use,0,1,0
0RG13K1,"Fusion of Cervical Vertebral Joint with Nonautologous Tissue Substitute, Posterior Approach, Posterior Column, Percutaneous Approach",PR,misc,Device & Technology Use,0,1,0
0RG13KJ,"Fusion of Cervical Vertebral Joint with Nonautologous Tissue Substitute, Posterior Approach, Anterior Column, Percutaneous Approach",PR,misc,Device & Technology Use,0,1,0
0RG13Z0,"Fusion of Cervical Vertebral Joint, Anterior Approach, Anterior Column, Percutaneous Approach",PR,misc,Device & Technology Use,0,1,0
0RG13Z1,"Fusion of Cervical Vertebral Joint, Posterior Approach, Posterior Column, Percutaneous Approach",PR,misc,Device & Technology Use,0,1,0
0RG13ZJ,"Fusion of Cervical Vertebral Joint, Posterior Approach, Anterior Column, Percutaneous Approach",PR,misc,Device & Technology Use,0,1,0
0RG1470,"Fusion of Cervical Vertebral Joint with Autologous Tissue Substitute, Anterior Approach, Anterior Column, Percutaneous Endoscopic Approach",PR,misc,Device & Technology Use,0,1,0
0RG1471,"Fusion of Cervical Vertebral Joint with Autologous Tissue Substitute, Posterior Approach, Posterior Column, Percutaneous Endoscopic Approach",PR,misc,Device & Technology Use,0,1,0
0RG147J,"Fusion of Cervical Vertebral Joint with Autologous Tissue Substitute, Posterior Approach, Anterior Column, Percutaneous Endoscopic Approach",PR,misc,Device & Technology Use,0,1,0
0RG14A0,"Fusion of Cervical Vertebral Joint with Interbody Fusion Device, Anterior Approach, Anterior Column, Percutaneous Endoscopic Approach",PR,misc,Device & Technology Use,0,1,0
0RG14A1,"Fusion of Cervical Vertebral Joint with Interbody Fusion Device, Posterior Approach, Posterior Column, Percutaneous Endoscopic Approach",PR,misc,Device & Technology Use,0,1,0
0RG14AJ,"Fusion of Cervical Vertebral Joint with Interbody Fusion Device, Posterior Approach, Anterior Column, Percutaneous Endoscopic Approach",PR,misc,Device & Technology Use,0,1,0
0RG14J0,"Fusion of Cervical Vertebral Joint with Synthetic Substitute, Anterior Approach, Anterior Column, Percutaneous Endoscopic Approach",PR,misc,Device & Technology Use,0,1,0
0RG14J1,"Fusion of Cervical Vertebral Joint with Synthetic Substitute, Posterior Approach, Posterior Column, Percutaneous Endoscopic Approach",PR,misc,Device & Technology Use,0,1,0
0RG14JJ,"Fusion of Cervical Vertebral Joint with Synthetic Substitute, Posterior Approach, Anterior Column, Percutaneous Endoscopic Approach",PR,misc,Device & Technology Use,0,1,0
0RG14K0,"Fusion of Cervical Vertebral Joint with Nonautologous Tissue Substitute, Anterior Approach, Anterior Column, Percutaneous Endoscopic Approach",PR,misc,Device & Technology Use,0,1,0
0RG14K1,"Fusion of Cervical Vertebral Joint with Nonautologous Tissue Substitute, Posterior Approach, Posterior Column, Percutaneous Endoscopic Approach",PR,misc,Device & Technology Use,0,1,0
0RG14KJ,"Fusion of Cervical Vertebral Joint with Nonautologous Tissue Substitute, Posterior Approach, Anterior Column, Percutaneous Endoscopic Approach",PR,misc,Device & Technology Use,0,1,0
0RG14Z0,"Fusion of Cervical Vertebral Joint, Anterior Approach, Anterior Column, Percutaneous Endoscopic Approach",PR,misc,Device & Technology Use,0,1,0
0RG14Z1,"Fusion of Cervical Vertebral Joint, Posterior Approach, Posterior Column, Percutaneous Endoscopic Approach",PR,misc,Device & Technology Use,0,1,0
0RG14ZJ,"Fusion of Cervical Vertebral Joint, Posterior Approach, Anterior Column, Percutaneous Endoscopic Approach",PR,misc,Device & Technology Use,0,1,0
0RG2070,"Fusion of 2 or more Cervical Vertebral Joints with Autologous Tissue Substitute, Anterior Approach, Anterior Column, Open Approach",PR,misc,Device & Technology Use,0,1,0
0RG2071,"Fusion of 2 or more Cervical Vertebral Joints with Autologous Tissue Substitute, Posterior Approach, Posterior Column, Open Approach",PR,misc,Device & Technology Use,0,1,0
0RG207J,"Fusion of 2 or more Cervical Vertebral Joints with Autologous Tissue Substitute, Posterior Approach, Anterior Column, Open Approach",PR,misc,Device & Technology Use,0,1,0
0RG20A0,"Fusion of 2 or more Cervical Vertebral Joints with Interbody Fusion Device, Anterior Approach, Anterior Column, Open Approach",PR,misc,Device & Technology Use,0,1,0
0RG20A1,"Fusion of 2 or more Cervical Vertebral Joints with Interbody Fusion Device, Posterior Approach, Posterior Column, Open Approach",PR,misc,Device & Technology Use,0,1,0
0RG20AJ,"Fusion of 2 or more Cervical Vertebral Joints with Interbody Fusion Device, Posterior Approach, Anterior Column, Open Approach",PR,misc,Device & Technology Use,0,1,0
0RG20J0,"Fusion of 2 or more Cervical Vertebral Joints with Synthetic Substitute, Anterior Approach, Anterior Column, Open Approach",PR,misc,Device & Technology Use,0,1,0
0RG20J1,"Fusion of 2 or more Cervical Vertebral Joints with Synthetic Substitute, Posterior Approach, Posterior Column, Open Approach",PR,misc,Device & Technology Use,0,1,0
0RG20JJ,"Fusion of 2 or more Cervical Vertebral Joints with Synthetic Substitute, Posterior Approach, Anterior Column, Open Approach",PR,misc,Device & Technology Use,0,1,0
0RG20K0,"Fusion of 2 or more Cervical Vertebral Joints with Nonautologous Tissue Substitute, Anterior Approach, Anterior Column, Open Approach",PR,misc,Device & Technology Use,0,1,0
0RG20K1,"Fusion of 2 or more Cervical Vertebral Joints with Nonautologous Tissue Substitute, Posterior Approach, Posterior Column, Open Approach",PR,misc,Device & Technology Use,0,1,0
0RG20KJ,"Fusion of 2 or more Cervical Vertebral Joints with Nonautologous Tissue Substitute, Posterior Approach, Anterior Column, Open Approach",PR,misc,Device & Technology Use,0,1,0
0RG20Z0,"Fusion of 2 or more Cervical Vertebral Joints, Anterior Approach, Anterior Column, Open Approach",PR,misc,Device & Technology Use,0,1,0
0RG20Z1,"Fusion of 2 or more Cervical Vertebral Joints, Posterior Approach, Posterior Column, Open Approach",PR,misc,Device & Technology Use,0,1,0
0RG20ZJ,"Fusion of 2 or more Cervical Vertebral Joints, Posterior Approach, Anterior Column, Open Approach",PR,misc,Device & Technology Use,0,1,0
0RG2370,"Fusion of 2 or more Cervical Vertebral Joints with Autologous Tissue Substitute, Anterior Approach, Anterior Column, Percutaneous Approach",PR,misc,Device & Technology Use,0,1,0
0RG2371,"Fusion of 2 or more Cervical Vertebral Joints with Autologous Tissue Substitute, Posterior Approach, Posterior Column, Percutaneous Approach",PR,misc,Device & Technology Use,0,1,0
0RG237J,"Fusion of 2 or more Cervical Vertebral Joints with Autologous Tissue Substitute, Posterior Approach, Anterior Column, Percutaneous Approach",PR,misc,Device & Technology Use,0,1,0
0RG23A0,"Fusion of 2 or more Cervical Vertebral Joints with Interbody Fusion Device, Anterior Approach, Anterior Column, Percutaneous Approach",PR,misc,Device & Technology Use,0,1,0
0RG23A1,"Fusion of 2 or more Cervical Vertebral Joints with Interbody Fusion Device, Posterior Approach, Posterior Column, Percutaneous Approach",PR,misc,Device & Technology Use,0,1,0
0RG23AJ,"Fusion of 2 or more Cervical Vertebral Joints with Interbody Fusion Device, Posterior Approach, Anterior Column, Percutaneous Approach",PR,misc,Device & Technology Use,0,1,0
0RG23J0,"Fusion of 2 or more Cervical Vertebral Joints with Synthetic Substitute, Anterior Approach, Anterior Column, Percutaneous Approach",PR,misc,Device & Technology Use,0,1,0
0RG23J1,"Fusion of 2 or more Cervical Vertebral Joints with Synthetic Substitute, Posterior Approach, Posterior Column, Percutaneous Approach",PR,misc,Device & Technology Use,0,1,0
0RG23JJ,"Fusion of 2 or more Cervical Vertebral Joints with Synthetic Substitute, Posterior Approach, Anterior Column, Percutaneous Approach",PR,misc,Device & Technology Use,0,1,0
0RG23K0,"Fusion of 2 or more Cervical Vertebral Joints with Nonautologous Tissue Substitute, Anterior Approach, Anterior Column, Percutaneous Approach",PR,misc,Device & Technology Use,0,1,0
0RG23K1,"Fusion of 2 or more Cervical Vertebral Joints with Nonautologous Tissue Substitute, Posterior Approach, Posterior Column, Percutaneous Approach",PR,misc,Device & Technology Use,0,1,0
0RG23KJ,"Fusion of 2 or more Cervical Vertebral Joints with Nonautologous Tissue Substitute, Posterior Approach, Anterior Column, Percutaneous Approach",PR,misc,Device & Technology Use,0,1,0
0RG23Z0,"Fusion of 2 or more Cervical Vertebral Joints, Anterior Approach, Anterior Column, Percutaneous Approach",PR,misc,Device & Technology Use,0,1,0
0RG23Z1,"Fusion of 2 or more Cervical Vertebral Joints, Posterior Approach, Posterior Column, Percutaneous Approach",PR,misc,Device & Technology Use,0,1,0
0RG23ZJ,"Fusion of 2 or more Cervical Vertebral Joints, Posterior Approach, Anterior Column, Percutaneous Approach",PR,misc,Device & Technology Use,0,1,0
0RG2470,"Fusion of 2 or more Cervical Vertebral Joints with Autologous Tissue Substitute, Anterior Approach, Anterior Column, Percutaneous Endoscopic Approach",PR,misc,Device & Technology Use,0,1,0
0RG2471,"Fusion of 2 or more Cervical Vertebral Joints with Autologous Tissue Substitute, Posterior Approach, Posterior Column, Percutaneous Endoscopic Approach",PR,misc,Device & Technology Use,0,1,0
0RG247J,"Fusion of 2 or more Cervical Vertebral Joints with Autologous Tissue Substitute, Posterior Approach, Anterior Column, Percutaneous Endoscopic Approach",PR,misc,Device & Technology Use,0,1,0
0RG24A0,"Fusion of 2 or more Cervical Vertebral Joints with Interbody Fusion Device, Anterior Approach, Anterior Column, Percutaneous Endoscopic Approach",PR,misc,Device & Technology Use,0,1,0
0RG24A1,"Fusion of 2 or more Cervical Vertebral Joints with Interbody Fusion Device, Posterior Approach, Posterior Column, Percutaneous Endoscopic Approach",PR,misc,Device & Technology Use,0,1,0
0RG24AJ,"Fusion of 2 or more Cervical Vertebral Joints with Interbody Fusion Device, Posterior Approach, Anterior Column, Percutaneous Endoscopic Approach",PR,misc,Device & Technology Use,0,1,0
0RG24J0,"Fusion of 2 or more Cervical Vertebral Joints with Synthetic Substitute, Anterior Approach, Anterior Column, Percutaneous Endoscopic Approach",PR,misc,Device & Technology Use,0,1,0
0RG24J1,"Fusion of 2 or more Cervical Vertebral Joints with Synthetic Substitute, Posterior Approach, Posterior Column, Percutaneous Endoscopic Approach",PR,misc,Device & Technology Use,0,1,0
0RG24JJ,"Fusion of 2 or more Cervical Vertebral Joints with Synthetic Substitute, Posterior Approach, Anterior Column, Percutaneous Endoscopic Approach",PR,misc,Device & Technology Use,0,1,0
0RG24K0,"Fusion of 2 or more Cervical Vertebral Joints with Nonautologous Tissue Substitute, Anterior Approach, Anterior Column, Percutaneous Endoscopic Approach",PR,misc,Device & Technology Use,0,1,0
0RG24K1,"Fusion of 2 or more Cervical Vertebral Joints with Nonautologous Tissue Substitute, Posterior Approach, Posterior Column, Percutaneous Endoscopic Approach",PR,misc,Device & Technology Use,0,1,0
0RG24KJ,"Fusion of 2 or more Cervical Vertebral Joints with Nonautologous Tissue Substitute, Posterior Approach, Anterior Column, Percutaneous Endoscopic Approach",PR,misc,Device & Technology Use,0,1,0
0RG24Z0,"Fusion of 2 or more Cervical Vertebral Joints, Anterior Approach, Anterior Column, Percutaneous Endoscopic Approach",PR,misc,Device & Technology Use,0,1,0
0RG24Z1,"Fusion of 2 or more Cervical Vertebral Joints, Posterior Approach, Posterior Column, Percutaneous Endoscopic Approach",PR,misc,Device & Technology Use,0,1,0
0RG24ZJ,"Fusion of 2 or more Cervical Vertebral Joints, Posterior Approach, Anterior Column, Percutaneous Endoscopic Approach",PR,misc,Device & Technology Use,0,1,0
0RG4070,"Fusion of Cervicothoracic Vertebral Joint with Autologous Tissue Substitute, Anterior Approach, Anterior Column, Open Approach",PR,misc,Device & Technology Use,0,1,0
0RG4071,"Fusion of Cervicothoracic Vertebral Joint with Autologous Tissue Substitute, Posterior Approach, Posterior Column, Open Approach",PR,misc,Device & Technology Use,0,1,0
0RG407J,"Fusion of Cervicothoracic Vertebral Joint with Autologous Tissue Substitute, Posterior Approach, Anterior Column, Open Approach",PR,misc,Device & Technology Use,0,1,0
0RG40A0,"Fusion of Cervicothoracic Vertebral Joint with Interbody Fusion Device, Anterior Approach, Anterior Column, Open Approach",PR,misc,Device & Technology Use,0,1,0
0RG40A1,"Fusion of Cervicothoracic Vertebral Joint with Interbody Fusion Device, Posterior Approach, Posterior Column, Open Approach",PR,misc,Device & Technology Use,0,1,0
0RG40AJ,"Fusion of Cervicothoracic Vertebral Joint with Interbody Fusion Device, Posterior Approach, Anterior Column, Open Approach",PR,misc,Device & Technology Use,0,1,0
0RG40J0,"Fusion of Cervicothoracic Vertebral Joint with Synthetic Substitute, Anterior Approach, Anterior Column, Open Approach",PR,misc,Device & Technology Use,0,1,0
0RG40J1,"Fusion of Cervicothoracic Vertebral Joint with Synthetic Substitute, Posterior Approach, Posterior Column, Open Approach",PR,misc,Device & Technology Use,0,1,0
0RG40JJ,"Fusion of Cervicothoracic Vertebral Joint with Synthetic Substitute, Posterior Approach, Anterior Column, Open Approach",PR,misc,Device & Technology Use,0,1,0
0RG40K0,"Fusion of Cervicothoracic Vertebral Joint with Nonautologous Tissue Substitute, Anterior Approach, Anterior Column, Open Approach",PR,misc,Device & Technology Use,0,1,0
0RG40K1,"Fusion of Cervicothoracic Vertebral Joint with Nonautologous Tissue Substitute, Posterior Approach, Posterior Column, Open Approach",PR,misc,Device & Technology Use,0,1,0
0RG40KJ,"Fusion of Cervicothoracic Vertebral Joint with Nonautologous Tissue Substitute, Posterior Approach, Anterior Column, Open Approach",PR,misc,Device & Technology Use,0,1,0
0RG40Z0,"Fusion of Cervicothoracic Vertebral Joint, Anterior Approach, Anterior Column, Open Approach",PR,misc,Device & Technology Use,0,1,0
0RG40Z1,"Fusion of Cervicothoracic Vertebral Joint, Posterior Approach, Posterior Column, Open Approach",PR,misc,Device & Technology Use,0,1,0
0RG40ZJ,"Fusion of Cervicothoracic Vertebral Joint, Posterior Approach, Anterior Column, Open Approach",PR,misc,Device & Technology Use,0,1,0
0RG4370,"Fusion of Cervicothoracic Vertebral Joint with Autologous Tissue Substitute, Anterior Approach, Anterior Column, Percutaneous Approach",PR,misc,Device & Technology Use,0,1,0
0RG4371,"Fusion of Cervicothoracic Vertebral Joint with Autologous Tissue Substitute, Posterior Approach, Posterior Column, Percutaneous Approach",PR,misc,Device & Technology Use,0,1,0
0RG437J,"Fusion of Cervicothoracic Vertebral Joint with Autologous Tissue Substitute, Posterior Approach, Anterior Column, Percutaneous Approach",PR,misc,Device & Technology Use,0,1,0
0RG43A0,"Fusion of Cervicothoracic Vertebral Joint with Interbody Fusion Device, Anterior Approach, Anterior Column, Percutaneous Approach",PR,misc,Device & Technology Use,0,1,0
0RG43A1,"Fusion of Cervicothoracic Vertebral Joint with Interbody Fusion Device, Posterior Approach, Posterior Column, Percutaneous Approach",PR,misc,Device & Technology Use,0,1,0
0RG43AJ,"Fusion of Cervicothoracic Vertebral Joint with Interbody Fusion Device, Posterior Approach, Anterior Column, Percutaneous Approach",PR,misc,Device & Technology Use,0,1,0
0RG43J0,"Fusion of Cervicothoracic Vertebral Joint with Synthetic Substitute, Anterior Approach, Anterior Column, Percutaneous Approach",PR,misc,Device & Technology Use,0,1,0
0RG43J1,"Fusion of Cervicothoracic Vertebral Joint with Synthetic Substitute, Posterior Approach, Posterior Column, Percutaneous Approach",PR,misc,Device & Technology Use,0,1,0
0RG43JJ,"Fusion of Cervicothoracic Vertebral Joint with Synthetic Substitute, Posterior Approach, Anterior Column, Percutaneous Approach",PR,misc,Device & Technology Use,0,1,0
0RG43K0,"Fusion of Cervicothoracic Vertebral Joint with Nonautologous Tissue Substitute, Anterior Approach, Anterior Column, Percutaneous Approach",PR,misc,Device & Technology Use,0,1,0
0RG43K1,"Fusion of Cervicothoracic Vertebral Joint with Nonautologous Tissue Substitute, Posterior Approach, Posterior Column, Percutaneous Approach",PR,misc,Device & Technology Use,0,1,0
0RG43KJ,"Fusion of Cervicothoracic Vertebral Joint with Nonautologous Tissue Substitute, Posterior Approach, Anterior Column, Percutaneous Approach",PR,misc,Device & Technology Use,0,1,0
0RG43Z0,"Fusion of Cervicothoracic Vertebral Joint, Anterior Approach, Anterior Column, Percutaneous Approach",PR,misc,Device & Technology Use,0,1,0
0RG43Z1,"Fusion of Cervicothoracic Vertebral Joint, Posterior Approach, Posterior Column, Percutaneous Approach",PR,misc,Device & Technology Use,0,1,0
0RG43ZJ,"Fusion of Cervicothoracic Vertebral Joint, Posterior Approach, Anterior Column, Percutaneous Approach",PR,misc,Device & Technology Use,0,1,0
0RG4470,"Fusion of Cervicothoracic Vertebral Joint with Autologous Tissue Substitute, Anterior Approach, Anterior Column, Percutaneous Endoscopic Approach",PR,misc,Device & Technology Use,0,1,0
0RG4471,"Fusion of Cervicothoracic Vertebral Joint with Autologous Tissue Substitute, Posterior Approach, Posterior Column, Percutaneous Endoscopic Approach",PR,misc,Device & Technology Use,0,1,0
0RG447J,"Fusion of Cervicothoracic Vertebral Joint with Autologous Tissue Substitute, Posterior Approach, Anterior Column, Percutaneous Endoscopic Approach",PR,misc,Device & Technology Use,0,1,0
0RG44A0,"Fusion of Cervicothoracic Vertebral Joint with Interbody Fusion Device, Anterior Approach, Anterior Column, Percutaneous Endoscopic Approach",PR,misc,Device & Technology Use,0,1,0
0RG44A1,"Fusion of Cervicothoracic Vertebral Joint with Interbody Fusion Device, Posterior Approach, Posterior Column, Percutaneous Endoscopic Approach",PR,misc,Device & Technology Use,0,1,0
0RG44AJ,"Fusion of Cervicothoracic Vertebral Joint with Interbody Fusion Device, Posterior Approach, Anterior Column, Percutaneous Endoscopic Approach",PR,misc,Device & Technology Use,0,1,0
0RG44J0,"Fusion of Cervicothoracic Vertebral Joint with Synthetic Substitute, Anterior Approach, Anterior Column, Percutaneous Endoscopic Approach",PR,misc,Device & Technology Use,0,1,0
0RG44J1,"Fusion of Cervicothoracic Vertebral Joint with Synthetic Substitute, Posterior Approach, Posterior Column, Percutaneous Endoscopic Approach",PR,misc,Device & Technology Use,0,1,0
0RG44JJ,"Fusion of Cervicothoracic Vertebral Joint with Synthetic Substitute, Posterior Approach, Anterior Column, Percutaneous Endoscopic Approach",PR,misc,Device & Technology Use,0,1,0
0RG44K0,"Fusion of Cervicothoracic Vertebral Joint with Nonautologous Tissue Substitute, Anterior Approach, Anterior Column, Percutaneous Endoscopic Approach",PR,misc,Device & Technology Use,0,1,0
0RG44K1,"Fusion of Cervicothoracic Vertebral Joint with Nonautologous Tissue Substitute, Posterior Approach, Posterior Column, Percutaneous Endoscopic Approach",PR,misc,Device & Technology Use,0,1,0
0RG44KJ,"Fusion of Cervicothoracic Vertebral Joint with Nonautologous Tissue Substitute, Posterior Approach, Anterior Column, Percutaneous Endoscopic Approach",PR,misc,Device & Technology Use,0,1,0
0RG44Z0,"Fusion of Cervicothoracic Vertebral Joint, Anterior Approach, Anterior Column, Percutaneous Endoscopic Approach",PR,misc,Device & Technology Use,0,1,0
0RG44Z1,"Fusion of Cervicothoracic Vertebral Joint, Posterior Approach, Posterior Column, Percutaneous Endoscopic Approach",PR,misc,Device & Technology Use,0,1,0
0RG44ZJ,"Fusion of Cervicothoracic Vertebral Joint, Posterior Approach, Anterior Column, Percutaneous Endoscopic Approach",PR,misc,Device & Technology Use,0,1,0
0RG6070,"Fusion of Thoracic Vertebral Joint with Autologous Tissue Substitute, Anterior Approach, Anterior Column, Open Approach",PR,misc,Device & Technology Use,0,1,0
0RG6071,"Fusion of Thoracic Vertebral Joint with Autologous Tissue Substitute, Posterior Approach, Posterior Column, Open Approach",PR,misc,Device & Technology Use,0,1,0
0RG607J,"Fusion of Thoracic Vertebral Joint with Autologous Tissue Substitute, Posterior Approach, Anterior Column, Open Approach",PR,misc,Device & Technology Use,0,1,0
0RG60A0,"Fusion of Thoracic Vertebral Joint with Interbody Fusion Device, Anterior Approach, Anterior Column, Open Approach",PR,misc,Device & Technology Use,0,1,0
0RG60A1,"Fusion of Thoracic Vertebral Joint with Interbody Fusion Device, Posterior Approach, Posterior Column, Open Approach",PR,misc,Device & Technology Use,0,1,0
0RG60AJ,"Fusion of Thoracic Vertebral Joint with Interbody Fusion Device, Posterior Approach, Anterior Column, Open Approach",PR,misc,Device & Technology Use,0,1,0
0RG60J0,"Fusion of Thoracic Vertebral Joint with Synthetic Substitute, Anterior Approach, Anterior Column, Open Approach",PR,misc,Device & Technology Use,0,1,0
0RG60J1,"Fusion of Thoracic Vertebral Joint with Synthetic Substitute, Posterior Approach, Posterior Column, Open Approach",PR,misc,Device & Technology Use,0,1,0
0RG60JJ,"Fusion of Thoracic Vertebral Joint with Synthetic Substitute, Posterior Approach, Anterior Column, Open Approach",PR,misc,Device & Technology Use,0,1,0
0RG60K0,"Fusion of Thoracic Vertebral Joint with Nonautologous Tissue Substitute, Anterior Approach, Anterior Column, Open Approach",PR,misc,Device & Technology Use,0,1,0
0RG60K1,"Fusion of Thoracic Vertebral Joint with Nonautologous Tissue Substitute, Posterior Approach, Posterior Column, Open Approach",PR,misc,Device & Technology Use,0,1,0
0RG60KJ,"Fusion of Thoracic Vertebral Joint with Nonautologous Tissue Substitute, Posterior Approach, Anterior Column, Open Approach",PR,misc,Device & Technology Use,0,1,0
0RG60Z0,"Fusion of Thoracic Vertebral Joint, Anterior Approach, Anterior Column, Open Approach",PR,misc,Device & Technology Use,0,1,0
0RG60Z1,"Fusion of Thoracic Vertebral Joint, Posterior Approach, Posterior Column, Open Approach",PR,misc,Device & Technology Use,0,1,0
0RG60ZJ,"Fusion of Thoracic Vertebral Joint, Posterior Approach, Anterior Column, Open Approach",PR,misc,Device & Technology Use,0,1,0
0RG6370,"Fusion of Thoracic Vertebral Joint with Autologous Tissue Substitute, Anterior Approach, Anterior Column, Percutaneous Approach",PR,misc,Device & Technology Use,0,1,0
0RG6371,"Fusion of Thoracic Vertebral Joint with Autologous Tissue Substitute, Posterior Approach, Posterior Column, Percutaneous Approach",PR,misc,Device & Technology Use,0,1,0
0RG637J,"Fusion of Thoracic Vertebral Joint with Autologous Tissue Substitute, Posterior Approach, Anterior Column, Percutaneous Approach",PR,misc,Device & Technology Use,0,1,0
0RG63A0,"Fusion of Thoracic Vertebral Joint with Interbody Fusion Device, Anterior Approach, Anterior Column, Percutaneous Approach",PR,misc,Device & Technology Use,0,1,0
0RG63A1,"Fusion of Thoracic Vertebral Joint with Interbody Fusion Device, Posterior Approach, Posterior Column, Percutaneous Approach",PR,misc,Device & Technology Use,0,1,0
0RG63AJ,"Fusion of Thoracic Vertebral Joint with Interbody Fusion Device, Posterior Approach, Anterior Column, Percutaneous Approach",PR,misc,Device & Technology Use,0,1,0
0RG63J0,"Fusion of Thoracic Vertebral Joint with Synthetic Substitute, Anterior Approach, Anterior Column, Percutaneous Approach",PR,misc,Device & Technology Use,0,1,0
0RG63J1,"Fusion of Thoracic Vertebral Joint with Synthetic Substitute, Posterior Approach, Posterior Column, Percutaneous Approach",PR,misc,Device & Technology Use,0,1,0
0RG63JJ,"Fusion of Thoracic Vertebral Joint with Synthetic Substitute, Posterior Approach, Anterior Column, Percutaneous Approach",PR,misc,Device & Technology Use,0,1,0
0RG63K0,"Fusion of Thoracic Vertebral Joint with Nonautologous Tissue Substitute, Anterior Approach, Anterior Column, Percutaneous Approach",PR,misc,Device & Technology Use,0,1,0
0RG63K1,"Fusion of Thoracic Vertebral Joint with Nonautologous Tissue Substitute, Posterior Approach, Posterior Column, Percutaneous Approach",PR,misc,Device & Technology Use,0,1,0
0RG63KJ,"Fusion of Thoracic Vertebral Joint with Nonautologous Tissue Substitute, Posterior Approach, Anterior Column, Percutaneous Approach",PR,misc,Device & Technology Use,0,1,0
0RG63Z0,"Fusion of Thoracic Vertebral Joint, Anterior Approach, Anterior Column, Percutaneous Approach",PR,misc,Device & Technology Use,0,1,0
0RG63Z1,"Fusion of Thoracic Vertebral Joint, Posterior Approach, Posterior Column, Percutaneous Approach",PR,misc,Device & Technology Use,0,1,0
0RG63ZJ,"Fusion of Thoracic Vertebral Joint, Posterior Approach, Anterior Column, Percutaneous Approach",PR,misc,Device & Technology Use,0,1,0
0RG6470,"Fusion of Thoracic Vertebral Joint with Autologous Tissue Substitute, Anterior Approach, Anterior Column, Percutaneous Endoscopic Approach",PR,misc,Device & Technology Use,0,1,0
0RG6471,"Fusion of Thoracic Vertebral Joint with Autologous Tissue Substitute, Posterior Approach, Posterior Column, Percutaneous Endoscopic Approach",PR,misc,Device & Technology Use,0,1,0
0RG647J,"Fusion of Thoracic Vertebral Joint with Autologous Tissue Substitute, Posterior Approach, Anterior Column, Percutaneous Endoscopic Approach",PR,misc,Device & Technology Use,0,1,0
0RG64A0,"Fusion of Thoracic Vertebral Joint with Interbody Fusion Device, Anterior Approach, Anterior Column, Percutaneous Endoscopic Approach",PR,misc,Device & Technology Use,0,1,0
0RG64A1,"Fusion of Thoracic Vertebral Joint with Interbody Fusion Device, Posterior Approach, Posterior Column, Percutaneous Endoscopic Approach",PR,misc,Device & Technology Use,0,1,0
0RG64AJ,"Fusion of Thoracic Vertebral Joint with Interbody Fusion Device, Posterior Approach, Anterior Column, Percutaneous Endoscopic Approach",PR,misc,Device & Technology Use,0,1,0
0RG64J0,"Fusion of Thoracic Vertebral Joint with Synthetic Substitute, Anterior Approach, Anterior Column, Percutaneous Endoscopic Approach",PR,misc,Device & Technology Use,0,1,0
0RG64J1,"Fusion of Thoracic Vertebral Joint with Synthetic Substitute, Posterior Approach, Posterior Column, Percutaneous Endoscopic Approach",PR,misc,Device & Technology Use,0,1,0
0RG64JJ,"Fusion of Thoracic Vertebral Joint with Synthetic Substitute, Posterior Approach, Anterior Column, Percutaneous Endoscopic Approach",PR,misc,Device & Technology Use,0,1,0
0RG64K0,"Fusion of Thoracic Vertebral Joint with Nonautologous Tissue Substitute, Anterior Approach, Anterior Column, Percutaneous Endoscopic Approach",PR,misc,Device & Technology Use,0,1,0
0RG64K1,"Fusion of Thoracic Vertebral Joint with Nonautologous Tissue Substitute, Posterior Approach, Posterior Column, Percutaneous Endoscopic Approach",PR,misc,Device & Technology Use,0,1,0
0RG64KJ,"Fusion of Thoracic Vertebral Joint with Nonautologous Tissue Substitute, Posterior Approach, Anterior Column, Percutaneous Endoscopic Approach",PR,misc,Device & Technology Use,0,1,0
0RG64Z0,"Fusion of Thoracic Vertebral Joint, Anterior Approach, Anterior Column, Percutaneous Endoscopic Approach",PR,misc,Device & Technology Use,0,1,0
0RG64Z1,"Fusion of Thoracic Vertebral Joint, Posterior Approach, Posterior Column, Percutaneous Endoscopic Approach",PR,misc,Device & Technology Use,0,1,0
0RG64ZJ,"Fusion of Thoracic Vertebral Joint, Posterior Approach, Anterior Column, Percutaneous Endoscopic Approach",PR,misc,Device & Technology Use,0,1,0
0RG7070,"Fusion of 2 to 7 Thoracic Vertebral Joints with Autologous Tissue Substitute, Anterior Approach, Anterior Column, Open Approach",PR,misc,Device & Technology Use,0,1,0
0RG7071,"Fusion of 2 to 7 Thoracic Vertebral Joints with Autologous Tissue Substitute, Posterior Approach, Posterior Column, Open Approach",PR,misc,Device & Technology Use,0,1,0
0RG707J,"Fusion of 2 to 7 Thoracic Vertebral Joints with Autologous Tissue Substitute, Posterior Approach, Anterior Column, Open Approach",PR,misc,Device & Technology Use,0,1,0
0RG70A0,"Fusion of 2 to 7 Thoracic Vertebral Joints with Interbody Fusion Device, Anterior Approach, Anterior Column, Open Approach",PR,misc,Device & Technology Use,0,1,0
0RG70A1,"Fusion of 2 to 7 Thoracic Vertebral Joints with Interbody Fusion Device, Posterior Approach, Posterior Column, Open Approach",PR,misc,Device & Technology Use,0,1,0
0RG70AJ,"Fusion of 2 to 7 Thoracic Vertebral Joints with Interbody Fusion Device, Posterior Approach, Anterior Column, Open Approach",PR,misc,Device & Technology Use,0,1,0
0RG70J0,"Fusion of 2 to 7 Thoracic Vertebral Joints with Synthetic Substitute, Anterior Approach, Anterior Column, Open Approach",PR,misc,Device & Technology Use,0,1,0
0RG70J1,"Fusion of 2 to 7 Thoracic Vertebral Joints with Synthetic Substitute, Posterior Approach, Posterior Column, Open Approach",PR,misc,Device & Technology Use,0,1,0
0RG70JJ,"Fusion of 2 to 7 Thoracic Vertebral Joints with Synthetic Substitute, Posterior Approach, Anterior Column, Open Approach",PR,misc,Device & Technology Use,0,1,0
0RG70K0,"Fusion of 2 to 7 Thoracic Vertebral Joints with Nonautologous Tissue Substitute, Anterior Approach, Anterior Column, Open Approach",PR,misc,Device & Technology Use,0,1,0
0RG70K1,"Fusion of 2 to 7 Thoracic Vertebral Joints with Nonautologous Tissue Substitute, Posterior Approach, Posterior Column, Open Approach",PR,misc,Device & Technology Use,0,1,0
0RG70KJ,"Fusion of 2 to 7 Thoracic Vertebral Joints with Nonautologous Tissue Substitute, Posterior Approach, Anterior Column, Open Approach",PR,misc,Device & Technology Use,0,1,0
0RG70Z0,"Fusion of 2 to 7 Thoracic Vertebral Joints, Anterior Approach, Anterior Column, Open Approach",PR,misc,Device & Technology Use,0,1,0
0RG70Z1,"Fusion of 2 to 7 Thoracic Vertebral Joints, Posterior Approach, Posterior Column, Open Approach",PR,misc,Device & Technology Use,0,1,0
0RG70ZJ,"Fusion of 2 to 7 Thoracic Vertebral Joints, Posterior Approach, Anterior Column, Open Approach",PR,misc,Device & Technology Use,0,1,0
0RG7370,"Fusion of 2 to 7 Thoracic Vertebral Joints with Autologous Tissue Substitute, Anterior Approach, Anterior Column, Percutaneous Approach",PR,misc,Device & Technology Use,0,1,0
0RG7371,"Fusion of 2 to 7 Thoracic Vertebral Joints with Autologous Tissue Substitute, Posterior Approach, Posterior Column, Percutaneous Approach",PR,misc,Device & Technology Use,0,1,0
0RG737J,"Fusion of 2 to 7 Thoracic Vertebral Joints with Autologous Tissue Substitute, Posterior Approach, Anterior Column, Percutaneous Approach",PR,misc,Device & Technology Use,0,1,0
0RG73A0,"Fusion of 2 to 7 Thoracic Vertebral Joints with Interbody Fusion Device, Anterior Approach, Anterior Column, Percutaneous Approach",PR,misc,Device & Technology Use,0,1,0
0RG73A1,"Fusion of 2 to 7 Thoracic Vertebral Joints with Interbody Fusion Device, Posterior Approach, Posterior Column, Percutaneous Approach",PR,misc,Device & Technology Use,0,1,0
0RG73AJ,"Fusion of 2 to 7 Thoracic Vertebral Joints with Interbody Fusion Device, Posterior Approach, Anterior Column, Percutaneous Approach",PR,misc,Device & Technology Use,0,1,0
0RG73J0,"Fusion of 2 to 7 Thoracic Vertebral Joints with Synthetic Substitute, Anterior Approach, Anterior Column, Percutaneous Approach",PR,misc,Device & Technology Use,0,1,0
0RG73J1,"Fusion of 2 to 7 Thoracic Vertebral Joints with Synthetic Substitute, Posterior Approach, Posterior Column, Percutaneous Approach",PR,misc,Device & Technology Use,0,1,0
0RG73JJ,"Fusion of 2 to 7 Thoracic Vertebral Joints with Synthetic Substitute, Posterior Approach, Anterior Column, Percutaneous Approach",PR,misc,Device & Technology Use,0,1,0
0RG73K0,"Fusion of 2 to 7 Thoracic Vertebral Joints with Nonautologous Tissue Substitute, Anterior Approach, Anterior Column, Percutaneous Approach",PR,misc,Device & Technology Use,0,1,0
0RG73K1,"Fusion of 2 to 7 Thoracic Vertebral Joints with Nonautologous Tissue Substitute, Posterior Approach, Posterior Column, Percutaneous Approach",PR,misc,Device & Technology Use,0,1,0
0RG73KJ,"Fusion of 2 to 7 Thoracic Vertebral Joints with Nonautologous Tissue Substitute, Posterior Approach, Anterior Column, Percutaneous Approach",PR,misc,Device & Technology Use,0,1,0
0RG73Z0,"Fusion of 2 to 7 Thoracic Vertebral Joints, Anterior Approach, Anterior Column, Percutaneous Approach",PR,misc,Device & Technology Use,0,1,0
0RG73Z1,"Fusion of 2 to 7 Thoracic Vertebral Joints, Posterior Approach, Posterior Column, Percutaneous Approach",PR,misc,Device & Technology Use,0,1,0
0RG73ZJ,"Fusion of 2 to 7 Thoracic Vertebral Joints, Posterior Approach, Anterior Column, Percutaneous Approach",PR,misc,Device & Technology Use,0,1,0
0RG7470,"Fusion of 2 to 7 Thoracic Vertebral Joints with Autologous Tissue Substitute, Anterior Approach, Anterior Column, Percutaneous Endoscopic Approach",PR,misc,Device & Technology Use,0,1,0
0RG7471,"Fusion of 2 to 7 Thoracic Vertebral Joints with Autologous Tissue Substitute, Posterior Approach, Posterior Column, Percutaneous Endoscopic Approach",PR,misc,Device & Technology Use,0,1,0
0RG747J,"Fusion of 2 to 7 Thoracic Vertebral Joints with Autologous Tissue Substitute, Posterior Approach, Anterior Column, Percutaneous Endoscopic Approach",PR,misc,Device & Technology Use,0,1,0
0RG74A0,"Fusion of 2 to 7 Thoracic Vertebral Joints with Interbody Fusion Device, Anterior Approach, Anterior Column, Percutaneous Endoscopic Approach",PR,misc,Device & Technology Use,0,1,0
0RG74A1,"Fusion of 2 to 7 Thoracic Vertebral Joints with Interbody Fusion Device, Posterior Approach, Posterior Column, Percutaneous Endoscopic Approach",PR,misc,Device & Technology Use,0,1,0
0RG74AJ,"Fusion of 2 to 7 Thoracic Vertebral Joints with Interbody Fusion Device, Posterior Approach, Anterior Column, Percutaneous Endoscopic Approach",PR,misc,Device & Technology Use,0,1,0
0RG74J0,"Fusion of 2 to 7 Thoracic Vertebral Joints with Synthetic Substitute, Anterior Approach, Anterior Column, Percutaneous Endoscopic Approach",PR,misc,Device & Technology Use,0,1,0
0RG74J1,"Fusion of 2 to 7 Thoracic Vertebral Joints with Synthetic Substitute, Posterior Approach, Posterior Column, Percutaneous Endoscopic Approach",PR,misc,Device & Technology Use,0,1,0
0RG74JJ,"Fusion of 2 to 7 Thoracic Vertebral Joints with Synthetic Substitute, Posterior Approach, Anterior Column, Percutaneous Endoscopic Approach",PR,misc,Device & Technology Use,0,1,0
0RG74K0,"Fusion of 2 to 7 Thoracic Vertebral Joints with Nonautologous Tissue Substitute, Anterior Approach, Anterior Column, Percutaneous Endoscopic Approach",PR,misc,Device & Technology Use,0,1,0
0RG74K1,"Fusion of 2 to 7 Thoracic Vertebral Joints with Nonautologous Tissue Substitute, Posterior Approach, Posterior Column, Percutaneous Endoscopic Approach",PR,misc,Device & Technology Use,0,1,0
0RG74KJ,"Fusion of 2 to 7 Thoracic Vertebral Joints with Nonautologous Tissue Substitute, Posterior Approach, Anterior Column, Percutaneous Endoscopic Approach",PR,misc,Device & Technology Use,0,1,0
0RG74Z0,"Fusion of 2 to 7 Thoracic Vertebral Joints, Anterior Approach, Anterior Column, Percutaneous Endoscopic Approach",PR,misc,Device & Technology Use,0,1,0
0RG74Z1,"Fusion of 2 to 7 Thoracic Vertebral Joints, Posterior Approach, Posterior Column, Percutaneous Endoscopic Approach",PR,misc,Device & Technology Use,0,1,0
0RG74ZJ,"Fusion of 2 to 7 Thoracic Vertebral Joints, Posterior Approach, Anterior Column, Percutaneous Endoscopic Approach",PR,misc,Device & Technology Use,0,1,0
0RG8070,"Fusion of 8 or more Thoracic Vertebral Joints with Autologous Tissue Substitute, Anterior Approach, Anterior Column, Open Approach",PR,misc,Device & Technology Use,0,1,0
0RG8071,"Fusion of 8 or more Thoracic Vertebral Joints with Autologous Tissue Substitute, Posterior Approach, Posterior Column, Open Approach",PR,misc,Device & Technology Use,0,1,0
0RG807J,"Fusion of 8 or more Thoracic Vertebral Joints with Autologous Tissue Substitute, Posterior Approach, Anterior Column, Open Approach",PR,misc,Device & Technology Use,0,1,0
0RG80A0,"Fusion of 8 or more Thoracic Vertebral Joints with Interbody Fusion Device, Anterior Approach, Anterior Column, Open Approach",PR,misc,Device & Technology Use,0,1,0
0RG80A1,"Fusion of 8 or more Thoracic Vertebral Joints with Interbody Fusion Device, Posterior Approach, Posterior Column, Open Approach",PR,misc,Device & Technology Use,0,1,0
0RG80AJ,"Fusion of 8 or more Thoracic Vertebral Joints with Interbody Fusion Device, Posterior Approach, Anterior Column, Open Approach",PR,misc,Device & Technology Use,0,1,0
0RG80J0,"Fusion of 8 or more Thoracic Vertebral Joints with Synthetic Substitute, Anterior Approach, Anterior Column, Open Approach",PR,misc,Device & Technology Use,0,1,0
0RG80J1,"Fusion of 8 or more Thoracic Vertebral Joints with Synthetic Substitute, Posterior Approach, Posterior Column, Open Approach",PR,misc,Device & Technology Use,0,1,0
0RG80JJ,"Fusion of 8 or more Thoracic Vertebral Joints with Synthetic Substitute, Posterior Approach, Anterior Column, Open Approach",PR,misc,Device & Technology Use,0,1,0
0RG80K0,"Fusion of 8 or more Thoracic Vertebral Joints with Nonautologous Tissue Substitute, Anterior Approach, Anterior Column, Open Approach",PR,misc,Device & Technology Use,0,1,0
0RG80K1,"Fusion of 8 or more Thoracic Vertebral Joints with Nonautologous Tissue Substitute, Posterior Approach, Posterior Column, Open Approach",PR,misc,Device & Technology Use,0,1,0
0RG80KJ,"Fusion of 8 or more Thoracic Vertebral Joints with Nonautologous Tissue Substitute, Posterior Approach, Anterior Column, Open Approach",PR,misc,Device & Technology Use,0,1,0
0RG80Z0,"Fusion of 8 or more Thoracic Vertebral Joints, Anterior Approach, Anterior Column, Open Approach",PR,misc,Device & Technology Use,0,1,0
0RG80Z1,"Fusion of 8 or more Thoracic Vertebral Joints, Posterior Approach, Posterior Column, Open Approach",PR,misc,Device & Technology Use,0,1,0
0RG80ZJ,"Fusion of 8 or more Thoracic Vertebral Joints, Posterior Approach, Anterior Column, Open Approach",PR,misc,Device & Technology Use,0,1,0
0RG8370,"Fusion of 8 or more Thoracic Vertebral Joints with Autologous Tissue Substitute, Anterior Approach, Anterior Column, Percutaneous Approach",PR,misc,Device & Technology Use,0,1,0
0RG8371,"Fusion of 8 or more Thoracic Vertebral Joints with Autologous Tissue Substitute, Posterior Approach, Posterior Column, Percutaneous Approach",PR,misc,Device & Technology Use,0,1,0
0RG837J,"Fusion of 8 or more Thoracic Vertebral Joints with Autologous Tissue Substitute, Posterior Approach, Anterior Column, Percutaneous Approach",PR,misc,Device & Technology Use,0,1,0
0RG83A0,"Fusion of 8 or more Thoracic Vertebral Joints with Interbody Fusion Device, Anterior Approach, Anterior Column, Percutaneous Approach",PR,misc,Device & Technology Use,0,1,0
0RG83A1,"Fusion of 8 or more Thoracic Vertebral Joints with Interbody Fusion Device, Posterior Approach, Posterior Column, Percutaneous Approach",PR,misc,Device & Technology Use,0,1,0
0RG83AJ,"Fusion of 8 or more Thoracic Vertebral Joints with Interbody Fusion Device, Posterior Approach, Anterior Column, Percutaneous Approach",PR,misc,Device & Technology Use,0,1,0
0RG83J0,"Fusion of 8 or more Thoracic Vertebral Joints with Synthetic Substitute, Anterior Approach, Anterior Column, Percutaneous Approach",PR,misc,Device & Technology Use,0,1,0
0RG83J1,"Fusion of 8 or more Thoracic Vertebral Joints with Synthetic Substitute, Posterior Approach, Posterior Column, Percutaneous Approach",PR,misc,Device & Technology Use,0,1,0
0RG83JJ,"Fusion of 8 or more Thoracic Vertebral Joints with Synthetic Substitute, Posterior Approach, Anterior Column, Percutaneous Approach",PR,misc,Device & Technology Use,0,1,0
0RG83K0,"Fusion of 8 or more Thoracic Vertebral Joints with Nonautologous Tissue Substitute, Anterior Approach, Anterior Column, Percutaneous Approach",PR,misc,Device & Technology Use,0,1,0
0RG83K1,"Fusion of 8 or more Thoracic Vertebral Joints with Nonautologous Tissue Substitute, Posterior Approach, Posterior Column, Percutaneous Approach",PR,misc,Device & Technology Use,0,1,0
0RG83KJ,"Fusion of 8 or more Thoracic Vertebral Joints with Nonautologous Tissue Substitute, Posterior Approach, Anterior Column, Percutaneous Approach",PR,misc,Device & Technology Use,0,1,0
0RG83Z0,"Fusion of 8 or more Thoracic Vertebral Joints, Anterior Approach, Anterior Column, Percutaneous Approach",PR,misc,Device & Technology Use,0,1,0
0RG83Z1,"Fusion of 8 or more Thoracic Vertebral Joints, Posterior Approach, Posterior Column, Percutaneous Approach",PR,misc,Device & Technology Use,0,1,0
0RG83ZJ,"Fusion of 8 or more Thoracic Vertebral Joints, Posterior Approach, Anterior Column, Percutaneous Approach",PR,misc,Device & Technology Use,0,1,0
0RG8470,"Fusion of 8 or more Thoracic Vertebral Joints with Autologous Tissue Substitute, Anterior Approach, Anterior Column, Percutaneous Endoscopic Approach",PR,misc,Device & Technology Use,0,1,0
0RG8471,"Fusion of 8 or more Thoracic Vertebral Joints with Autologous Tissue Substitute, Posterior Approach, Posterior Column, Percutaneous Endoscopic Approach",PR,misc,Device & Technology Use,0,1,0
0RG847J,"Fusion of 8 or more Thoracic Vertebral Joints with Autologous Tissue Substitute, Posterior Approach, Anterior Column, Percutaneous Endoscopic Approach",PR,misc,Device & Technology Use,0,1,0
0RG84A0,"Fusion of 8 or more Thoracic Vertebral Joints with Interbody Fusion Device, Anterior Approach, Anterior Column, Percutaneous Endoscopic Approach",PR,misc,Device & Technology Use,0,1,0
0RG84A1,"Fusion of 8 or more Thoracic Vertebral Joints with Interbody Fusion Device, Posterior Approach, Posterior Column, Percutaneous Endoscopic Approach",PR,misc,Device & Technology Use,0,1,0
0RG84AJ,"Fusion of 8 or more Thoracic Vertebral Joints with Interbody Fusion Device, Posterior Approach, Anterior Column, Percutaneous Endoscopic Approach",PR,misc,Device & Technology Use,0,1,0
0RG84J0,"Fusion of 8 or more Thoracic Vertebral Joints with Synthetic Substitute, Anterior Approach, Anterior Column, Percutaneous Endoscopic Approach",PR,misc,Device & Technology Use,0,1,0
0RG84J1,"Fusion of 8 or more Thoracic Vertebral Joints with Synthetic Substitute, Posterior Approach, Posterior Column, Percutaneous Endoscopic Approach",PR,misc,Device & Technology Use,0,1,0
0RG84JJ,"Fusion of 8 or more Thoracic Vertebral Joints with Synthetic Substitute, Posterior Approach, Anterior Column, Percutaneous Endoscopic Approach",PR,misc,Device & Technology Use,0,1,0
0RG84K0,"Fusion of 8 or more Thoracic Vertebral Joints with Nonautologous Tissue Substitute, Anterior Approach, Anterior Column, Percutaneous Endoscopic Approach",PR,misc,Device & Technology Use,0,1,0
0RG84K1,"Fusion of 8 or more Thoracic Vertebral Joints with Nonautologous Tissue Substitute, Posterior Approach, Posterior Column, Percutaneous Endoscopic Approach",PR,misc,Device & Technology Use,0,1,0
0RG84KJ,"Fusion of 8 or more Thoracic Vertebral Joints with Nonautologous Tissue Substitute, Posterior Approach, Anterior Column, Percutaneous Endoscopic Approach",PR,misc,Device & Technology Use,0,1,0
0RG84Z0,"Fusion of 8 or more Thoracic Vertebral Joints, Anterior Approach, Anterior Column, Percutaneous Endoscopic Approach",PR,misc,Device & Technology Use,0,1,0
0RG84Z1,"Fusion of 8 or more Thoracic Vertebral Joints, Posterior Approach, Posterior Column, Percutaneous Endoscopic Approach",PR,misc,Device & Technology Use,0,1,0
0RG84ZJ,"Fusion of 8 or more Thoracic Vertebral Joints, Posterior Approach, Anterior Column, Percutaneous Endoscopic Approach",PR,misc,Device & Technology Use,0,1,0
0RGA070,"Fusion of Thoracolumbar Vertebral Joint with Autologous Tissue Substitute, Anterior Approach, Anterior Column, Open Approach",PR,misc,Device & Technology Use,0,1,0
0RGA071,"Fusion of Thoracolumbar Vertebral Joint with Autologous Tissue Substitute, Posterior Approach, Posterior Column, Open Approach",PR,misc,Device & Technology Use,0,1,0
0RGA07J,"Fusion of Thoracolumbar Vertebral Joint with Autologous Tissue Substitute, Posterior Approach, Anterior Column, Open Approach",PR,misc,Device & Technology Use,0,1,0
0RGA0A0,"Fusion of Thoracolumbar Vertebral Joint with Interbody Fusion Device, Anterior Approach, Anterior Column, Open Approach",PR,misc,Device & Technology Use,0,1,0
0RGA0A1,"Fusion of Thoracolumbar Vertebral Joint with Interbody Fusion Device, Posterior Approach, Posterior Column, Open Approach",PR,misc,Device & Technology Use,0,1,0
0RGA0AJ,"Fusion of Thoracolumbar Vertebral Joint with Interbody Fusion Device, Posterior Approach, Anterior Column, Open Approach",PR,misc,Device & Technology Use,0,1,0
0RGA0J0,"Fusion of Thoracolumbar Vertebral Joint with Synthetic Substitute, Anterior Approach, Anterior Column, Open Approach",PR,misc,Device & Technology Use,0,1,0
0RGA0J1,"Fusion of Thoracolumbar Vertebral Joint with Synthetic Substitute, Posterior Approach, Posterior Column, Open Approach",PR,misc,Device & Technology Use,0,1,0
0RGA0JJ,"Fusion of Thoracolumbar Vertebral Joint with Synthetic Substitute, Posterior Approach, Anterior Column, Open Approach",PR,misc,Device & Technology Use,0,1,0
0RGA0K0,"Fusion of Thoracolumbar Vertebral Joint with Nonautologous Tissue Substitute, Anterior Approach, Anterior Column, Open Approach",PR,misc,Device & Technology Use,0,1,0
0RGA0K1,"Fusion of Thoracolumbar Vertebral Joint with Nonautologous Tissue Substitute, Posterior Approach, Posterior Column, Open Approach",PR,misc,Device & Technology Use,0,1,0
0RGA0KJ,"Fusion of Thoracolumbar Vertebral Joint with Nonautologous Tissue Substitute, Posterior Approach, Anterior Column, Open Approach",PR,misc,Device & Technology Use,0,1,0
0RGA0Z0,"Fusion of Thoracolumbar Vertebral Joint, Anterior Approach, Anterior Column, Open Approach",PR,misc,Device & Technology Use,0,1,0
0RGA0Z1,"Fusion of Thoracolumbar Vertebral Joint, Posterior Approach, Posterior Column, Open Approach",PR,misc,Device & Technology Use,0,1,0
0RGA0ZJ,"Fusion of Thoracolumbar Vertebral Joint, Posterior Approach, Anterior Column, Open Approach",PR,misc,Device & Technology Use,0,1,0
0RGA370,"Fusion of Thoracolumbar Vertebral Joint with Autologous Tissue Substitute, Anterior Approach, Anterior Column, Percutaneous Approach",PR,misc,Device & Technology Use,0,1,0
0RGA371,"Fusion of Thoracolumbar Vertebral Joint with Autologous Tissue Substitute, Posterior Approach, Posterior Column, Percutaneous Approach",PR,misc,Device & Technology Use,0,1,0
0RGA37J,"Fusion of Thoracolumbar Vertebral Joint with Autologous Tissue Substitute, Posterior Approach, Anterior Column, Percutaneous Approach",PR,misc,Device & Technology Use,0,1,0
0RGA3A0,"Fusion of Thoracolumbar Vertebral Joint with Interbody Fusion Device, Anterior Approach, Anterior Column, Percutaneous Approach",PR,misc,Device & Technology Use,0,1,0
0RGA3A1,"Fusion of Thoracolumbar Vertebral Joint with Interbody Fusion Device, Posterior Approach, Posterior Column, Percutaneous Approach",PR,misc,Device & Technology Use,0,1,0
0RGA3AJ,"Fusion of Thoracolumbar Vertebral Joint with Interbody Fusion Device, Posterior Approach, Anterior Column, Percutaneous Approach",PR,misc,Device & Technology Use,0,1,0
0RGA3J0,"Fusion of Thoracolumbar Vertebral Joint with Synthetic Substitute, Anterior Approach, Anterior Column, Percutaneous Approach",PR,misc,Device & Technology Use,0,1,0
0RGA3J1,"Fusion of Thoracolumbar Vertebral Joint with Synthetic Substitute, Posterior Approach, Posterior Column, Percutaneous Approach",PR,misc,Device & Technology Use,0,1,0
0RGA3JJ,"Fusion of Thoracolumbar Vertebral Joint with Synthetic Substitute, Posterior Approach, Anterior Column, Percutaneous Approach",PR,misc,Device & Technology Use,0,1,0
0RGA3K0,"Fusion of Thoracolumbar Vertebral Joint with Nonautologous Tissue Substitute, Anterior Approach, Anterior Column, Percutaneous Approach",PR,misc,Device & Technology Use,0,1,0
0RGA3K1,"Fusion of Thoracolumbar Vertebral Joint with Nonautologous Tissue Substitute, Posterior Approach, Posterior Column, Percutaneous Approach",PR,misc,Device & Technology Use,0,1,0
0RGA3KJ,"Fusion of Thoracolumbar Vertebral Joint with Nonautologous Tissue Substitute, Posterior Approach, Anterior Column, Percutaneous Approach",PR,misc,Device & Technology Use,0,1,0
0RGA3Z0,"Fusion of Thoracolumbar Vertebral Joint, Anterior Approach, Anterior Column, Percutaneous Approach",PR,misc,Device & Technology Use,0,1,0
0RGA3Z1,"Fusion of Thoracolumbar Vertebral Joint, Posterior Approach, Posterior Column, Percutaneous Approach",PR,misc,Device & Technology Use,0,1,0
0RGA3ZJ,"Fusion of Thoracolumbar Vertebral Joint, Posterior Approach, Anterior Column, Percutaneous Approach",PR,misc,Device & Technology Use,0,1,0
0RGA470,"Fusion of Thoracolumbar Vertebral Joint with Autologous Tissue Substitute, Anterior Approach, Anterior Column, Percutaneous Endoscopic Approach",PR,misc,Device & Technology Use,0,1,0
0RGA471,"Fusion of Thoracolumbar Vertebral Joint with Autologous Tissue Substitute, Posterior Approach, Posterior Column, Percutaneous Endoscopic Approach",PR,misc,Device & Technology Use,0,1,0
0RGA47J,"Fusion of Thoracolumbar Vertebral Joint with Autologous Tissue Substitute, Posterior Approach, Anterior Column, Percutaneous Endoscopic Approach",PR,misc,Device & Technology Use,0,1,0
0RGA4A0,"Fusion of Thoracolumbar Vertebral Joint with Interbody Fusion Device, Anterior Approach, Anterior Column, Percutaneous Endoscopic Approach",PR,misc,Device & Technology Use,0,1,0
0RGA4A1,"Fusion of Thoracolumbar Vertebral Joint with Interbody Fusion Device, Posterior Approach, Posterior Column, Percutaneous Endoscopic Approach",PR,misc,Device & Technology Use,0,1,0
0RGA4AJ,"Fusion of Thoracolumbar Vertebral Joint with Interbody Fusion Device, Posterior Approach, Anterior Column, Percutaneous Endoscopic Approach",PR,misc,Device & Technology Use,0,1,0
0RGA4J0,"Fusion of Thoracolumbar Vertebral Joint with Synthetic Substitute, Anterior Approach, Anterior Column, Percutaneous Endoscopic Approach",PR,misc,Device & Technology Use,0,1,0
0RGA4J1,"Fusion of Thoracolumbar Vertebral Joint with Synthetic Substitute, Posterior Approach, Posterior Column, Percutaneous Endoscopic Approach",PR,misc,Device & Technology Use,0,1,0
0RGA4JJ,"Fusion of Thoracolumbar Vertebral Joint with Synthetic Substitute, Posterior Approach, Anterior Column, Percutaneous Endoscopic Approach",PR,misc,Device & Technology Use,0,1,0
0RGA4K0,"Fusion of Thoracolumbar Vertebral Joint with Nonautologous Tissue Substitute, Anterior Approach, Anterior Column, Percutaneous Endoscopic Approach",PR,misc,Device & Technology Use,0,1,0
0RGA4K1,"Fusion of Thoracolumbar Vertebral Joint with Nonautologous Tissue Substitute, Posterior Approach, Posterior Column, Percutaneous Endoscopic Approach",PR,misc,Device & Technology Use,0,1,0
0RGA4KJ,"Fusion of Thoracolumbar Vertebral Joint with Nonautologous Tissue Substitute, Posterior Approach, Anterior Column, Percutaneous Endoscopic Approach",PR,misc,Device & Technology Use,0,1,0
0RGA4Z0,"Fusion of Thoracolumbar Vertebral Joint, Anterior Approach, Anterior Column, Percutaneous Endoscopic Approach",PR,misc,Device & Technology Use,0,1,0
0RGA4Z1,"Fusion of Thoracolumbar Vertebral Joint, Posterior Approach, Posterior Column, Percutaneous Endoscopic Approach",PR,misc,Device & Technology Use,0,1,0
0RGA4ZJ,"Fusion of Thoracolumbar Vertebral Joint, Posterior Approach, Anterior Column, Percutaneous Endoscopic Approach",PR,misc,Device & Technology Use,0,1,0
0SG0070,"Fusion of Lumbar Vertebral Joint with Autologous Tissue Substitute, Anterior Approach, Anterior Column, Open Approach",PR,misc,Device & Technology Use,0,1,0
0SG0071,"Fusion of Lumbar Vertebral Joint with Autologous Tissue Substitute, Posterior Approach, Posterior Column, Open Approach",PR,misc,Device & Technology Use,0,1,0
0SG007J,"Fusion of Lumbar Vertebral Joint with Autologous Tissue Substitute, Posterior Approach, Anterior Column, Open Approach",PR,misc,Device & Technology Use,0,1,0
0SG00A0,"Fusion of Lumbar Vertebral Joint with Interbody Fusion Device, Anterior Approach, Anterior Column, Open Approach",PR,misc,Device & Technology Use,0,1,0
0SG00A1,"Fusion of Lumbar Vertebral Joint with Interbody Fusion Device, Posterior Approach, Posterior Column, Open Approach",PR,misc,Device & Technology Use,0,1,0
0SG00AJ,"Fusion of Lumbar Vertebral Joint with Interbody Fusion Device, Posterior Approach, Anterior Column, Open Approach",PR,misc,Device & Technology Use,0,1,0
0SG00J0,"Fusion of Lumbar Vertebral Joint with Synthetic Substitute, Anterior Approach, Anterior Column, Open Approach",PR,misc,Device & Technology Use,0,1,0
0SG00J1,"Fusion of Lumbar Vertebral Joint with Synthetic Substitute, Posterior Approach, Posterior Column, Open Approach",PR,misc,Device & Technology Use,0,1,0
0SG00JJ,"Fusion of Lumbar Vertebral Joint with Synthetic Substitute, Posterior Approach, Anterior Column, Open Approach",PR,misc,Device & Technology Use,0,1,0
0SG00K0,"Fusion of Lumbar Vertebral Joint with Nonautologous Tissue Substitute, Anterior Approach, Anterior Column, Open Approach",PR,misc,Device & Technology Use,0,1,0
0SG00K1,"Fusion of Lumbar Vertebral Joint with Nonautologous Tissue Substitute, Posterior Approach, Posterior Column, Open Approach",PR,misc,Device & Technology Use,0,1,0
0SG00KJ,"Fusion of Lumbar Vertebral Joint with Nonautologous Tissue Substitute, Posterior Approach, Anterior Column, Open Approach",PR,misc,Device & Technology Use,0,1,0
0SG00Z0,"Fusion of Lumbar Vertebral Joint, Anterior Approach, Anterior Column, Open Approach",PR,misc,Device & Technology Use,0,1,0
0SG00Z1,"Fusion of Lumbar Vertebral Joint, Posterior Approach, Posterior Column, Open Approach",PR,misc,Device & Technology Use,0,1,0
0SG00ZJ,"Fusion of Lumbar Vertebral Joint, Posterior Approach, Anterior Column, Open Approach",PR,misc,Device & Technology Use,0,1,0
0SG0370,"Fusion of Lumbar Vertebral Joint with Autologous Tissue Substitute, Anterior Approach, Anterior Column, Percutaneous Approach",PR,misc,Device & Technology Use,0,1,0
0SG0371,"Fusion of Lumbar Vertebral Joint with Autologous Tissue Substitute, Posterior Approach, Posterior Column, Percutaneous Approach",PR,misc,Device & Technology Use,0,1,0
0SG037J,"Fusion of Lumbar Vertebral Joint with Autologous Tissue Substitute, Posterior Approach, Anterior Column, Percutaneous Approach",PR,misc,Device & Technology Use,0,1,0
0SG03A0,"Fusion of Lumbar Vertebral Joint with Interbody Fusion Device, Anterior Approach, Anterior Column, Percutaneous Approach",PR,misc,Device & Technology Use,0,1,0
0SG03A1,"Fusion of Lumbar Vertebral Joint with Interbody Fusion Device, Posterior Approach, Posterior Column, Percutaneous Approach",PR,misc,Device & Technology Use,0,1,0
0SG03AJ,"Fusion of Lumbar Vertebral Joint with Interbody Fusion Device, Posterior Approach, Anterior Column, Percutaneous Approach",PR,misc,Device & Technology Use,0,1,0
0SG03J0,"Fusion of Lumbar Vertebral Joint with Synthetic Substitute, Anterior Approach, Anterior Column, Percutaneous Approach",PR,misc,Device & Technology Use,0,1,0
0SG03J1,"Fusion of Lumbar Vertebral Joint with Synthetic Substitute, Posterior Approach, Posterior Column, Percutaneous Approach",PR,misc,Device & Technology Use,0,1,0
0SG03JJ,"Fusion of Lumbar Vertebral Joint with Synthetic Substitute, Posterior Approach, Anterior Column, Percutaneous Approach",PR,misc,Device & Technology Use,0,1,0
0SG03K0,"Fusion of Lumbar Vertebral Joint with Nonautologous Tissue Substitute, Anterior Approach, Anterior Column, Percutaneous Approach",PR,misc,Device & Technology Use,0,1,0
0SG03K1,"Fusion of Lumbar Vertebral Joint with Nonautologous Tissue Substitute, Posterior Approach, Posterior Column, Percutaneous Approach",PR,misc,Device & Technology Use,0,1,0
0SG03KJ,"Fusion of Lumbar Vertebral Joint with Nonautologous Tissue Substitute, Posterior Approach, Anterior Column, Percutaneous Approach",PR,misc,Device & Technology Use,0,1,0
0SG03Z0,"Fusion of Lumbar Vertebral Joint, Anterior Approach, Anterior Column, Percutaneous Approach",PR,misc,Device & Technology Use,0,1,0
0SG03Z1,"Fusion of Lumbar Vertebral Joint, Posterior Approach, Posterior Column, Percutaneous Approach",PR,misc,Device & Technology Use,0,1,0
0SG03ZJ,"Fusion of Lumbar Vertebral Joint, Posterior Approach, Anterior Column, Percutaneous Approach",PR,misc,Device & Technology Use,0,1,0
0SG0470,"Fusion of Lumbar Vertebral Joint with Autologous Tissue Substitute, Anterior Approach, Anterior Column, Percutaneous Endoscopic Approach",PR,misc,Device & Technology Use,0,1,0
0SG0471,"Fusion of Lumbar Vertebral Joint with Autologous Tissue Substitute, Posterior Approach, Posterior Column, Percutaneous Endoscopic Approach",PR,misc,Device & Technology Use,0,1,0
0SG047J,"Fusion of Lumbar Vertebral Joint with Autologous Tissue Substitute, Posterior Approach, Anterior Column, Percutaneous Endoscopic Approach",PR,misc,Device & Technology Use,0,1,0
0SG04A0,"Fusion of Lumbar Vertebral Joint with Interbody Fusion Device, Anterior Approach, Anterior Column, Percutaneous Endoscopic Approach",PR,misc,Device & Technology Use,0,1,0
0SG04A1,"Fusion of Lumbar Vertebral Joint with Interbody Fusion Device, Posterior Approach, Posterior Column, Percutaneous Endoscopic Approach",PR,misc,Device & Technology Use,0,1,0
0SG04AJ,"Fusion of Lumbar Vertebral Joint with Interbody Fusion Device, Posterior Approach, Anterior Column, Percutaneous Endoscopic Approach",PR,misc,Device & Technology Use,0,1,0
0SG04J0,"Fusion of Lumbar Vertebral Joint with Synthetic Substitute, Anterior Approach, Anterior Column, Percutaneous Endoscopic Approach",PR,misc,Device & Technology Use,0,1,0
0SG04J1,"Fusion of Lumbar Vertebral Joint with Synthetic Substitute, Posterior Approach, Posterior Column, Percutaneous Endoscopic Approach",PR,misc,Device & Technology Use,0,1,0
0SG04JJ,"Fusion of Lumbar Vertebral Joint with Synthetic Substitute, Posterior Approach, Anterior Column, Percutaneous Endoscopic Approach",PR,misc,Device & Technology Use,0,1,0
0SG04K0,"Fusion of Lumbar Vertebral Joint with Nonautologous Tissue Substitute, Anterior Approach, Anterior Column, Percutaneous Endoscopic Approach",PR,misc,Device & Technology Use,0,1,0
0SG04K1,"Fusion of Lumbar Vertebral Joint with Nonautologous Tissue Substitute, Posterior Approach, Posterior Column, Percutaneous Endoscopic Approach",PR,misc,Device & Technology Use,0,1,0
0SG04KJ,"Fusion of Lumbar Vertebral Joint with Nonautologous Tissue Substitute, Posterior Approach, Anterior Column, Percutaneous Endoscopic Approach",PR,misc,Device & Technology Use,0,1,0
0SG04Z0,"Fusion of Lumbar Vertebral Joint, Anterior Approach, Anterior Column, Percutaneous Endoscopic Approach",PR,misc,Device & Technology Use,0,1,0
0SG04Z1,"Fusion of Lumbar Vertebral Joint, Posterior Approach, Posterior Column, Percutaneous Endoscopic Approach",PR,misc,Device & Technology Use,0,1,0
0SG04ZJ,"Fusion of Lumbar Vertebral Joint, Posterior Approach, Anterior Column, Percutaneous Endoscopic Approach",PR,misc,Device & Technology Use,0,1,0
0SG1070,"Fusion of 2 or more Lumbar Vertebral Joints with Autologous Tissue Substitute, Anterior Approach, Anterior Column, Open Approach",PR,misc,Device & Technology Use,0,1,0
0SG1071,"Fusion of 2 or more Lumbar Vertebral Joints with Autologous Tissue Substitute, Posterior Approach, Posterior Column, Open Approach",PR,misc,Device & Technology Use,0,1,0
0SG107J,"Fusion of 2 or more Lumbar Vertebral Joints with Autologous Tissue Substitute, Posterior Approach, Anterior Column, Open Approach",PR,misc,Device & Technology Use,0,1,0
0SG10A0,"Fusion of 2 or more Lumbar Vertebral Joints with Interbody Fusion Device, Anterior Approach, Anterior Column, Open Approach",PR,misc,Device & Technology Use,0,1,0
0SG10A1,"Fusion of 2 or more Lumbar Vertebral Joints with Interbody Fusion Device, Posterior Approach, Posterior Column, Open Approach",PR,misc,Device & Technology Use,0,1,0
0SG10AJ,"Fusion of 2 or more Lumbar Vertebral Joints with Interbody Fusion Device, Posterior Approach, Anterior Column, Open Approach",PR,misc,Device & Technology Use,0,1,0
0SG10J0,"Fusion of 2 or more Lumbar Vertebral Joints with Synthetic Substitute, Anterior Approach, Anterior Column, Open Approach",PR,misc,Device & Technology Use,0,1,0
0SG10J1,"Fusion of 2 or more Lumbar Vertebral Joints with Synthetic Substitute, Posterior Approach, Posterior Column, Open Approach",PR,misc,Device & Technology Use,0,1,0
0SG10JJ,"Fusion of 2 or more Lumbar Vertebral Joints with Synthetic Substitute, Posterior Approach, Anterior Column, Open Approach",PR,misc,Device & Technology Use,0,1,0
0SG10K0,"Fusion of 2 or more Lumbar Vertebral Joints with Nonautologous Tissue Substitute, Anterior Approach, Anterior Column, Open Approach",PR,misc,Device & Technology Use,0,1,0
0SG10K1,"Fusion of 2 or more Lumbar Vertebral Joints with Nonautologous Tissue Substitute, Posterior Approach, Posterior Column, Open Approach",PR,misc,Device & Technology Use,0,1,0
0SG10KJ,"Fusion of 2 or more Lumbar Vertebral Joints with Nonautologous Tissue Substitute, Posterior Approach, Anterior Column, Open Approach",PR,misc,Device & Technology Use,0,1,0
0SG10Z0,"Fusion of 2 or more Lumbar Vertebral Joints, Anterior Approach, Anterior Column, Open Approach",PR,misc,Device & Technology Use,0,1,0
0SG10Z1,"Fusion of 2 or more Lumbar Vertebral Joints, Posterior Approach, Posterior Column, Open Approach",PR,misc,Device & Technology Use,0,1,0
0SG10ZJ,"Fusion of 2 or more Lumbar Vertebral Joints, Posterior Approach, Anterior Column, Open Approach",PR,misc,Device & Technology Use,0,1,0
0SG1370,"Fusion of 2 or more Lumbar Vertebral Joints with Autologous Tissue Substitute, Anterior Approach, Anterior Column, Percutaneous Approach",PR,misc,Device & Technology Use,0,1,0
0SG1371,"Fusion of 2 or more Lumbar Vertebral Joints with Autologous Tissue Substitute, Posterior Approach, Posterior Column, Percutaneous Approach",PR,misc,Device & Technology Use,0,1,0
0SG137J,"Fusion of 2 or more Lumbar Vertebral Joints with Autologous Tissue Substitute, Posterior Approach, Anterior Column, Percutaneous Approach",PR,misc,Device & Technology Use,0,1,0
0SG13A0,"Fusion of 2 or more Lumbar Vertebral Joints with Interbody Fusion Device, Anterior Approach, Anterior Column, Percutaneous Approach",PR,misc,Device & Technology Use,0,1,0
0SG13A1,"Fusion of 2 or more Lumbar Vertebral Joints with Interbody Fusion Device, Posterior Approach, Posterior Column, Percutaneous Approach",PR,misc,Device & Technology Use,0,1,0
0SG13AJ,"Fusion of 2 or more Lumbar Vertebral Joints with Interbody Fusion Device, Posterior Approach, Anterior Column, Percutaneous Approach",PR,misc,Device & Technology Use,0,1,0
0SG13J0,"Fusion of 2 or more Lumbar Vertebral Joints with Synthetic Substitute, Anterior Approach, Anterior Column, Percutaneous Approach",PR,misc,Device & Technology Use,0,1,0
0SG13J1,"Fusion of 2 or more Lumbar Vertebral Joints with Synthetic Substitute, Posterior Approach, Posterior Column, Percutaneous Approach",PR,misc,Device & Technology Use,0,1,0
0SG13JJ,"Fusion of 2 or more Lumbar Vertebral Joints with Synthetic Substitute, Posterior Approach, Anterior Column, Percutaneous Approach",PR,misc,Device & Technology Use,0,1,0
0SG13K0,"Fusion of 2 or more Lumbar Vertebral Joints with Nonautologous Tissue Substitute, Anterior Approach, Anterior Column, Percutaneous Approach",PR,misc,Device & Technology Use,0,1,0
0SG13K1,"Fusion of 2 or more Lumbar Vertebral Joints with Nonautologous Tissue Substitute, Posterior Approach, Posterior Column, Percutaneous Approach",PR,misc,Device & Technology Use,0,1,0
0SG13KJ,"Fusion of 2 or more Lumbar Vertebral Joints with Nonautologous Tissue Substitute, Posterior Approach, Anterior Column, Percutaneous Approach",PR,misc,Device & Technology Use,0,1,0
0SG13Z0,"Fusion of 2 or more Lumbar Vertebral Joints, Anterior Approach, Anterior Column, Percutaneous Approach",PR,misc,Device & Technology Use,0,1,0
0SG13Z1,"Fusion of 2 or more Lumbar Vertebral Joints, Posterior Approach, Posterior Column, Percutaneous Approach",PR,misc,Device & Technology Use,0,1,0
0SG13ZJ,"Fusion of 2 or more Lumbar Vertebral Joints, Posterior Approach, Anterior Column, Percutaneous Approach",PR,misc,Device & Technology Use,0,1,0
0SG1470,"Fusion of 2 or more Lumbar Vertebral Joints with Autologous Tissue Substitute, Anterior Approach, Anterior Column, Percutaneous Endoscopic Approach",PR,misc,Device & Technology Use,0,1,0
0SG1471,"Fusion of 2 or more Lumbar Vertebral Joints with Autologous Tissue Substitute, Posterior Approach, Posterior Column, Percutaneous Endoscopic Approach",PR,misc,Device & Technology Use,0,1,0
0SG147J,"Fusion of 2 or more Lumbar Vertebral Joints with Autologous Tissue Substitute, Posterior Approach, Anterior Column, Percutaneous Endoscopic Approach",PR,misc,Device & Technology Use,0,1,0
0SG14A0,"Fusion of 2 or more Lumbar Vertebral Joints with Interbody Fusion Device, Anterior Approach, Anterior Column, Percutaneous Endoscopic Approach",PR,misc,Device & Technology Use,0,1,0
0SG14A1,"Fusion of 2 or more Lumbar Vertebral Joints with Interbody Fusion Device, Posterior Approach, Posterior Column, Percutaneous Endoscopic Approach",PR,misc,Device & Technology Use,0,1,0
0SG14AJ,"Fusion of 2 or more Lumbar Vertebral Joints with Interbody Fusion Device, Posterior Approach, Anterior Column, Percutaneous Endoscopic Approach",PR,misc,Device & Technology Use,0,1,0
0SG14J0,"Fusion of 2 or more Lumbar Vertebral Joints with Synthetic Substitute, Anterior Approach, Anterior Column, Percutaneous Endoscopic Approach",PR,misc,Device & Technology Use,0,1,0
0SG14J1,"Fusion of 2 or more Lumbar Vertebral Joints with Synthetic Substitute, Posterior Approach, Posterior Column, Percutaneous Endoscopic Approach",PR,misc,Device & Technology Use,0,1,0
0SG14JJ,"Fusion of 2 or more Lumbar Vertebral Joints with Synthetic Substitute, Posterior Approach, Anterior Column, Percutaneous Endoscopic Approach",PR,misc,Device & Technology Use,0,1,0
0SG14K0,"Fusion of 2 or more Lumbar Vertebral Joints with Nonautologous Tissue Substitute, Anterior Approach, Anterior Column, Percutaneous Endoscopic Approach",PR,misc,Device & Technology Use,0,1,0
0SG14K1,"Fusion of 2 or more Lumbar Vertebral Joints with Nonautologous Tissue Substitute, Posterior Approach, Posterior Column, Percutaneous Endoscopic Approach",PR,misc,Device & Technology Use,0,1,0
0SG14KJ,"Fusion of 2 or more Lumbar Vertebral Joints with Nonautologous Tissue Substitute, Posterior Approach, Anterior Column, Percutaneous Endoscopic Approach",PR,misc,Device & Technology Use,0,1,0
0SG14Z0,"Fusion of 2 or more Lumbar Vertebral Joints, Anterior Approach, Anterior Column, Percutaneous Endoscopic Approach",PR,misc,Device & Technology Use,0,1,0
0SG14Z1,"Fusion of 2 or more Lumbar Vertebral Joints, Posterior Approach, Posterior Column, Percutaneous Endoscopic Approach",PR,misc,Device & Technology Use,0,1,0
0SG14ZJ,"Fusion of 2 or more Lumbar Vertebral Joints, Posterior Approach, Anterior Column, Percutaneous Endoscopic Approach",PR,misc,Device & Technology Use,0,1,0
0SG3070,"Fusion of Lumbosacral Joint with Autologous Tissue Substitute, Anterior Approach, Anterior Column, Open Approach",PR,misc,Device & Technology Use,0,1,0
0SG3071,"Fusion of Lumbosacral Joint with Autologous Tissue Substitute, Posterior Approach, Posterior Column, Open Approach",PR,misc,Device & Technology Use,0,1,0
0SG307J,"Fusion of Lumbosacral Joint with Autologous Tissue Substitute, Posterior Approach, Anterior Column, Open Approach",PR,misc,Device & Technology Use,0,1,0
0SG30A0,"Fusion of Lumbosacral Joint with Interbody Fusion Device, Anterior Approach, Anterior Column, Open Approach",PR,misc,Device & Technology Use,0,1,0
0SG30A1,"Fusion of Lumbosacral Joint with Interbody Fusion Device, Posterior Approach, Posterior Column, Open Approach",PR,misc,Device & Technology Use,0,1,0
0SG30AJ,"Fusion of Lumbosacral Joint with Interbody Fusion Device, Posterior Approach, Anterior Column, Open Approach",PR,misc,Device & Technology Use,0,1,0
0SG30J0,"Fusion of Lumbosacral Joint with Synthetic Substitute, Anterior Approach, Anterior Column, Open Approach",PR,misc,Device & Technology Use,0,1,0
0SG30J1,"Fusion of Lumbosacral Joint with Synthetic Substitute, Posterior Approach, Posterior Column, Open Approach",PR,misc,Device & Technology Use,0,1,0
0SG30JJ,"Fusion of Lumbosacral Joint with Synthetic Substitute, Posterior Approach, Anterior Column, Open Approach",PR,misc,Device & Technology Use,0,1,0
0SG30K0,"Fusion of Lumbosacral Joint with Nonautologous Tissue Substitute, Anterior Approach, Anterior Column, Open Approach",PR,misc,Device & Technology Use,0,1,0
0SG30K1,"Fusion of Lumbosacral Joint with Nonautologous Tissue Substitute, Posterior Approach, Posterior Column, Open Approach",PR,misc,Device & Technology Use,0,1,0
0SG30KJ,"Fusion of Lumbosacral Joint with Nonautologous Tissue Substitute, Posterior Approach, Anterior Column, Open Approach",PR,misc,Device & Technology Use,0,1,0
0SG30Z0,"Fusion of Lumbosacral Joint, Anterior Approach, Anterior Column, Open Approach",PR,misc,Device & Technology Use,0,1,0
0SG30Z1,"Fusion of Lumbosacral Joint, Posterior Approach, Posterior Column, Open Approach",PR,misc,Device & Technology Use,0,1,0
0SG30ZJ,"Fusion of Lumbosacral Joint, Posterior Approach, Anterior Column, Open Approach",PR,misc,Device & Technology Use,0,1,0
0SG3370,"Fusion of Lumbosacral Joint with Autologous Tissue Substitute, Anterior Approach, Anterior Column, Percutaneous Approach",PR,misc,Device & Technology Use,0,1,0
0SG3371,"Fusion of Lumbosacral Joint with Autologous Tissue Substitute, Posterior Approach, Posterior Column, Percutaneous Approach",PR,misc,Device & Technology Use,0,1,0
0SG337J,"Fusion of Lumbosacral Joint with Autologous Tissue Substitute, Posterior Approach, Anterior Column, Percutaneous Approach",PR,misc,Device & Technology Use,0,1,0
0SG33A0,"Fusion of Lumbosacral Joint with Interbody Fusion Device, Anterior Approach, Anterior Column, Percutaneous Approach",PR,misc,Device & Technology Use,0,1,0
0SG33A1,"Fusion of Lumbosacral Joint with Interbody Fusion Device, Posterior Approach, Posterior Column, Percutaneous Approach",PR,misc,Device & Technology Use,0,1,0
0SG33AJ,"Fusion of Lumbosacral Joint with Interbody Fusion Device, Posterior Approach, Anterior Column, Percutaneous Approach",PR,misc,Device & Technology Use,0,1,0
0SG33J0,"Fusion of Lumbosacral Joint with Synthetic Substitute, Anterior Approach, Anterior Column, Percutaneous Approach",PR,misc,Device & Technology Use,0,1,0
0SG33J1,"Fusion of Lumbosacral Joint with Synthetic Substitute, Posterior Approach, Posterior Column, Percutaneous Approach",PR,misc,Device & Technology Use,0,1,0
0SG33JJ,"Fusion of Lumbosacral Joint with Synthetic Substitute, Posterior Approach, Anterior Column, Percutaneous Approach",PR,misc,Device & Technology Use,0,1,0
0SG33K0,"Fusion of Lumbosacral Joint with Nonautologous Tissue Substitute, Anterior Approach, Anterior Column, Percutaneous Approach",PR,misc,Device & Technology Use,0,1,0
0SG33K1,"Fusion of Lumbosacral Joint with Nonautologous Tissue Substitute, Posterior Approach, Posterior Column, Percutaneous Approach",PR,misc,Device & Technology Use,0,1,0
0SG33KJ,"Fusion of Lumbosacral Joint with Nonautologous Tissue Substitute, Posterior Approach, Anterior Column, Percutaneous Approach",PR,misc,Device & Technology Use,0,1,0
0SG33Z0,"Fusion of Lumbosacral Joint, Anterior Approach, Anterior Column, Percutaneous Approach",PR,misc,Device & Technology Use,0,1,0
0SG33Z1,"Fusion of Lumbosacral Joint, Posterior Approach, Posterior Column, Percutaneous Approach",PR,misc,Device & Technology Use,0,1,0
0SG33ZJ,"Fusion of Lumbosacral Joint, Posterior Approach, Anterior Column, Percutaneous Approach",PR,misc,Device & Technology Use,0,1,0
0SG3470,"Fusion of Lumbosacral Joint with Autologous Tissue Substitute, Anterior Approach, Anterior Column, Percutaneous Endoscopic Approach",PR,misc,Device & Technology Use,0,1,0
0SG3471,"Fusion of Lumbosacral Joint with Autologous Tissue Substitute, Posterior Approach, Posterior Column, Percutaneous Endoscopic Approach",PR,misc,Device & Technology Use,0,1,0
0SG347J,"Fusion of Lumbosacral Joint with Autologous Tissue Substitute, Posterior Approach, Anterior Column, Percutaneous Endoscopic Approach",PR,misc,Device & Technology Use,0,1,0
0SG34A0,"Fusion of Lumbosacral Joint with Interbody Fusion Device, Anterior Approach, Anterior Column, Percutaneous Endoscopic Approach",PR,misc,Device & Technology Use,0,1,0
0SG34A1,"Fusion of Lumbosacral Joint with Interbody Fusion Device, Posterior Approach, Posterior Column, Percutaneous Endoscopic Approach",PR,misc,Device & Technology Use,0,1,0
0SG34AJ,"Fusion of Lumbosacral Joint with Interbody Fusion Device, Posterior Approach, Anterior Column, Percutaneous Endoscopic Approach",PR,misc,Device & Technology Use,0,1,0
0SG34J0,"Fusion of Lumbosacral Joint with Synthetic Substitute, Anterior Approach, Anterior Column, Percutaneous Endoscopic Approach",PR,misc,Device & Technology Use,0,1,0
0SG34J1,"Fusion of Lumbosacral Joint with Synthetic Substitute, Posterior Approach, Posterior Column, Percutaneous Endoscopic Approach",PR,misc,Device & Technology Use,0,1,0
0SG34JJ,"Fusion of Lumbosacral Joint with Synthetic Substitute, Posterior Approach, Anterior Column, Percutaneous Endoscopic Approach",PR,misc,Device & Technology Use,0,1,0
0SG34K0,"Fusion of Lumbosacral Joint with Nonautologous Tissue Substitute, Anterior Approach, Anterior Column, Percutaneous Endoscopic Approach",PR,misc,Device & Technology Use,0,1,0
0SG34K1,"Fusion of Lumbosacral Joint with Nonautologous Tissue Substitute, Posterior Approach, Posterior Column, Percutaneous Endoscopic Approach",PR,misc,Device & Technology Use,0,1,0
0SG34KJ,"Fusion of Lumbosacral Joint with Nonautologous Tissue Substitute, Posterior Approach, Anterior Column, Percutaneous Endoscopic Approach",PR,misc,Device & Technology Use,0,1,0
0SG34Z0,"Fusion of Lumbosacral Joint, Anterior Approach, Anterior Column, Percutaneous Endoscopic Approach",PR,misc,Device & Technology Use,0,1,0
0SG34Z1,"Fusion of Lumbosacral Joint, Posterior Approach, Posterior Column, Percutaneous Endoscopic Approach",PR,misc,Device & Technology Use,0,1,0
0SG34ZJ,"Fusion of Lumbosacral Joint, Posterior Approach, Anterior Column, Percutaneous Endoscopic Approach",PR,misc,Device & Technology Use,0,1,0
0T130ZB,"Bypass Right Kidney Pelvis to Bladder, Open Approach",PR,renal ,Device & Technology Use,0,1,0
0T134ZB,"Bypass Right Kidney Pelvis to Bladder, Percutaneous Endoscopic Approach",PR,renal ,Device & Technology Use,0,1,0
0T140ZB,"Bypass Left Kidney Pelvis to Bladder, Open Approach",PR,renal ,Device & Technology Use,0,1,0
0T144ZB,"Bypass Left Kidney Pelvis to Bladder, Percutaneous Endoscopic Approach",PR,renal ,Device & Technology Use,0,1,0
0T16079,"Bypass Right Ureter to Colocutaneous with Autologous Tissue Substitute, Open Approach",PR,renal ,Device & Technology Use,0,1,0
0T1607C,"Bypass Right Ureter to Ileocutaneous with Autologous Tissue Substitute, Open Approach",PR,renal ,Device & Technology Use,0,1,0
0T1607D,"Bypass Right Ureter to Cutaneous with Autologous Tissue Substitute, Open Approach",PR,renal ,Device & Technology Use,0,1,0
0T160J9,"Bypass Right Ureter to Colocutaneous with Synthetic Substitute, Open Approach",PR,renal ,Device & Technology Use,0,1,0
0T160JC,"Bypass Right Ureter to Ileocutaneous with Synthetic Substitute, Open Approach",PR,renal ,Device & Technology Use,0,1,0
0T160JD,"Bypass Right Ureter to Cutaneous with Synthetic Substitute, Open Approach",PR,renal ,Device & Technology Use,0,1,0
0T160K9,"Bypass Right Ureter to Colocutaneous with Nonautologous Tissue Substitute, Open Approach",PR,renal ,Device & Technology Use,0,1,0
0T160KC,"Bypass Right Ureter to Ileocutaneous with Nonautologous Tissue Substitute, Open Approach",PR,renal ,Device & Technology Use,0,1,0
0T160KD,"Bypass Right Ureter to Cutaneous with Nonautologous Tissue Substitute, Open Approach",PR,renal ,Device & Technology Use,0,1,0
0T160Z8,"Bypass Right Ureter to Colon, Open Approach",PR,renal    ,Other renal & urologic,0,0,0
0T160Z9,"Bypass Right Ureter to Colocutaneous, Open Approach",PR,renal ,Device & Technology Use,0,1,0
0T160ZA,"Bypass Right Ureter to Ileum, Open Approach",PR,renal    ,Other renal & urologic,0,0,0
0T160ZC,"Bypass Right Ureter to Ileocutaneous, Open Approach",PR,renal ,Device & Technology Use,0,1,0
0T160ZD,"Bypass Right Ureter to Cutaneous, Open Approach",PR,renal ,Device & Technology Use,0,1,0
0T163JD,"Bypass Right Ureter to Cutaneous with Synthetic Substitute, Percutaneous Approach",PR,renal ,Device & Technology Use,0,1,0
0T16479,"Bypass Right Ureter to Colocutaneous with Autologous Tissue Substitute, Percutaneous Endoscopic Approach",PR,renal ,Device & Technology Use,0,1,0
0T1647C,"Bypass Right Ureter to Ileocutaneous with Autologous Tissue Substitute, Percutaneous Endoscopic Approach",PR,renal ,Device & Technology Use,0,1,0
0T1647D,"Bypass Right Ureter to Cutaneous with Autologous Tissue Substitute, Percutaneous Endoscopic Approach",PR,renal ,Device & Technology Use,0,1,0
0T164J9,"Bypass Right Ureter to Colocutaneous with Synthetic Substitute, Percutaneous Endoscopic Approach",PR,renal ,Device & Technology Use,0,1,0
0T164JC,"Bypass Right Ureter to Ileocutaneous with Synthetic Substitute, Percutaneous Endoscopic Approach",PR,renal ,Device & Technology Use,0,1,0
0T164JD,"Bypass Right Ureter to Cutaneous with Synthetic Substitute, Percutaneous Endoscopic Approach",PR,renal ,Device & Technology Use,0,1,0
0T164K9,"Bypass Right Ureter to Colocutaneous with Nonautologous Tissue Substitute, Percutaneous Endoscopic Approach",PR,renal ,Device & Technology Use,0,1,0
0T164KC,"Bypass Right Ureter to Ileocutaneous with Nonautologous Tissue Substitute, Percutaneous Endoscopic Approach",PR,renal ,Device & Technology Use,0,1,0
0T164KD,"Bypass Right Ureter to Cutaneous with Nonautologous Tissue Substitute, Percutaneous Endoscopic Approach",PR,renal ,Device & Technology Use,0,1,0
0T164Z8,"Bypass Right Ureter to Colon, Percutaneous Endoscopic Approach",PR,renal    ,Other renal & urologic,0,0,0
0T164Z9,"Bypass Right Ureter to Colocutaneous, Percutaneous Endoscopic Approach",PR,renal ,Device & Technology Use,0,1,0
0T164ZA,"Bypass Right Ureter to Ileum, Percutaneous Endoscopic Approach",PR,renal    ,Other renal & urologic,0,0,0
0T164ZC,"Bypass Right Ureter to Ileocutaneous, Percutaneous Endoscopic Approach",PR,renal ,Device & Technology Use,0,1,0
0T164ZD,"Bypass Right Ureter to Cutaneous, Percutaneous Endoscopic Approach",PR,renal ,Device & Technology Use,0,1,0
0T17079,"Bypass Left Ureter to Colocutaneous with Autologous Tissue Substitute, Open Approach",PR,renal ,Device & Technology Use,0,1,0
0T1707C,"Bypass Left Ureter to Ileocutaneous with Autologous Tissue Substitute, Open Approach",PR,renal ,Device & Technology Use,0,1,0
0T1707D,"Bypass Left Ureter to Cutaneous with Autologous Tissue Substitute, Open Approach",PR,renal ,Device & Technology Use,0,1,0
0T170J9,"Bypass Left Ureter to Colocutaneous with Synthetic Substitute, Open Approach",PR,renal ,Device & Technology Use,0,1,0
0T170JC,"Bypass Left Ureter to Ileocutaneous with Synthetic Substitute, Open Approach",PR,renal ,Device & Technology Use,0,1,0
0T170JD,"Bypass Left Ureter to Cutaneous with Synthetic Substitute, Open Approach",PR,renal ,Device & Technology Use,0,1,0
0T170K9,"Bypass Left Ureter to Colocutaneous with Nonautologous Tissue Substitute, Open Approach",PR,renal ,Device & Technology Use,0,1,0
0T170KC,"Bypass Left Ureter to Ileocutaneous with Nonautologous Tissue Substitute, Open Approach",PR,renal ,Device & Technology Use,0,1,0
0T170KD,"Bypass Left Ureter to Cutaneous with Nonautologous Tissue Substitute, Open Approach",PR,renal ,Device & Technology Use,0,1,0
0T170Z8,"Bypass Left Ureter to Colon, Open Approach",PR,renal    ,Other renal & urologic,0,0,0
0T170Z9,"Bypass Left Ureter to Colocutaneous, Open Approach",PR,renal ,Device & Technology Use,0,1,0
0T170ZA,"Bypass Left Ureter to Ileum, Open Approach",PR,renal    ,Other renal & urologic,0,0,0
0T170ZC,"Bypass Left Ureter to Ileocutaneous, Open Approach",PR,renal ,Device & Technology Use,0,1,0
0T170ZD,"Bypass Left Ureter to Cutaneous, Open Approach",PR,renal ,Device & Technology Use,0,1,0
0T173JD,"Bypass Left Ureter to Cutaneous with Synthetic Substitute, Percutaneous Approach",PR,renal ,Device & Technology Use,0,1,0
0T17479,"Bypass Left Ureter to Colocutaneous with Autologous Tissue Substitute, Percutaneous Endoscopic Approach",PR,renal ,Device & Technology Use,0,1,0
0T1747C,"Bypass Left Ureter to Ileocutaneous with Autologous Tissue Substitute, Percutaneous Endoscopic Approach",PR,renal ,Device & Technology Use,0,1,0
0T1747D,"Bypass Left Ureter to Cutaneous with Autologous Tissue Substitute, Percutaneous Endoscopic Approach",PR,renal ,Device & Technology Use,0,1,0
0T174J9,"Bypass Left Ureter to Colocutaneous with Synthetic Substitute, Percutaneous Endoscopic Approach",PR,renal ,Device & Technology Use,0,1,0
0T174JC,"Bypass Left Ureter to Ileocutaneous with Synthetic Substitute, Percutaneous Endoscopic Approach",PR,renal ,Device & Technology Use,0,1,0
0T174JD,"Bypass Left Ureter to Cutaneous with Synthetic Substitute, Percutaneous Endoscopic Approach",PR,renal ,Device & Technology Use,0,1,0
0T174K9,"Bypass Left Ureter to Colocutaneous with Nonautologous Tissue Substitute, Percutaneous Endoscopic Approach",PR,renal ,Device & Technology Use,0,1,0
0T174KC,"Bypass Left Ureter to Ileocutaneous with Nonautologous Tissue Substitute, Percutaneous Endoscopic Approach",PR,renal ,Device & Technology Use,0,1,0
0T174KD,"Bypass Left Ureter to Cutaneous with Nonautologous Tissue Substitute, Percutaneous Endoscopic Approach",PR,renal ,Device & Technology Use,0,1,0
0T174Z8,"Bypass Left Ureter to Colon, Percutaneous Endoscopic Approach",PR,renal    ,Other renal & urologic,0,0,0
0T174Z9,"Bypass Left Ureter to Colocutaneous, Percutaneous Endoscopic Approach",PR,renal ,Device & Technology Use,0,1,0
0T174ZA,"Bypass Left Ureter to Ileum, Percutaneous Endoscopic Approach",PR,renal    ,Other renal & urologic,0,0,0
0T174ZC,"Bypass Left Ureter to Ileocutaneous, Percutaneous Endoscopic Approach",PR,renal ,Device & Technology Use,0,1,0
0T174ZD,"Bypass Left Ureter to Cutaneous, Percutaneous Endoscopic Approach",PR,renal ,Device & Technology Use,0,1,0
0T18079,"Bypass Bilateral Ureters to Colocutaneous with Autologous Tissue Substitute, Open Approach",PR,renal ,Device & Technology Use,0,1,0
0T1807C,"Bypass Bilateral Ureters to Ileocutaneous with Autologous Tissue Substitute, Open Approach",PR,renal ,Device & Technology Use,0,1,0
0T1807D,"Bypass Bilateral Ureters to Cutaneous with Autologous Tissue Substitute, Open Approach",PR,renal ,Device & Technology Use,0,1,0
0T180J9,"Bypass Bilateral Ureters to Colocutaneous with Synthetic Substitute, Open Approach",PR,renal ,Device & Technology Use,0,1,0
0T180JC,"Bypass Bilateral Ureters to Ileocutaneous with Synthetic Substitute, Open Approach",PR,renal ,Device & Technology Use,0,1,0
0T180JD,"Bypass Bilateral Ureters to Cutaneous with Synthetic Substitute, Open Approach",PR,renal ,Device & Technology Use,0,1,0
0T180K9,"Bypass Bilateral Ureters to Colocutaneous with Nonautologous Tissue Substitute, Open Approach",PR,renal ,Device & Technology Use,0,1,0
0T180KC,"Bypass Bilateral Ureters to Ileocutaneous with Nonautologous Tissue Substitute, Open Approach",PR,renal ,Device & Technology Use,0,1,0
0T180KD,"Bypass Bilateral Ureters to Cutaneous with Nonautologous Tissue Substitute, Open Approach",PR,renal ,Device & Technology Use,0,1,0
0T180Z8,"Bypass Bilateral Ureters to Colon, Open Approach",PR,renal    ,Other renal & urologic,0,0,0
0T180Z9,"Bypass Bilateral Ureters to Colocutaneous, Open Approach",PR,renal ,Device & Technology Use,0,1,0
0T180ZA,"Bypass Bilateral Ureters to Ileum, Open Approach",PR,renal    ,Other renal & urologic,0,0,0
0T180ZC,"Bypass Bilateral Ureters to Ileocutaneous, Open Approach",PR,renal ,Device & Technology Use,0,1,0
0T180ZD,"Bypass Bilateral Ureters to Cutaneous, Open Approach",PR,renal ,Device & Technology Use,0,1,0
0T183JD,"Bypass Bilateral Ureters to Cutaneous with Synthetic Substitute, Percutaneous Approach",PR,renal ,Device & Technology Use,0,1,0
0T18479,"Bypass Bilateral Ureters to Colocutaneous with Autologous Tissue Substitute, Percutaneous Endoscopic Approach",PR,renal ,Device & Technology Use,0,1,0
0T1847C,"Bypass Bilateral Ureters to Ileocutaneous with Autologous Tissue Substitute, Percutaneous Endoscopic Approach",PR,renal ,Device & Technology Use,0,1,0
0T1847D,"Bypass Bilateral Ureters to Cutaneous with Autologous Tissue Substitute, Percutaneous Endoscopic Approach",PR,renal ,Device & Technology Use,0,1,0
0T184J9,"Bypass Bilateral Ureters to Colocutaneous with Synthetic Substitute, Percutaneous Endoscopic Approach",PR,renal ,Device & Technology Use,0,1,0
0T184JC,"Bypass Bilateral Ureters to Ileocutaneous with Synthetic Substitute, Percutaneous Endoscopic Approach",PR,renal ,Device & Technology Use,0,1,0
0T184JD,"Bypass Bilateral Ureters to Cutaneous with Synthetic Substitute, Percutaneous Endoscopic Approach",PR,renal ,Device & Technology Use,0,1,0
0T184K9,"Bypass Bilateral Ureters to Colocutaneous with Nonautologous Tissue Substitute, Percutaneous Endoscopic Approach",PR,renal ,Device & Technology Use,0,1,0
0T184KC,"Bypass Bilateral Ureters to Ileocutaneous with Nonautologous Tissue Substitute, Percutaneous Endoscopic Approach",PR,renal ,Device & Technology Use,0,1,0
0T184KD,"Bypass Bilateral Ureters to Cutaneous with Nonautologous Tissue Substitute, Percutaneous Endoscopic Approach",PR,renal ,Device & Technology Use,0,1,0
0T184Z8,"Bypass Bilateral Ureters to Colon, Percutaneous Endoscopic Approach",PR,renal    ,Other renal & urologic,0,0,0
0T184Z9,"Bypass Bilateral Ureters to Colocutaneous, Percutaneous Endoscopic Approach",PR,renal ,Device & Technology Use,0,1,0
0T184ZA,"Bypass Bilateral Ureters to Ileum, Percutaneous Endoscopic Approach",PR,renal    ,Other renal & urologic,0,0,0
0T184ZC,"Bypass Bilateral Ureters to Ileocutaneous, Percutaneous Endoscopic Approach",PR,renal ,Device & Technology Use,0,1,0
0T184ZD,"Bypass Bilateral Ureters to Cutaneous, Percutaneous Endoscopic Approach",PR,renal ,Device & Technology Use,0,1,0
0T1B079,"Bypass Bladder to Colocutaneous with Autologous Tissue Substitute, Open Approach",PR,renal ,Device & Technology Use,0,1,0
0T1B07C,"Bypass Bladder to Ileocutaneous with Autologous Tissue Substitute, Open Approach",PR,renal ,Device & Technology Use,0,1,0
0T1B07D,"Bypass Bladder to Cutaneous with Autologous Tissue Substitute, Open Approach",PR,renal ,Device & Technology Use,0,1,0
0T1B0J9,"Bypass Bladder to Colocutaneous with Synthetic Substitute, Open Approach",PR,renal ,Device & Technology Use,0,1,0
0T1B0JC,"Bypass Bladder to Ileocutaneous with Synthetic Substitute, Open Approach",PR,renal ,Device & Technology Use,0,1,0
0T1B0JD,"Bypass Bladder to Cutaneous with Synthetic Substitute, Open Approach",PR,renal ,Device & Technology Use,0,1,0
0T1B0K9,"Bypass Bladder to Colocutaneous with Nonautologous Tissue Substitute, Open Approach",PR,renal ,Device & Technology Use,0,1,0
0T1B0KC,"Bypass Bladder to Ileocutaneous with Nonautologous Tissue Substitute, Open Approach",PR,renal ,Device & Technology Use,0,1,0
0T1B0KD,"Bypass Bladder to Cutaneous with Nonautologous Tissue Substitute, Open Approach",PR,renal ,Device & Technology Use,0,1,0
0T1B0Z9,"Bypass Bladder to Colocutaneous, Open Approach",PR,renal ,Device & Technology Use,0,1,0
0T1B0ZC,"Bypass Bladder to Ileocutaneous, Open Approach",PR,renal ,Device & Technology Use,0,1,0
0T1B0ZD,"Bypass Bladder to Cutaneous, Open Approach",PR,renal ,Device & Technology Use,0,1,0
0T1B479,"Bypass Bladder to Colocutaneous with Autologous Tissue Substitute, Percutaneous Endoscopic Approach",PR,renal ,Device & Technology Use,0,1,0
0T1B47C,"Bypass Bladder to Ileocutaneous with Autologous Tissue Substitute, Percutaneous Endoscopic Approach",PR,renal ,Device & Technology Use,0,1,0
0T1B47D,"Bypass Bladder to Cutaneous with Autologous Tissue Substitute, Percutaneous Endoscopic Approach",PR,renal ,Device & Technology Use,0,1,0
0T1B4J9,"Bypass Bladder to Colocutaneous with Synthetic Substitute, Percutaneous Endoscopic Approach",PR,renal ,Device & Technology Use,0,1,0
0T1B4JC,"Bypass Bladder to Ileocutaneous with Synthetic Substitute, Percutaneous Endoscopic Approach",PR,renal ,Device & Technology Use,0,1,0
0T1B4JD,"Bypass Bladder to Cutaneous with Synthetic Substitute, Percutaneous Endoscopic Approach",PR,renal ,Device & Technology Use,0,1,0
0T1B4K9,"Bypass Bladder to Colocutaneous with Nonautologous Tissue Substitute, Percutaneous Endoscopic Approach",PR,renal ,Device & Technology Use,0,1,0
0T1B4KC,"Bypass Bladder to Ileocutaneous with Nonautologous Tissue Substitute, Percutaneous Endoscopic Approach",PR,renal ,Device & Technology Use,0,1,0
0T1B4KD,"Bypass Bladder to Cutaneous with Nonautologous Tissue Substitute, Percutaneous Endoscopic Approach",PR,renal ,Device & Technology Use,0,1,0
0T1B4Z9,"Bypass Bladder to Colocutaneous, Percutaneous Endoscopic Approach",PR,renal ,Device & Technology Use,0,1,0
0T1B4ZC,"Bypass Bladder to Ileocutaneous, Percutaneous Endoscopic Approach",PR,renal ,Device & Technology Use,0,1,0
0T1B4ZD,"Bypass Bladder to Cutaneous, Percutaneous Endoscopic Approach",PR,renal ,Device & Technology Use,0,1,0
0T25X0Z,"Change Drainage Device in Kidney, External Approach",PR,renal ,Device & Technology Use,0,1,0
0T29X0Z,"Change Drainage Device in Ureter, External Approach",PR,renal ,Device & Technology Use,0,1,0
0T29XYZ,"Change Other Device in Ureter, External Approach",PR,renal ,Device & Technology Use,0,1,0
0T2BX0Z,"Change Drainage Device in Bladder, External Approach",PR,renal ,Device & Technology Use,0,1,0
0T9000Z,"Drainage of Right Kidney with Drainage Device, Open Approach",PR,renal ,Device & Technology Use,0,1,0
0T9030Z,"Drainage of Right Kidney with Drainage Device, Percutaneous Approach",PR,renal ,Device & Technology Use,0,1,0
0T9040Z,"Drainage of Right Kidney with Drainage Device, Percutaneous Endoscopic Approach",PR,renal ,Device & Technology Use,0,1,0
0T9070Z,"Drainage of Right Kidney with Drainage Device, Via Natural or Artificial Opening",PR,renal ,Device & Technology Use,0,1,0
0T9080Z,"Drainage of Right Kidney with Drainage Device, Via Natural or Artificial Opening Endoscopic",PR,renal ,Device & Technology Use,0,1,0
0T9100Z,"Drainage of Left Kidney with Drainage Device, Open Approach",PR,renal ,Device & Technology Use,0,1,0
0T9130Z,"Drainage of Left Kidney with Drainage Device, Percutaneous Approach",PR,renal ,Device & Technology Use,0,1,0
0T9140Z,"Drainage of Left Kidney with Drainage Device, Percutaneous Endoscopic Approach",PR,renal ,Device & Technology Use,0,1,0
0T9170Z,"Drainage of Left Kidney with Drainage Device, Via Natural or Artificial Opening",PR,renal ,Device & Technology Use,0,1,0
0T9180Z,"Drainage of Left Kidney with Drainage Device, Via Natural or Artificial Opening Endoscopic",PR,renal ,Device & Technology Use,0,1,0
0T9370Z,"Drainage of Right Kidney Pelvis with Drainage Device, Via Natural or Artificial Opening",PR,renal ,Device & Technology Use,0,1,0
0T9380Z,"Drainage of Right Kidney Pelvis with Drainage Device, Via Natural or Artificial Opening Endoscopic",PR,renal ,Device & Technology Use,0,1,0
0T9470Z,"Drainage of Left Kidney Pelvis with Drainage Device, Via Natural or Artificial Opening",PR,renal ,Device & Technology Use,0,1,0
0T9480Z,"Drainage of Left Kidney Pelvis with Drainage Device, Via Natural or Artificial Opening Endoscopic",PR,renal ,Device & Technology Use,0,1,0
0TB60ZZ,"Excision of Right Ureter, Open Approach",PR,renal    ,Other renal & urologic,0,0,0
0TB63ZZ,"Excision of Right Ureter, Percutaneous Approach",PR,renal    ,Other renal & urologic,0,0,0
0TB64ZZ,"Excision of Right Ureter, Percutaneous Endoscopic Approach",PR,renal    ,Other renal & urologic,0,0,0
0TB67ZZ,"Excision of Right Ureter, Via Natural or Artificial Opening",PR,renal    ,Other renal & urologic,0,0,0
0TB68ZZ,"Excision of Right Ureter, Via Natural or Artificial Opening Endoscopic",PR,renal    ,Other renal & urologic,0,0,0
0TB70ZZ,"Excision of Left Ureter, Open Approach",PR,renal    ,Other renal & urologic,0,0,0
0TB73ZZ,"Excision of Left Ureter, Percutaneous Approach",PR,renal    ,Other renal & urologic,0,0,0
0TB74ZZ,"Excision of Left Ureter, Percutaneous Endoscopic Approach",PR,renal    ,Other renal & urologic,0,0,0
0TB77ZZ,"Excision of Left Ureter, Via Natural or Artificial Opening",PR,renal    ,Other renal & urologic,0,0,0
0TB78ZZ,"Excision of Left Ureter, Via Natural or Artificial Opening Endoscopic",PR,renal    ,Other renal & urologic,0,0,0
0TQ67ZZ,"Repair Right Ureter, Via Natural or Artificial Opening",PR,renal ,Device & Technology Use,0,1,0
0TQ77ZZ,"Repair Left Ureter, Via Natural or Artificial Opening",PR,renal ,Device & Technology Use,0,1,0
0TT00ZZ,"Resection of Right Kidney, Open Approach",PR,renal    ,Other renal & urologic,0,0,0
0TT04ZZ,"Resection of Right Kidney, Percutaneous Endoscopic Approach",PR,renal    ,Other renal & urologic,0,0,0
0TT10ZZ,"Resection of Left Kidney, Open Approach",PR,renal    ,Other renal & urologic,0,0,0
0TT14ZZ,"Resection of Left Kidney, Percutaneous Endoscopic Approach",PR,renal    ,Other renal & urologic,0,0,0
0TT20ZZ,"Resection of Bilateral Kidneys, Open Approach",PR,renal    ,Other renal & urologic,0,0,0
0TT24ZZ,"Resection of Bilateral Kidneys, Percutaneous Endoscopic Approach",PR,renal    ,Other renal & urologic,0,0,0
0TT60ZZ,"Resection of Right Ureter, Open Approach",PR,renal    ,Other renal & urologic,0,0,0
0TT64ZZ,"Resection of Right Ureter, Percutaneous Endoscopic Approach",PR,renal    ,Other renal & urologic,0,0,0
0TT67ZZ,"Resection of Right Ureter, Via Natural or Artificial Opening",PR,renal    ,Other renal & urologic,0,0,0
0TT68ZZ,"Resection of Right Ureter, Via Natural or Artificial Opening Endoscopic",PR,renal    ,Other renal & urologic,0,0,0
0TT70ZZ,"Resection of Left Ureter, Open Approach",PR,renal    ,Other renal & urologic,0,0,0
0TT74ZZ,"Resection of Left Ureter, Percutaneous Endoscopic Approach",PR,renal    ,Other renal & urologic,0,0,0
0TT77ZZ,"Resection of Left Ureter, Via Natural or Artificial Opening",PR,renal    ,Other renal & urologic,0,0,0
0TT78ZZ,"Resection of Left Ureter, Via Natural or Artificial Opening Endoscopic",PR,renal    ,Other renal & urologic,0,0,0
0TTB0ZZ,"Resection of Bladder, Open Approach",PR,renal    ,Other renal & urologic,0,0,0
0TTB4ZZ,"Resection of Bladder, Percutaneous Endoscopic Approach",PR,renal    ,Other renal & urologic,0,0,0
0TTB7ZZ,"Resection of Bladder, Via Natural or Artificial Opening",PR,renal    ,Other renal & urologic,0,0,0
0TTB8ZZ,"Resection of Bladder, Via Natural or Artificial Opening Endoscopic",PR,renal    ,Other renal & urologic,0,0,0
0TTD0ZZ,"Resection of Urethra, Open Approach",PR,renal    ,Other renal & urologic,0,0,0
0TTD4ZZ,"Resection of Urethra, Percutaneous Endoscopic Approach",PR,renal    ,Other renal & urologic,0,0,0
0TTD7ZZ,"Resection of Urethra, Via Natural or Artificial Opening",PR,renal    ,Other renal & urologic,0,0,0
0TTD8ZZ,"Resection of Urethra, Via Natural or Artificial Opening Endoscopic",PR,renal    ,Other renal & urologic,0,0,0
0TY00Z0,"Transplantation of Right Kidney, Allogeneic, Open Approach",PR,renal    ,Transplantation,0,0,1
0TY00Z0,"Transplantation of Right Kidney, Allogeneic, Open Approach",PR,transplant,,0,0,1
0TY00Z1,"Transplantation of Right Kidney, Syngeneic, Open Approach",PR,renal    ,Transplantation,0,0,1
0TY00Z1,"Transplantation of Right Kidney, Syngeneic, Open Approach",PR,transplant,,0,0,1
0TY00Z2,"Transplantation of Right Kidney, Zooplastic, Open Approach",PR,renal    ,Transplantation,0,0,1
0TY00Z2,"Transplantation of Right Kidney, Zooplastic, Open Approach",PR,transplant,,0,0,1
0TY10Z0,"Transplantation of Left Kidney, Allogeneic, Open Approach",PR,renal    ,Transplantation,0,0,1
0TY10Z0,"Transplantation of Left Kidney, Allogeneic, Open Approach",PR,transplant,,0,0,1
0TY10Z1,"Transplantation of Left Kidney, Syngeneic, Open Approach",PR,renal    ,Transplantation,0,0,1
0TY10Z1,"Transplantation of Left Kidney, Syngeneic, Open Approach",PR,transplant,,0,0,1
0TY10Z2,"Transplantation of Left Kidney, Zooplastic, Open Approach",PR,renal    ,Transplantation,0,0,1
0TY10Z2,"Transplantation of Left Kidney, Zooplastic, Open Approach",PR,transplant,,0,0,1
0UT20ZZ,"Resection of Bilateral Ovaries, Open Approach",PR,metabolic,Endocrine disorders,0,0,0
0UT24ZZ,"Resection of Bilateral Ovaries, Percutaneous Endoscopic Approach",PR,metabolic,Endocrine disorders,0,0,0
0UT27ZZ,"Resection of Bilateral Ovaries, Via Natural or Artificial Opening",PR,metabolic,Endocrine disorders,0,0,0
0UT28ZZ,"Resection of Bilateral Ovaries, Via Natural or Artificial Opening Endoscopic",PR,metabolic,Endocrine disorders,0,0,0
0UT2FZZ,"Resection of Bilateral Ovaries, Via Natural or Artificial Opening With Percutaneous Endoscopic Assistance",PR,metabolic,Endocrine disorders,0,0,0
0UT40ZZ,"Resection of Uterine Supporting Structure, Open Approach",PR,metabolic,Endocrine disorders,0,0,0
0UT44ZZ,"Resection of Uterine Supporting Structure, Percutaneous Endoscopic Approach",PR,metabolic,Endocrine disorders,0,0,0
0UT47ZZ,"Resection of Uterine Supporting Structure, Via Natural or Artificial Opening",PR,metabolic,Endocrine disorders,0,0,0
0UT48ZZ,"Resection of Uterine Supporting Structure, Via Natural or Artificial Opening Endoscopic",PR,metabolic,Endocrine disorders,0,0,0
0UT70ZZ,"Resection of Bilateral Fallopian Tubes, Open Approach",PR,metabolic,Endocrine disorders,0,0,0
0UT74ZZ,"Resection of Bilateral Fallopian Tubes, Percutaneous Endoscopic Approach",PR,metabolic,Endocrine disorders,0,0,0
0UT90ZZ,"Resection of Uterus, Open Approach",PR,metabolic,Endocrine disorders,0,0,0
0UT94ZZ,"Resection of Uterus, Percutaneous Endoscopic Approach",PR,metabolic,Endocrine disorders,0,0,0
0UT97ZZ,"Resection of Uterus, Via Natural or Artificial Opening",PR,metabolic,Endocrine disorders,0,0,0
0UT98ZZ,"Resection of Uterus, Via Natural or Artificial Opening Endoscopic",PR,metabolic,Endocrine disorders,0,0,0
0UT9FZZ,"Resection of Uterus, Via Natural or Artificial Opening With Percutaneous Endoscopic Assistance",PR,metabolic,Endocrine disorders,0,0,0
0UTC0ZZ,"Resection of Cervix, Open Approach",PR,metabolic,Endocrine disorders,0,0,0
0UTC7ZZ,"Resection of Cervix, Via Natural or Artificial Opening",PR,metabolic,Endocrine disorders,0,0,0
0UTC8ZZ,"Resection of Cervix, Via Natural or Artificial Opening Endoscopic",PR,metabolic,Endocrine disorders,0,0,0
0VTC0ZZ,"Resection of Bilateral Testes, Open Approach",PR,metabolic,Endocrine disorders,0,0,0
0VTC4ZZ,"Resection of Bilateral Testes, Percutaneous Endoscopic Approach",PR,metabolic,Endocrine disorders,0,0,0
0W110J9,"Bypass Cranial Cavity to Right Pleural Cavity with Synthetic Substitute, Open Approach",PR,neuromusc,Device & Technology Use,0,1,0
0W110JB,"Bypass Cranial Cavity to Left Pleural Cavity with Synthetic Substitute, Open Approach",PR,neuromusc,Device & Technology Use,0,1,0
0W110JG,"Bypass Cranial Cavity to Peritoneal Cavity with Synthetic Substitute, Open Approach",PR,neuromusc,Device & Technology Use,0,1,0
0W110JJ,"Bypass Cranial Cavity to Pelvic Cavity with Synthetic Substitute, Open Approach",PR,neuromusc,Device & Technology Use,0,1,0
0W4M070,"Creation of Vagina in Male Perineum with Autologous Tissue Substitute, Open Approach",PR,metabolic,Endocrine disorders,0,0,0
0W4M0J0,"Creation of Vagina in Male Perineum with Synthetic Substitute, Open Approach",PR,metabolic,Endocrine disorders,0,0,0
0W4M0K0,"Creation of Vagina in Male Perineum with Nonautologous Tissue Substitute, Open Approach",PR,metabolic,Endocrine disorders,0,0,0
0W4M0Z0,"Creation of Vagina in Male Perineum, Open Approach",PR,metabolic,Endocrine disorders,0,0,0
0W4N071,"Creation of Penis in Female Perineum with Autologous Tissue Substitute, Open Approach",PR,metabolic,Endocrine disorders,0,0,0
0W4N0J1,"Creation of Penis in Female Perineum with Synthetic Substitute, Open Approach",PR,metabolic,Endocrine disorders,0,0,0
0W4N0K1,"Creation of Penis in Female Perineum with Nonautologous Tissue Substitute, Open Approach",PR,metabolic,Endocrine disorders,0,0,0
0W4N0Z1,"Creation of Penis in Female Perineum, Open Approach",PR,metabolic,Endocrine disorders,0,0,0
0WQ6XZ2,"Repair Neck, Stoma, External Approach",PR,Respiratory,Device & Technology Use,0,1,0
0WQFXZ2,"Repair Abdominal Wall, Stoma, External Approach",PR,GI,Device & Technology Use,0,1,0
1751,"Implantation of rechargeable cardiac contractility modulation [CCM], total system",PR,cvd,Device & Technology Use,9,1,0
1752,Implantation or replacement of cardiac contractility modulation [CCM] rechargeable pulse generator only,PR,cvd,Device & Technology Use,9,1,0
30230AZ,"Transfusion of Embryonic Stem Cells into Peripheral Vein, Open Approach",PR,hemato_immu,Transplantation,0,0,1
30230AZ,"Transfusion of Embryonic Stem Cells into Peripheral Vein, Open Approach",PR,transplant,,0,0,1
30230G0,"Transfusion of Autologous Bone Marrow into Peripheral Vein, Open Approach",PR,hemato_immu,Transplantation,0,0,1
30230G0,"Transfusion of Autologous Bone Marrow into Peripheral Vein, Open Approach",PR,transplant,,0,0,1
30230G1,"Transfusion of Nonautologous Bone Marrow into Peripheral Vein, Open Approach",PR,hemato_immu,Transplantation,0,0,1
30230G1,"Transfusion of Nonautologous Bone Marrow into Peripheral Vein, Open Approach",PR,transplant,,0,0,1
30230G2,"Transfusion of Allogeneic Related Bone Marrow into Peripheral Vein, Open Approach",PR,hemato_immu,Transplantation,0,0,1
30230G2,"Transfusion of Allogeneic Related Bone Marrow into Peripheral Vein, Open Approach",PR,transplant,,0,0,1
30230G3,"Transfusion of Allogeneic Unrelated Bone Marrow into Peripheral Vein, Open Approach",PR,hemato_immu,Transplantation,0,0,1
30230G3,"Transfusion of Allogeneic Unrelated Bone Marrow into Peripheral Vein, Open Approach",PR,transplant,,0,0,1
30230G4,"Transfusion of Allogeneic Unspecified Bone Marrow into Peripheral Vein, Open Approach",PR,hemato_immu,Transplantation,0,0,1
30230G4,"Transfusion of Allogeneic Unspecified Bone Marrow into Peripheral Vein, Open Approach",PR,transplant,,0,0,1
30230U2,"Transfusion of Allogeneic Related T-cell Depleted Hematopoietic Stem Cells into Peripheral Vein, Open Approach",PR,hemato_immu,Transplantation,0,0,1
30230U2,"Transfusion of Allogeneic Related T-cell Depleted Hematopoietic Stem Cells into Peripheral Vein, Open Approach",PR,transplant,,0,0,1
30230U3,"Transfusion of Allogeneic Unrelated T-cell Depleted Hematopoietic Stem Cells into Peripheral Vein, Open Approach",PR,hemato_immu,Transplantation,0,0,1
30230U3,"Transfusion of Allogeneic Unrelated T-cell Depleted Hematopoietic Stem Cells into Peripheral Vein, Open Approach",PR,transplant,,0,0,1
30230U4,"Transfusion of Allogeneic Unspecified T-cell Depleted Hematopoietic Stem Cells into Peripheral Vein, Open Approach",PR,hemato_immu,Transplantation,0,0,1
30230U4,"Transfusion of Allogeneic Unspecified T-cell Depleted Hematopoietic Stem Cells into Peripheral Vein, Open Approach",PR,transplant,,0,0,1
30230X0,"Transfusion of Autologous Cord Blood Stem Cells into Peripheral Vein, Open Approach",PR,hemato_immu,Transplantation,0,0,1
30230X0,"Transfusion of Autologous Cord Blood Stem Cells into Peripheral Vein, Open Approach",PR,transplant,,0,0,1
30230X1,"Transfusion of Nonautologous Cord Blood Stem Cells into Peripheral Vein, Open Approach",PR,hemato_immu,Transplantation,0,0,1
30230X1,"Transfusion of Nonautologous Cord Blood Stem Cells into Peripheral Vein, Open Approach",PR,transplant,,0,0,1
30230X2,"Transfusion of Allogeneic Related Cord Blood Stem Cells into Peripheral Vein, Open Approach",PR,hemato_immu,Transplantation,0,0,1
30230X2,"Transfusion of Allogeneic Related Cord Blood Stem Cells into Peripheral Vein, Open Approach",PR,transplant,,0,0,1
30230X3,"Transfusion of Allogeneic Unrelated Cord Blood Stem Cells into Peripheral Vein, Open Approach",PR,hemato_immu,Transplantation,0,0,1
30230X3,"Transfusion of Allogeneic Unrelated Cord Blood Stem Cells into Peripheral Vein, Open Approach",PR,transplant,,0,0,1
30230X4,"Transfusion of Allogeneic Unspecified Cord Blood Stem Cells into Peripheral Vein, Open Approach",PR,hemato_immu,Transplantation,0,0,1
30230X4,"Transfusion of Allogeneic Unspecified Cord Blood Stem Cells into Peripheral Vein, Open Approach",PR,transplant,,0,0,1
30230Y0,"Transfusion of Autologous Hematopoietic Stem Cells into Peripheral Vein, Open Approach",PR,hemato_immu,Transplantation,0,0,1
30230Y0,"Transfusion of Autologous Hematopoietic Stem Cells into Peripheral Vein, Open Approach",PR,transplant,,0,0,1
30230Y1,"Transfusion of Nonautologous Hematopoietic Stem Cells into Peripheral Vein, Open Approach",PR,hemato_immu,Transplantation,0,0,1
30230Y1,"Transfusion of Nonautologous Hematopoietic Stem Cells into Peripheral Vein, Open Approach",PR,transplant,,0,0,1
30230Y2,"Transfusion of Allogeneic Related Hematopoietic Stem Cells into Peripheral Vein, Open Approach",PR,hemato_immu,Transplantation,0,0,1
30230Y2,"Transfusion of Allogeneic Related Hematopoietic Stem Cells into Peripheral Vein, Open Approach",PR,transplant,,0,0,1
30230Y3,"Transfusion of Allogeneic Unrelated Hematopoietic Stem Cells into Peripheral Vein, Open Approach",PR,hemato_immu,Transplantation,0,0,1
30230Y3,"Transfusion of Allogeneic Unrelated Hematopoietic Stem Cells into Peripheral Vein, Open Approach",PR,transplant,,0,0,1
30230Y4,"Transfusion of Allogeneic Unspecified Hematopoietic Stem Cells into Peripheral Vein, Open Approach",PR,hemato_immu,Transplantation,0,0,1
30230Y4,"Transfusion of Allogeneic Unspecified Hematopoietic Stem Cells into Peripheral Vein, Open Approach",PR,transplant,,0,0,1
30233AZ,"Transfusion of Embryonic Stem Cells into Peripheral Vein, Percutaneous Approach",PR,hemato_immu,Transplantation,0,0,1
30233AZ,"Transfusion of Embryonic Stem Cells into Peripheral Vein, Percutaneous Approach",PR,transplant,,0,0,1
30233G0,"Transfusion of Autologous Bone Marrow into Peripheral Vein, Percutaneous Approach",PR,hemato_immu,Transplantation,0,0,1
30233G0,"Transfusion of Autologous Bone Marrow into Peripheral Vein, Percutaneous Approach",PR,transplant,,0,0,1
30233G1,"Transfusion of Nonautologous Bone Marrow into Peripheral Vein, Percutaneous Approach",PR,hemato_immu,Transplantation,0,0,1
30233G1,"Transfusion of Nonautologous Bone Marrow into Peripheral Vein, Percutaneous Approach",PR,transplant,,0,0,1
30233G2,"Transfusion of Allogeneic Related Bone Marrow into Peripheral Vein, Percutaneous Approach",PR,hemato_immu,Transplantation,0,0,1
30233G2,"Transfusion of Allogeneic Related Bone Marrow into Peripheral Vein, Percutaneous Approach",PR,transplant,,0,0,1
30233G3,"Transfusion of Allogeneic Unrelated Bone Marrow into Peripheral Vein, Percutaneous Approach",PR,hemato_immu,Transplantation,0,0,1
30233G3,"Transfusion of Allogeneic Unrelated Bone Marrow into Peripheral Vein, Percutaneous Approach",PR,transplant,,0,0,1
30233G4,"Transfusion of Allogeneic Unspecified Bone Marrow into Peripheral Vein, Percutaneous Approach",PR,hemato_immu,Transplantation,0,0,1
30233G4,"Transfusion of Allogeneic Unspecified Bone Marrow into Peripheral Vein, Percutaneous Approach",PR,transplant,,0,0,1
30233U2,"Transfusion of Allogeneic Related T-cell Depleted Hematopoietic Stem Cells into Peripheral Vein, Percutaneous Approach",PR,hemato_immu,Transplantation,0,0,1
30233U2,"Transfusion of Allogeneic Related T-cell Depleted Hematopoietic Stem Cells into Peripheral Vein, Percutaneous Approach",PR,transplant,,0,0,1
30233U3,"Transfusion of Allogeneic Unrelated T-cell Depleted Hematopoietic Stem Cells into Peripheral Vein, Percutaneous Approach",PR,hemato_immu,Transplantation,0,0,1
30233U3,"Transfusion of Allogeneic Unrelated T-cell Depleted Hematopoietic Stem Cells into Peripheral Vein, Percutaneous Approach",PR,transplant,,0,0,1
30233U4,"Transfusion of Allogeneic Unspecified T-cell Depleted Hematopoietic Stem Cells into Peripheral Vein, Percutaneous Approach",PR,hemato_immu,Transplantation,0,0,1
30233U4,"Transfusion of Allogeneic Unspecified T-cell Depleted Hematopoietic Stem Cells into Peripheral Vein, Percutaneous Approach",PR,transplant,,0,0,1
30233X0,"Transfusion of Autologous Cord Blood Stem Cells into Peripheral Vein, Percutaneous Approach",PR,hemato_immu,Transplantation,0,0,1
30233X0,"Transfusion of Autologous Cord Blood Stem Cells into Peripheral Vein, Percutaneous Approach",PR,transplant,,0,0,1
30233X1,"Transfusion of Nonautologous Cord Blood Stem Cells into Peripheral Vein, Percutaneous Approach",PR,hemato_immu,Transplantation,0,0,1
30233X1,"Transfusion of Nonautologous Cord Blood Stem Cells into Peripheral Vein, Percutaneous Approach",PR,transplant,,0,0,1
30233X2,"Transfusion of Allogeneic Related Cord Blood Stem Cells into Peripheral Vein, Percutaneous Approach",PR,hemato_immu,Transplantation,0,0,1
30233X2,"Transfusion of Allogeneic Related Cord Blood Stem Cells into Peripheral Vein, Percutaneous Approach",PR,transplant,,0,0,1
30233X3,"Transfusion of Allogeneic Unrelated Cord Blood Stem Cells into Peripheral Vein, Percutaneous Approach",PR,hemato_immu,Transplantation,0,0,1
30233X3,"Transfusion of Allogeneic Unrelated Cord Blood Stem Cells into Peripheral Vein, Percutaneous Approach",PR,transplant,,0,0,1
30233X4,"Transfusion of Allogeneic Unspecified Cord Blood Stem Cells into Peripheral Vein, Percutaneous Approach",PR,hemato_immu,Transplantation,0,0,1
30233X4,"Transfusion of Allogeneic Unspecified Cord Blood Stem Cells into Peripheral Vein, Percutaneous Approach",PR,transplant,,0,0,1
30233Y0,"Transfusion of Autologous Hematopoietic Stem Cells into Peripheral Vein, Percutaneous Approach",PR,hemato_immu,Transplantation,0,0,1
30233Y0,"Transfusion of Autologous Hematopoietic Stem Cells into Peripheral Vein, Percutaneous Approach",PR,transplant,,0,0,1
30233Y1,"Transfusion of Nonautologous Hematopoietic Stem Cells into Peripheral Vein, Percutaneous Approach",PR,hemato_immu,Transplantation,0,0,1
30233Y1,"Transfusion of Nonautologous Hematopoietic Stem Cells into Peripheral Vein, Percutaneous Approach",PR,transplant,,0,0,1
30233Y2,"Transfusion of Allogeneic Related Hematopoietic Stem Cells into Peripheral Vein, Percutaneous Approach",PR,hemato_immu,Transplantation,0,0,1
30233Y2,"Transfusion of Allogeneic Related Hematopoietic Stem Cells into Peripheral Vein, Percutaneous Approach",PR,transplant,,0,0,1
30233Y3,"Transfusion of Allogeneic Unrelated Hematopoietic Stem Cells into Peripheral Vein, Percutaneous Approach",PR,hemato_immu,Transplantation,0,0,1
30233Y3,"Transfusion of Allogeneic Unrelated Hematopoietic Stem Cells into Peripheral Vein, Percutaneous Approach",PR,transplant,,0,0,1
30233Y4,"Transfusion of Allogeneic Unspecified Hematopoietic Stem Cells into Peripheral Vein, Percutaneous Approach",PR,hemato_immu,Transplantation,0,0,1
30233Y4,"Transfusion of Allogeneic Unspecified Hematopoietic Stem Cells into Peripheral Vein, Percutaneous Approach",PR,transplant,,0,0,1
30240AZ,"Transfusion of Embryonic Stem Cells into Central Vein, Open Approach",PR,hemato_immu,Transplantation,0,0,1
30240AZ,"Transfusion of Embryonic Stem Cells into Central Vein, Open Approach",PR,transplant,,0,0,1
30240G0,"Transfusion of Autologous Bone Marrow into Central Vein, Open Approach",PR,hemato_immu,Transplantation,0,0,1
30240G0,"Transfusion of Autologous Bone Marrow into Central Vein, Open Approach",PR,transplant,,0,0,1
30240G1,"Transfusion of Nonautologous Bone Marrow into Central Vein, Open Approach",PR,hemato_immu,Transplantation,0,0,1
30240G1,"Transfusion of Nonautologous Bone Marrow into Central Vein, Open Approach",PR,transplant,,0,0,1
30240G2,"Transfusion of Allogeneic Related Bone Marrow into Central Vein, Open Approach",PR,hemato_immu,Transplantation,0,0,1
30240G2,"Transfusion of Allogeneic Related Bone Marrow into Central Vein, Open Approach",PR,transplant,,0,0,1
30240G3,"Transfusion of Allogeneic Unrelated Bone Marrow into Central Vein, Open Approach",PR,hemato_immu,Transplantation,0,0,1
30240G3,"Transfusion of Allogeneic Unrelated Bone Marrow into Central Vein, Open Approach",PR,transplant,,0,0,1
30240G4,"Transfusion of Allogeneic Unspecified Bone Marrow into Central Vein, Open Approach",PR,hemato_immu,Transplantation,0,0,1
30240G4,"Transfusion of Allogeneic Unspecified Bone Marrow into Central Vein, Open Approach",PR,transplant,,0,0,1
30240U2,"Transfusion of Allogeneic Related T-cell Depleted Hematopoietic Stem Cells into Central Vein, Open Approach",PR,hemato_immu,Transplantation,0,0,1
30240U2,"Transfusion of Allogeneic Related T-cell Depleted Hematopoietic Stem Cells into Central Vein, Open Approach",PR,transplant,,0,0,1
30240U3,"Transfusion of Allogeneic Unrelated T-cell Depleted Hematopoietic Stem Cells into Central Vein, Open Approach",PR,hemato_immu,Transplantation,0,0,1
30240U3,"Transfusion of Allogeneic Unrelated T-cell Depleted Hematopoietic Stem Cells into Central Vein, Open Approach",PR,transplant,,0,0,1
30240U4,"Transfusion of Allogeneic Unspecified T-cell Depleted Hematopoietic Stem Cells into Central Vein, Open Approach",PR,hemato_immu,Transplantation,0,0,1
30240U4,"Transfusion of Allogeneic Unspecified T-cell Depleted Hematopoietic Stem Cells into Central Vein, Open Approach",PR,transplant,,0,0,1
30240X0,"Transfusion of Autologous Cord Blood Stem Cells into Central Vein, Open Approach",PR,hemato_immu,Transplantation,0,0,1
30240X0,"Transfusion of Autologous Cord Blood Stem Cells into Central Vein, Open Approach",PR,transplant,,0,0,1
30240X1,"Transfusion of Nonautologous Cord Blood Stem Cells into Central Vein, Open Approach",PR,hemato_immu,Transplantation,0,0,1
30240X1,"Transfusion of Nonautologous Cord Blood Stem Cells into Central Vein, Open Approach",PR,transplant,,0,0,1
30240X2,"Transfusion of Allogeneic Related Cord Blood Stem Cells into Central Vein, Open Approach",PR,hemato_immu,Transplantation,0,0,1
30240X2,"Transfusion of Allogeneic Related Cord Blood Stem Cells into Central Vein, Open Approach",PR,transplant,,0,0,1
30240X3,"Transfusion of Allogeneic Unrelated Cord Blood Stem Cells into Central Vein, Open Approach",PR,hemato_immu,Transplantation,0,0,1
30240X3,"Transfusion of Allogeneic Unrelated Cord Blood Stem Cells into Central Vein, Open Approach",PR,transplant,,0,0,1
30240X4,"Transfusion of Allogeneic Unspecified Cord Blood Stem Cells into Central Vein, Open Approach",PR,hemato_immu,Transplantation,0,0,1
30240X4,"Transfusion of Allogeneic Unspecified Cord Blood Stem Cells into Central Vein, Open Approach",PR,transplant,,0,0,1
30240Y0,"Transfusion of Autologous Hematopoietic Stem Cells into Central Vein, Open Approach",PR,hemato_immu,Transplantation,0,0,1
30240Y0,"Transfusion of Autologous Hematopoietic Stem Cells into Central Vein, Open Approach",PR,transplant,,0,0,1
30240Y1,"Transfusion of Nonautologous Hematopoietic Stem Cells into Central Vein, Open Approach",PR,hemato_immu,Transplantation,0,0,1
30240Y1,"Transfusion of Nonautologous Hematopoietic Stem Cells into Central Vein, Open Approach",PR,transplant,,0,0,1
30240Y2,"Transfusion of Allogeneic Related Hematopoietic Stem Cells into Central Vein, Open Approach",PR,hemato_immu,Transplantation,0,0,1
30240Y2,"Transfusion of Allogeneic Related Hematopoietic Stem Cells into Central Vein, Open Approach",PR,transplant,,0,0,1
30240Y3,"Transfusion of Allogeneic Unrelated Hematopoietic Stem Cells into Central Vein, Open Approach",PR,hemato_immu,Transplantation,0,0,1
30240Y3,"Transfusion of Allogeneic Unrelated Hematopoietic Stem Cells into Central Vein, Open Approach",PR,transplant,,0,0,1
30240Y4,"Transfusion of Allogeneic Unspecified Hematopoietic Stem Cells into Central Vein, Open Approach",PR,hemato_immu,Transplantation,0,0,1
30240Y4,"Transfusion of Allogeneic Unspecified Hematopoietic Stem Cells into Central Vein, Open Approach",PR,transplant,,0,0,1
30243AZ,"Transfusion of Embryonic Stem Cells into Central Vein, Percutaneous Approach",PR,hemato_immu,Transplantation,0,0,1
30243AZ,"Transfusion of Embryonic Stem Cells into Central Vein, Percutaneous Approach",PR,transplant,,0,0,1
30243G0,"Transfusion of Autologous Bone Marrow into Central Vein, Percutaneous Approach",PR,hemato_immu,Transplantation,0,0,1
30243G0,"Transfusion of Autologous Bone Marrow into Central Vein, Percutaneous Approach",PR,transplant,,0,0,1
30243G1,"Transfusion of Nonautologous Bone Marrow into Central Vein, Percutaneous Approach",PR,hemato_immu,Transplantation,0,0,1
30243G1,"Transfusion of Nonautologous Bone Marrow into Central Vein, Percutaneous Approach",PR,transplant,,0,0,1
30243G2,"Transfusion of Allogeneic Related Bone Marrow into Central Vein, Percutaneous Approach",PR,hemato_immu,Transplantation,0,0,1
30243G2,"Transfusion of Allogeneic Related Bone Marrow into Central Vein, Percutaneous Approach",PR,transplant,,0,0,1
30243G3,"Transfusion of Allogeneic Unrelated Bone Marrow into Central Vein, Percutaneous Approach",PR,hemato_immu,Transplantation,0,0,1
30243G3,"Transfusion of Allogeneic Unrelated Bone Marrow into Central Vein, Percutaneous Approach",PR,transplant,,0,0,1
30243G4,"Transfusion of Allogeneic Unspecified Bone Marrow into Central Vein, Percutaneous Approach",PR,hemato_immu,Transplantation,0,0,1
30243G4,"Transfusion of Allogeneic Unspecified Bone Marrow into Central Vein, Percutaneous Approach",PR,transplant,,0,0,1
30243U2,"Transfusion of Allogeneic Related T-cell Depleted Hematopoietic Stem Cells into Central Vein, Percutaneous Approach",PR,hemato_immu,Transplantation,0,0,1
30243U2,"Transfusion of Allogeneic Related T-cell Depleted Hematopoietic Stem Cells into Central Vein, Percutaneous Approach",PR,transplant,,0,0,1
30243U3,"Transfusion of Allogeneic Unrelated T-cell Depleted Hematopoietic Stem Cells into Central Vein, Percutaneous Approach",PR,hemato_immu,Transplantation,0,0,1
30243U3,"Transfusion of Allogeneic Unrelated T-cell Depleted Hematopoietic Stem Cells into Central Vein, Percutaneous Approach",PR,transplant,,0,0,1
30243U4,"Transfusion of Allogeneic Unspecified T-cell Depleted Hematopoietic Stem Cells into Central Vein, Percutaneous Approach",PR,hemato_immu,Transplantation,0,0,1
30243U4,"Transfusion of Allogeneic Unspecified T-cell Depleted Hematopoietic Stem Cells into Central Vein, Percutaneous Approach",PR,transplant,,0,0,1
30243X0,"Transfusion of Autologous Cord Blood Stem Cells into Central Vein, Percutaneous Approach",PR,hemato_immu,Transplantation,0,0,1
30243X0,"Transfusion of Autologous Cord Blood Stem Cells into Central Vein, Percutaneous Approach",PR,transplant,,0,0,1
30243X1,"Transfusion of Nonautologous Cord Blood Stem Cells into Central Vein, Percutaneous Approach",PR,hemato_immu,Transplantation,0,0,1
30243X1,"Transfusion of Nonautologous Cord Blood Stem Cells into Central Vein, Percutaneous Approach",PR,transplant,,0,0,1
30243X2,"Transfusion of Allogeneic Related Cord Blood Stem Cells into Central Vein, Percutaneous Approach",PR,hemato_immu,Transplantation,0,0,1
30243X2,"Transfusion of Allogeneic Related Cord Blood Stem Cells into Central Vein, Percutaneous Approach",PR,transplant,,0,0,1
30243X3,"Transfusion of Allogeneic Unrelated Cord Blood Stem Cells into Central Vein, Percutaneous Approach",PR,hemato_immu,Transplantation,0,0,1
30243X3,"Transfusion of Allogeneic Unrelated Cord Blood Stem Cells into Central Vein, Percutaneous Approach",PR,transplant,,0,0,1
30243X4,"Transfusion of Allogeneic Unspecified Cord Blood Stem Cells into Central Vein, Percutaneous Approach",PR,hemato_immu,Transplantation,0,0,1
30243X4,"Transfusion of Allogeneic Unspecified Cord Blood Stem Cells into Central Vein, Percutaneous Approach",PR,transplant,,0,0,1
30243Y0,"Transfusion of Autologous Hematopoietic Stem Cells into Central Vein, Percutaneous Approach",PR,hemato_immu,Transplantation,0,0,1
30243Y0,"Transfusion of Autologous Hematopoietic Stem Cells into Central Vein, Percutaneous Approach",PR,transplant,,0,0,1
30243Y1,"Transfusion of Nonautologous Hematopoietic Stem Cells into Central Vein, Percutaneous Approach",PR,hemato_immu,Transplantation,0,0,1
30243Y1,"Transfusion of Nonautologous Hematopoietic Stem Cells into Central Vein, Percutaneous Approach",PR,transplant,,0,0,1
30243Y2,"Transfusion of Allogeneic Related Hematopoietic Stem Cells into Central Vein, Percutaneous Approach",PR,hemato_immu,Transplantation,0,0,1
30243Y2,"Transfusion of Allogeneic Related Hematopoietic Stem Cells into Central Vein, Percutaneous Approach",PR,transplant,,0,0,1
30243Y3,"Transfusion of Allogeneic Unrelated Hematopoietic Stem Cells into Central Vein, Percutaneous Approach",PR,hemato_immu,Transplantation,0,0,1
30243Y3,"Transfusion of Allogeneic Unrelated Hematopoietic Stem Cells into Central Vein, Percutaneous Approach",PR,transplant,,0,0,1
30243Y4,"Transfusion of Allogeneic Unspecified Hematopoietic Stem Cells into Central Vein, Percutaneous Approach",PR,hemato_immu,Transplantation,0,0,1
30243Y4,"Transfusion of Allogeneic Unspecified Hematopoietic Stem Cells into Central Vein, Percutaneous Approach",PR,transplant,,0,0,1
30250G0,"Transfusion of Autologous Bone Marrow into Peripheral Artery, Open Approach",PR,hemato_immu,Transplantation,0,0,1
30250G0,"Transfusion of Autologous Bone Marrow into Peripheral Artery, Open Approach",PR,transplant,,0,0,1
30250G1,"Transfusion of Nonautologous Bone Marrow into Peripheral Artery, Open Approach",PR,hemato_immu,Transplantation,0,0,1
30250G1,"Transfusion of Nonautologous Bone Marrow into Peripheral Artery, Open Approach",PR,transplant,,0,0,1
30250X0,"Transfusion of Autologous Cord Blood Stem Cells into Peripheral Artery, Open Approach",PR,hemato_immu,Transplantation,0,0,1
30250X0,"Transfusion of Autologous Cord Blood Stem Cells into Peripheral Artery, Open Approach",PR,transplant,,0,0,1
30250X1,"Transfusion of Nonautologous Cord Blood Stem Cells into Peripheral Artery, Open Approach",PR,hemato_immu,Transplantation,0,0,1
30250X1,"Transfusion of Nonautologous Cord Blood Stem Cells into Peripheral Artery, Open Approach",PR,transplant,,0,0,1
30250Y0,"Transfusion of Autologous Hematopoietic Stem Cells into Peripheral Artery, Open Approach",PR,hemato_immu,Transplantation,0,0,1
30250Y0,"Transfusion of Autologous Hematopoietic Stem Cells into Peripheral Artery, Open Approach",PR,transplant,,0,0,1
30250Y1,"Transfusion of Nonautologous Hematopoietic Stem Cells into Peripheral Artery, Open Approach",PR,hemato_immu,Transplantation,0,0,1
30250Y1,"Transfusion of Nonautologous Hematopoietic Stem Cells into Peripheral Artery, Open Approach",PR,transplant,,0,0,1
30253G0,"Transfusion of Autologous Bone Marrow into Peripheral Artery, Percutaneous Approach",PR,hemato_immu,Transplantation,0,0,1
30253G0,"Transfusion of Autologous Bone Marrow into Peripheral Artery, Percutaneous Approach",PR,transplant,,0,0,1
30253G1,"Transfusion of Nonautologous Bone Marrow into Peripheral Artery, Percutaneous Approach",PR,hemato_immu,Transplantation,0,0,1
30253G1,"Transfusion of Nonautologous Bone Marrow into Peripheral Artery, Percutaneous Approach",PR,transplant,,0,0,1
30253X0,"Transfusion of Autologous Cord Blood Stem Cells into Peripheral Artery, Percutaneous Approach",PR,hemato_immu,Transplantation,0,0,1
30253X0,"Transfusion of Autologous Cord Blood Stem Cells into Peripheral Artery, Percutaneous Approach",PR,transplant,,0,0,1
30253X1,"Transfusion of Nonautologous Cord Blood Stem Cells into Peripheral Artery, Percutaneous Approach",PR,hemato_immu,Transplantation,0,0,1
30253X1,"Transfusion of Nonautologous Cord Blood Stem Cells into Peripheral Artery, Percutaneous Approach",PR,transplant,,0,0,1
30253Y0,"Transfusion of Autologous Hematopoietic Stem Cells into Peripheral Artery, Percutaneous Approach",PR,hemato_immu,Transplantation,0,0,1
30253Y0,"Transfusion of Autologous Hematopoietic Stem Cells into Peripheral Artery, Percutaneous Approach",PR,transplant,,0,0,1
30253Y1,"Transfusion of Nonautologous Hematopoietic Stem Cells into Peripheral Artery, Percutaneous Approach",PR,hemato_immu,Transplantation,0,0,1
30253Y1,"Transfusion of Nonautologous Hematopoietic Stem Cells into Peripheral Artery, Percutaneous Approach",PR,transplant,,0,0,1
30260G0,"Transfusion of Autologous Bone Marrow into Central Artery, Open Approach",PR,hemato_immu,Transplantation,0,0,1
30260G0,"Transfusion of Autologous Bone Marrow into Central Artery, Open Approach",PR,transplant,,0,0,1
30260G1,"Transfusion of Nonautologous Bone Marrow into Central Artery, Open Approach",PR,hemato_immu,Transplantation,0,0,1
30260G1,"Transfusion of Nonautologous Bone Marrow into Central Artery, Open Approach",PR,transplant,,0,0,1
30260X0,"Transfusion of Autologous Cord Blood Stem Cells into Central Artery, Open Approach",PR,hemato_immu,Transplantation,0,0,1
30260X0,"Transfusion of Autologous Cord Blood Stem Cells into Central Artery, Open Approach",PR,transplant,,0,0,1
30260X1,"Transfusion of Nonautologous Cord Blood Stem Cells into Central Artery, Open Approach",PR,hemato_immu,Transplantation,0,0,1
30260X1,"Transfusion of Nonautologous Cord Blood Stem Cells into Central Artery, Open Approach",PR,transplant,,0,0,1
30260Y0,"Transfusion of Autologous Hematopoietic Stem Cells into Central Artery, Open Approach",PR,hemato_immu,Transplantation,0,0,1
30260Y0,"Transfusion of Autologous Hematopoietic Stem Cells into Central Artery, Open Approach",PR,transplant,,0,0,1
30260Y1,"Transfusion of Nonautologous Hematopoietic Stem Cells into Central Artery, Open Approach",PR,hemato_immu,Transplantation,0,0,1
30260Y1,"Transfusion of Nonautologous Hematopoietic Stem Cells into Central Artery, Open Approach",PR,transplant,,0,0,1
30263G0,"Transfusion of Autologous Bone Marrow into Central Artery, Percutaneous Approach",PR,hemato_immu,Transplantation,0,0,1
30263G0,"Transfusion of Autologous Bone Marrow into Central Artery, Percutaneous Approach",PR,transplant,,0,0,1
30263G1,"Transfusion of Nonautologous Bone Marrow into Central Artery, Percutaneous Approach",PR,hemato_immu,Transplantation,0,0,1
30263G1,"Transfusion of Nonautologous Bone Marrow into Central Artery, Percutaneous Approach",PR,transplant,,0,0,1
30263X0,"Transfusion of Autologous Cord Blood Stem Cells into Central Artery, Percutaneous Approach",PR,hemato_immu,Transplantation,0,0,1
30263X0,"Transfusion of Autologous Cord Blood Stem Cells into Central Artery, Percutaneous Approach",PR,transplant,,0,0,1
30263X1,"Transfusion of Nonautologous Cord Blood Stem Cells into Central Artery, Percutaneous Approach",PR,hemato_immu,Transplantation,0,0,1
30263X1,"Transfusion of Nonautologous Cord Blood Stem Cells into Central Artery, Percutaneous Approach",PR,transplant,,0,0,1
30263Y0,"Transfusion of Autologous Hematopoietic Stem Cells into Central Artery, Percutaneous Approach",PR,hemato_immu,Transplantation,0,0,1
30263Y0,"Transfusion of Autologous Hematopoietic Stem Cells into Central Artery, Percutaneous Approach",PR,transplant,,0,0,1
30263Y1,"Transfusion of Nonautologous Hematopoietic Stem Cells into Central Artery, Percutaneous Approach",PR,hemato_immu,Transplantation,0,0,1
30263Y1,"Transfusion of Nonautologous Hematopoietic Stem Cells into Central Artery, Percutaneous Approach",PR,transplant,,0,0,1
3310,Alzheimer's disease,DX,neuromusc,CNS Degeneration and diseases,9,0,0
3313,Communicating hydrocephalus,DX,neuromusc,CNS Degeneration and diseases,9,0,0
3316,Corticobasal degeneration,DX,neuromusc,CNS Degeneration and diseases,9,0,0
3317,Cerebral degeneration in diseases classified elsewhere,DX,neuromusc,CNS Degeneration and diseases,9,0,0
34200,Flaccid hemiplegia and hemiparesis affecting unspecified side,DX,neuromusc,Other neurologic disorders,9,0,0
34201,Flaccid hemiplegia and hemiparesis affecting dominant side,DX,neuromusc,Other neurologic disorders,9,0,0
34202,Flaccid hemiplegia and hemiparesis affecting nondominant side,DX,neuromusc,Other neurologic disorders,9,0,0
34210,Spastic hemiplegia and hemiparesis affecting unspecified side,DX,neuromusc,Other neurologic disorders,9,0,0
34211,Spastic hemiplegia and hemiparesis affecting dominant side,DX,neuromusc,Other neurologic disorders,9,0,0
34212,Spastic hemiplegia and hemiparesis affecting nondominant side,DX,neuromusc,Other neurologic disorders,9,0,0
34280,Other specified hemiplegia and hemiparesis affecting unspecified side,DX,neuromusc,Other neurologic disorders,9,0,0
34281,Other specified hemiplegia and hemiparesis affecting dominant side,DX,neuromusc,Other neurologic disorders,9,0,0
34282,Other specified hemiplegia and hemiparesis affecting nondominant side,DX,neuromusc,Other neurologic disorders,9,0,0
34291,"Hemiplegia, unspecified, affecting dominant side",DX,neuromusc,Other neurologic disorders,9,0,0
34292,"Hemiplegia, unspecified, affecting nondominant side",DX,neuromusc,Other neurologic disorders,9,0,0
3491,Nervous system complications from surgically implanted device,DX,neuromusc,Device & Technology Use,9,1,0
3741,Implantation of prosthetic cardiac support device around the heart,PR,cvd,Device & Technology Use,9,1,0
3752,Implantation of total internal biventricular heart replacement system,PR,cvd,Device & Technology Use,9,1,0
3E00X05,"Introduction of Other Antineoplastic into Skin and Mucous Membranes, External Approach",PR,malignancy,Neoplasms,0,0,0
3E01305,"Introduction of Other Antineoplastic into Subcutaneous Tissue, Percutaneous Approach",PR,malignancy,Neoplasms,0,0,0
3E02305,"Introduction of Other Antineoplastic into Muscle, Percutaneous Approach",PR,malignancy,Neoplasms,0,0,0
3E03005,"Introduction of Other Antineoplastic into Peripheral Vein, Open Approach",PR,malignancy,Neoplasms,0,0,0
3E030U0,"Introduction of Autologous Pancreatic Islet Cells into Peripheral Vein, Open Approach",PR,GI,Transplantation,0,0,1
3E030U0,"Introduction of Autologous Pancreatic Islet Cells into Peripheral Vein, Open Approach",PR,transplant,,0,0,1
3E030U1,"Introduction of Nonautologous Pancreatic Islet Cells into Peripheral Vein, Open Approach",PR,GI,Transplantation,0,0,1
3E030U1,"Introduction of Nonautologous Pancreatic Islet Cells into Peripheral Vein, Open Approach",PR,transplant,,0,0,1
3E03305,"Introduction of Other Antineoplastic into Peripheral Vein, Percutaneous Approach",PR,malignancy,Neoplasms,0,0,0
3E033U0,"Introduction of Autologous Pancreatic Islet Cells into Peripheral Vein, Percutaneous Approach",PR,GI,Transplantation,0,0,1
3E033U0,"Introduction of Autologous Pancreatic Islet Cells into Peripheral Vein, Percutaneous Approach",PR,transplant,,0,0,1
3E033U1,"Introduction of Nonautologous Pancreatic Islet Cells into Peripheral Vein, Percutaneous Approach",PR,GI,Transplantation,0,0,1
3E033U1,"Introduction of Nonautologous Pancreatic Islet Cells into Peripheral Vein, Percutaneous Approach",PR,transplant,,0,0,1
3E04005,"Introduction of Other Antineoplastic into Central Vein, Open Approach",PR,malignancy,Neoplasms,0,0,0
3E04305,"Introduction of Other Antineoplastic into Central Vein, Percutaneous Approach",PR,malignancy,Neoplasms,0,0,0
3E05005,"Introduction of Other Antineoplastic into Peripheral Artery, Open Approach",PR,malignancy,Neoplasms,0,0,0
3E05305,"Introduction of Other Antineoplastic into Peripheral Artery, Percutaneous Approach",PR,malignancy,Neoplasms,0,0,0
3E06005,"Introduction of Other Antineoplastic into Central Artery, Open Approach",PR,malignancy,Neoplasms,0,0,0
3E06305,"Introduction of Other Antineoplastic into Central Artery, Percutaneous Approach",PR,malignancy,Neoplasms,0,0,0
3E0A305,"Introduction of Other Antineoplastic into Bone Marrow, Percutaneous Approach",PR,malignancy,Neoplasms,0,0,0
3E0F305,"Introduction of Other Antineoplastic into Respiratory Tract, Percutaneous Approach",PR,malignancy,Neoplasms,0,0,0
3E0F705,"Introduction of Other Antineoplastic into Respiratory Tract, Via Natural or Artificial Opening",PR,malignancy,Neoplasms,0,0,0
3E0F805,"Introduction of Other Antineoplastic into Respiratory Tract, Via Natural or Artificial Opening Endoscopic",PR,malignancy,Neoplasms,0,0,0
3E0G305,"Introduction of Other Antineoplastic into Upper GI, Percutaneous Approach",PR,malignancy,Neoplasms,0,0,0
3E0G705,"Introduction of Other Antineoplastic into Upper GI, Via Natural or Artificial Opening",PR,malignancy,Neoplasms,0,0,0
3E0G805,"Introduction of Other Antineoplastic into Upper GI, Via Natural or Artificial Opening Endoscopic",PR,malignancy,Neoplasms,0,0,0
3E0H305,"Introduction of Other Antineoplastic into Lower GI, Percutaneous Approach",PR,malignancy,Neoplasms,0,0,0
3E0H705,"Introduction of Other Antineoplastic into Lower GI, Via Natural or Artificial Opening",PR,malignancy,Neoplasms,0,0,0
3E0H805,"Introduction of Other Antineoplastic into Lower GI, Via Natural or Artificial Opening Endoscopic",PR,malignancy,Neoplasms,0,0,0
3E0J305,"Introduction of Other Antineoplastic into Biliary and Pancreatic Tract, Percutaneous Approach",PR,malignancy,Neoplasms,0,0,0
3E0J3U0,"Introduction of Autologous Pancreatic Islet Cells into Biliary and Pancreatic Tract, Percutaneous Approach",PR,GI,Transplantation,0,0,1
3E0J3U0,"Introduction of Autologous Pancreatic Islet Cells into Biliary and Pancreatic Tract, Percutaneous Approach",PR,transplant,,0,0,1
3E0J3U1,"Introduction of Nonautologous Pancreatic Islet Cells into Biliary and Pancreatic Tract, Percutaneous Approach",PR,GI,Transplantation,0,0,1
3E0J3U1,"Introduction of Nonautologous Pancreatic Islet Cells into Biliary and Pancreatic Tract, Percutaneous Approach",PR,transplant,,0,0,1
3E0J705,"Introduction of Other Antineoplastic into Biliary and Pancreatic Tract, Via Natural or Artificial Opening",PR,malignancy,Neoplasms,0,0,0
3E0J7U0,"Introduction of Autologous Pancreatic Islet Cells into Biliary and Pancreatic Tract, Via Natural or Artificial Opening",PR,GI,Transplantation,0,0,1
3E0J7U0,"Introduction of Autologous Pancreatic Islet Cells into Biliary and Pancreatic Tract, Via Natural or Artificial Opening",PR,transplant,,0,0,1
3E0J7U1,"Introduction of Nonautologous Pancreatic Islet Cells into Biliary and Pancreatic Tract, Via Natural or Artificial Opening",PR,GI,Transplantation,0,0,1
3E0J7U1,"Introduction of Nonautologous Pancreatic Islet Cells into Biliary and Pancreatic Tract, Via Natural or Artificial Opening",PR,transplant,,0,0,1
3E0J805,"Introduction of Other Antineoplastic into Biliary and Pancreatic Tract, Via Natural or Artificial Opening Endoscopic",PR,malignancy,Neoplasms,0,0,0
3E0J8U0,"Introduction of Autologous Pancreatic Islet Cells into Biliary and Pancreatic Tract, Via Natural or Artificial Opening Endoscopic",PR,GI,Transplantation,0,0,1
3E0J8U0,"Introduction of Autologous Pancreatic Islet Cells into Biliary and Pancreatic Tract, Via Natural or Artificial Opening Endoscopic",PR,transplant,,0,0,1
3E0J8U1,"Introduction of Nonautologous Pancreatic Islet Cells into Biliary and Pancreatic Tract, Via Natural or Artificial Opening Endoscopic",PR,GI,Transplantation,0,0,1
3E0J8U1,"Introduction of Nonautologous Pancreatic Islet Cells into Biliary and Pancreatic Tract, Via Natural or Artificial Opening Endoscopic",PR,transplant,,0,0,1
3E0K305,"Introduction of Other Antineoplastic into Genitourinary Tract, Percutaneous Approach",PR,malignancy,Neoplasms,0,0,0
3E0K705,"Introduction of Other Antineoplastic into Genitourinary Tract, Via Natural or Artificial Opening",PR,malignancy,Neoplasms,0,0,0
3E0K805,"Introduction of Other Antineoplastic into Genitourinary Tract, Via Natural or Artificial Opening Endoscopic",PR,malignancy,Neoplasms,0,0,0
3E0L305,"Introduction of Other Antineoplastic into Pleural Cavity, Percutaneous Approach",PR,malignancy,Neoplasms,0,0,0
3E0L705,"Introduction of Other Antineoplastic into Pleural Cavity, Via Natural or Artificial Opening",PR,malignancy,Neoplasms,0,0,0
3E0M305,"Introduction of Other Antineoplastic into Peritoneal Cavity, Percutaneous Approach",PR,malignancy,Neoplasms,0,0,0
3E0M705,"Introduction of Other Antineoplastic into Peritoneal Cavity, Via Natural or Artificial Opening",PR,malignancy,Neoplasms,0,0,0
3E0N305,"Introduction of Other Antineoplastic into Male Reproductive, Percutaneous Approach",PR,malignancy,Neoplasms,0,0,0
3E0N705,"Introduction of Other Antineoplastic into Male Reproductive, Via Natural or Artificial Opening",PR,malignancy,Neoplasms,0,0,0
3E0N805,"Introduction of Other Antineoplastic into Male Reproductive, Via Natural or Artificial Opening Endoscopic",PR,malignancy,Neoplasms,0,0,0
3E0P305,"Introduction of Other Antineoplastic into Female Reproductive, Percutaneous Approach",PR,malignancy,Neoplasms,0,0,0
3E0P705,"Introduction of Other Antineoplastic into Female Reproductive, Via Natural or Artificial Opening",PR,malignancy,Neoplasms,0,0,0
3E0P805,"Introduction of Other Antineoplastic into Female Reproductive, Via Natural or Artificial Opening Endoscopic",PR,malignancy,Neoplasms,0,0,0
3E0Q305,"Introduction of Other Antineoplastic into Cranial Cavity and Brain, Percutaneous Approach",PR,malignancy,Neoplasms,0,0,0
3E0Q705,"Introduction of Other Antineoplastic into Cranial Cavity and Brain, Via Natural or Artificial Opening",PR,malignancy,Neoplasms,0,0,0
3E0R305,"Introduction of Other Antineoplastic into Spinal Canal, Percutaneous Approach",PR,malignancy,Neoplasms,0,0,0
3E0S305,"Introduction of Other Antineoplastic into Epidural Space, Percutaneous Approach",PR,malignancy,Neoplasms,0,0,0
3E0V305,"Introduction of Other Antineoplastic into Bones, Percutaneous Approach",PR,malignancy,Neoplasms,0,0,0
3E0W305,"Introduction of Other Antineoplastic into Lymphatics, Percutaneous Approach",PR,malignancy,Neoplasms,0,0,0
3E0Y305,"Introduction of Other Antineoplastic into Pericardial Cavity, Percutaneous Approach",PR,malignancy,Neoplasms,0,0,0
3E0Y705,"Introduction of Other Antineoplastic into Pericardial Cavity, Via Natural or Artificial Opening",PR,malignancy,Neoplasms,0,0,0
3E1F78Z,"Irrigation of Respiratory Tract using Irrigating Substance, Via Natural or Artificial Opening",PR,Respiratory,Device & Technology Use,0,1,0
3E1G78Z,"Irrigation of Upper GI using Irrigating Substance, Via Natural or Artificial Opening",PR,GI,Device & Technology Use,0,1,0
3E1H78Z,"Irrigation of Lower GI using Irrigating Substance, Via Natural or Artificial Opening",PR,GI,Device & Technology Use,0,1,0
3E1K38Z,"Irrigation of Genitourinary Tract using Irrigating Substance, Percutaneous Approach",PR,renal ,Device & Technology Use,0,1,0
3E1M39Z,"Irrigation of Peritoneal Cavity using Dialysate, Percutaneous Approach",PR,renal ,Device & Technology Use,0,1,0
3E1Q38X,"Irrigation of Cranial Cavity and Brain using Irrigating Substance, Percutaneous Approach, Diagnostic",PR,neuromusc,Device & Technology Use,0,1,0
3E1Q38Z,"Irrigation of Cranial Cavity and Brain using Irrigating Substance, Percutaneous Approach",PR,neuromusc,Device & Technology Use,0,1,0
42769,Other premature beats,DX,cvd,Dysrhythmias,9,0,0
4281,Left heart failure,DX,cvd,Other Cardiovascular,9,0,0
42822,"Systolic heart failure, chronic",DX,cvd,Other Cardiovascular,9,0,0
42823,"Systolic heart failure, acute on chronic",DX,cvd,Other Cardiovascular,9,0,0
42832,"Diastolic heart failure, chronic",DX,cvd,Other Cardiovascular,9,0,0
42833,"Diastolic heart failure, acute on chronic",DX,cvd,Other Cardiovascular,9,0,0
42842,"Combined systolic and diastolic heart failure, chronic",DX,cvd,Other Cardiovascular,9,0,0
42843,"Combined systolic and diastolic heart failure, acute on chronic",DX,cvd,Other Cardiovascular,9,0,0
4289,"Heart failure, unspecified",DX,cvd,Other Cardiovascular,9,0,0
43301,Occlusion and stenosis of basilar artery with cerebral infarction,DX,neuromusc,Occlusion of cerebral arteries,9,0,0
43321,Occlusion and stenosis of vertebral artery with cerebral infarction,DX,neuromusc,Occlusion of cerebral arteries,9,0,0
43331,Occlusion and stenosis of multiple and bilateral precerebral artery with cerebral infarction,DX,neuromusc,Occlusion of cerebral arteries,9,0,0
43381,Occlusion and stenosis of other specified precerebral artery with cerebral infarction,DX,neuromusc,Occlusion of cerebral arteries,9,0,0
43391,Occlusion and stenosis of unspecified precerebral artery with cerebral infarction,DX,neuromusc,Occlusion of cerebral arteries,9,0,0
43401,Cerebral thrombosis with cerebral infarction,DX,neuromusc,Occlusion of cerebral arteries,9,0,0
43411,Cerebral embolism with cerebral infarction,DX,neuromusc,Occlusion of cerebral arteries,9,0,0
43491,"Cerebral artery occlusion, unspecified with cerebral infarction",DX,neuromusc,Occlusion of cerebral arteries,9,0,0
4B02XSZ,"Measurement of Cardiac Pacemaker, External Approach",PR,cvd,Device & Technology Use,0,1,0
4B02XTZ,"Measurement of Cardiac Defibrillator, External Approach",PR,cvd,Device & Technology Use,0,1,0
5A02110,"Assistance with Cardiac Output using Balloon Pump, Intermittent",PR,cvd,Device & Technology Use,0,1,0
5A02116,"Assistance with Cardiac Output using Other Pump, Intermittent",PR,cvd,Device & Technology Use,0,1,0
5A0211D,"Assistance with Cardiac Output using Impeller Pump, Intermittent",PR,cvd,Device & Technology Use,0,1,0
5A02210,"Assistance with Cardiac Output using Balloon Pump, Continuous",PR,cvd,Device & Technology Use,0,1,0
5A02216,"Assistance with Cardiac Output using Other Pump, Continuous",PR,cvd,Device & Technology Use,0,1,0
5A0221D,"Assistance with Cardiac Output using Impeller Pump, Continuous",PR,cvd,Device & Technology Use,0,1,0
5A1D60Z,"Performance of Urinary Filtration, Multiple",PR,renal ,Device & Technology Use,0,1,0
5A1D70Z,"Performance of Urinary Filtration, Intermittent, Less than 6 Hours Per Day",PR,renal ,Device & Technology Use,0,1,0
5A1D80Z,"Performance of Urinary Filtration, Prolonged Intermittent, 6-18 hours Per Day",PR,renal ,Device & Technology Use,0,1,0
5A1D90Z,"Performance of Urinary Filtration, Continuous, Greater than 18 hours Per Day",PR,renal ,Device & Technology Use,0,1,0
6242,Removal of remaining testis,PR,metabolic,Endocrine disorders,9,0,0
6552,Other removal of remaining ovary,PR,metabolic,Endocrine disorders,9,0,0
6554,Laparoscopic removal remaining ovary,PR,metabolic,Endocrine disorders,9,0,0
6562,Other removal remaining ovary and tube,PR,metabolic,Endocrine disorders,9,0,0
6564,Laparoscopic removal of remaining ovary and tube,PR,metabolic,Endocrine disorders,9,0,0
74253,Hydromyelia,DX,neuromusc,Brain and Spinal Cord Malformations ,9,0,0
B20,Human immunodeficiency virus [HIV] disease,DX,hemato_immu,Acquired immunodeficiency,0,0,0
C000,Malignant neoplasm of external upper lip,DX,malignancy,Neoplasms,0,0,0
C001,Malignant neoplasm of external lower lip,DX,malignancy,Neoplasms,0,0,0
C002,"Malignant neoplasm of external lip, unspecified",DX,malignancy,Neoplasms,0,0,0
C003,"Malignant neoplasm of upper lip, inner aspect",DX,malignancy,Neoplasms,0,0,0
C004,"Malignant neoplasm of lower lip, inner aspect",DX,malignancy,Neoplasms,0,0,0
C005,"Malignant neoplasm of lip, unspecified, inner aspect",DX,malignancy,Neoplasms,0,0,0
C006,"Malignant neoplasm of commissure of lip, unspecified",DX,malignancy,Neoplasms,0,0,0
C008,Malignant neoplasm of overlapping sites of lip,DX,malignancy,Neoplasms,0,0,0
C009,"Malignant neoplasm of lip, unspecified",DX,malignancy,Neoplasms,0,0,0
C01,Malignant neoplasm of base of tongue,DX,malignancy,Neoplasms,0,0,0
C020,Malignant neoplasm of dorsal surface of tongue,DX,malignancy,Neoplasms,0,0,0
C021,Malignant neoplasm of border of tongue,DX,malignancy,Neoplasms,0,0,0
C022,Malignant neoplasm of ventral surface of tongue,DX,malignancy,Neoplasms,0,0,0
C023,"Malignant neoplasm of anterior two-thirds of tongue, part unspecified",DX,malignancy,Neoplasms,0,0,0
C024,Malignant neoplasm of lingual tonsil,DX,malignancy,Neoplasms,0,0,0
C028,Malignant neoplasm of overlapping sites of tongue,DX,malignancy,Neoplasms,0,0,0
C029,"Malignant neoplasm of tongue, unspecified",DX,malignancy,Neoplasms,0,0,0
C030,Malignant neoplasm of upper gum,DX,malignancy,Neoplasms,0,0,0
C031,Malignant neoplasm of lower gum,DX,malignancy,Neoplasms,0,0,0
C039,"Malignant neoplasm of gum, unspecified",DX,malignancy,Neoplasms,0,0,0
C040,Malignant neoplasm of anterior floor of mouth,DX,malignancy,Neoplasms,0,0,0
C041,Malignant neoplasm of lateral floor of mouth,DX,malignancy,Neoplasms,0,0,0
C048,Malignant neoplasm of overlapping sites of floor of mouth,DX,malignancy,Neoplasms,0,0,0
C049,"Malignant neoplasm of floor of mouth, unspecified",DX,malignancy,Neoplasms,0,0,0
C050,Malignant neoplasm of hard palate,DX,malignancy,Neoplasms,0,0,0
C051,Malignant neoplasm of soft palate,DX,malignancy,Neoplasms,0,0,0
C052,Malignant neoplasm of uvula,DX,malignancy,Neoplasms,0,0,0
C058,Malignant neoplasm of overlapping sites of palate,DX,malignancy,Neoplasms,0,0,0
C059,"Malignant neoplasm of palate, unspecified",DX,malignancy,Neoplasms,0,0,0
C060,Malignant neoplasm of cheek mucosa,DX,malignancy,Neoplasms,0,0,0
C061,Malignant neoplasm of vestibule of mouth,DX,malignancy,Neoplasms,0,0,0
C062,Malignant neoplasm of retromolar area,DX,malignancy,Neoplasms,0,0,0
C0680,Malignant neoplasm of overlapping sites of unspecified parts of mouth,DX,malignancy,Neoplasms,0,0,0
C0689,Malignant neoplasm of overlapping sites of other parts of mouth,DX,malignancy,Neoplasms,0,0,0
C069,"Malignant neoplasm of mouth, unspecified",DX,malignancy,Neoplasms,0,0,0
C07,Malignant neoplasm of parotid gland,DX,malignancy,Neoplasms,0,0,0
C080,Malignant neoplasm of submandibular gland,DX,malignancy,Neoplasms,0,0,0
C081,Malignant neoplasm of sublingual gland,DX,malignancy,Neoplasms,0,0,0
C089,"Malignant neoplasm of major salivary gland, unspecified",DX,malignancy,Neoplasms,0,0,0
C090,Malignant neoplasm of tonsillar fossa,DX,malignancy,Neoplasms,0,0,0
C091,Malignant neoplasm of tonsillar pillar (anterior) (posterior),DX,malignancy,Neoplasms,0,0,0
C098,Malignant neoplasm of overlapping sites of tonsil,DX,malignancy,Neoplasms,0,0,0
C099,"Malignant neoplasm of tonsil, unspecified",DX,malignancy,Neoplasms,0,0,0
C100,Malignant neoplasm of vallecula,DX,malignancy,Neoplasms,0,0,0
C101,Malignant neoplasm of anterior surface of epiglottis,DX,malignancy,Neoplasms,0,0,0
C102,Malignant neoplasm of lateral wall of oropharynx,DX,malignancy,Neoplasms,0,0,0
C103,Malignant neoplasm of posterior wall of oropharynx,DX,malignancy,Neoplasms,0,0,0
C104,Malignant neoplasm of branchial cleft,DX,malignancy,Neoplasms,0,0,0
C108,Malignant neoplasm of overlapping sites of oropharynx,DX,malignancy,Neoplasms,0,0,0
C109,"Malignant neoplasm of oropharynx, unspecified",DX,malignancy,Neoplasms,0,0,0
C110,Malignant neoplasm of superior wall of nasopharynx,DX,malignancy,Neoplasms,0,0,0
C111,Malignant neoplasm of posterior wall of nasopharynx,DX,malignancy,Neoplasms,0,0,0
C112,Malignant neoplasm of lateral wall of nasopharynx,DX,malignancy,Neoplasms,0,0,0
C113,Malignant neoplasm of anterior wall of nasopharynx,DX,malignancy,Neoplasms,0,0,0
C118,Malignant neoplasm of overlapping sites of nasopharynx,DX,malignancy,Neoplasms,0,0,0
C119,"Malignant neoplasm of nasopharynx, unspecified",DX,malignancy,Neoplasms,0,0,0
C12,Malignant neoplasm of pyriform sinus,DX,malignancy,Neoplasms,0,0,0
C130,Malignant neoplasm of postcricoid region,DX,malignancy,Neoplasms,0,0,0
C131,"Malignant neoplasm of aryepiglottic fold, hypopharyngeal aspect",DX,malignancy,Neoplasms,0,0,0
C132,Malignant neoplasm of posterior wall of hypopharynx,DX,malignancy,Neoplasms,0,0,0
C138,Malignant neoplasm of overlapping sites of hypopharynx,DX,malignancy,Neoplasms,0,0,0
C139,"Malignant neoplasm of hypopharynx, unspecified",DX,malignancy,Neoplasms,0,0,0
C140,"Malignant neoplasm of pharynx, unspecified",DX,malignancy,Neoplasms,0,0,0
C142,Malignant neoplasm of Waldeyer's ring,DX,malignancy,Neoplasms,0,0,0
C148,"Malignant neoplasm of overlapping sites of lip, oral cavity and pharynx",DX,malignancy,Neoplasms,0,0,0
C153,Malignant neoplasm of upper third of esophagus,DX,malignancy,Neoplasms,0,0,0
C154,Malignant neoplasm of middle third of esophagus,DX,malignancy,Neoplasms,0,0,0
C155,Malignant neoplasm of lower third of esophagus,DX,malignancy,Neoplasms,0,0,0
C158,Malignant neoplasm of overlapping sites of esophagus,DX,malignancy,Neoplasms,0,0,0
C159,"Malignant neoplasm of esophagus, unspecified",DX,malignancy,Neoplasms,0,0,0
C160,Malignant neoplasm of cardia,DX,malignancy,Neoplasms,0,0,0
C161,Malignant neoplasm of fundus of stomach,DX,malignancy,Neoplasms,0,0,0
C162,Malignant neoplasm of body of stomach,DX,malignancy,Neoplasms,0,0,0
C163,Malignant neoplasm of pyloric antrum,DX,malignancy,Neoplasms,0,0,0
C164,Malignant neoplasm of pylorus,DX,malignancy,Neoplasms,0,0,0
C165,"Malignant neoplasm of lesser curvature of stomach, unspecified",DX,malignancy,Neoplasms,0,0,0
C166,"Malignant neoplasm of greater curvature of stomach, unspecified",DX,malignancy,Neoplasms,0,0,0
C168,Malignant neoplasm of overlapping sites of stomach,DX,malignancy,Neoplasms,0,0,0
C169,"Malignant neoplasm of stomach, unspecified",DX,malignancy,Neoplasms,0,0,0
C170,Malignant neoplasm of duodenum,DX,malignancy,Neoplasms,0,0,0
C171,Malignant neoplasm of jejunum,DX,malignancy,Neoplasms,0,0,0
C172,Malignant neoplasm of ileum,DX,malignancy,Neoplasms,0,0,0
C173,"Meckel's diverticulum, malignant",DX,malignancy,Neoplasms,0,0,0
C178,Malignant neoplasm of overlapping sites of small intestine,DX,malignancy,Neoplasms,0,0,0
C179,"Malignant neoplasm of small intestine, unspecified",DX,malignancy,Neoplasms,0,0,0
C180,Malignant neoplasm of cecum,DX,malignancy,Neoplasms,0,0,0
C181,Malignant neoplasm of appendix,DX,malignancy,Neoplasms,0,0,0
C182,Malignant neoplasm of ascending colon,DX,malignancy,Neoplasms,0,0,0
C183,Malignant neoplasm of hepatic flexure,DX,malignancy,Neoplasms,0,0,0
C184,Malignant neoplasm of transverse colon,DX,malignancy,Neoplasms,0,0,0
C185,Malignant neoplasm of splenic flexure,DX,malignancy,Neoplasms,0,0,0
C186,Malignant neoplasm of descending colon,DX,malignancy,Neoplasms,0,0,0
C187,Malignant neoplasm of sigmoid colon,DX,malignancy,Neoplasms,0,0,0
C188,Malignant neoplasm of overlapping sites of colon,DX,malignancy,Neoplasms,0,0,0
C189,"Malignant neoplasm of colon, unspecified",DX,malignancy,Neoplasms,0,0,0
C19,Malignant neoplasm of rectosigmoid junction,DX,malignancy,Neoplasms,0,0,0
C20,Malignant neoplasm of rectum,DX,malignancy,Neoplasms,0,0,0
C210,"Malignant neoplasm of anus, unspecified",DX,malignancy,Neoplasms,0,0,0
C211,Malignant neoplasm of anal canal,DX,malignancy,Neoplasms,0,0,0
C212,Malignant neoplasm of cloacogenic zone,DX,malignancy,Neoplasms,0,0,0
C218,"Malignant neoplasm of overlapping sites of rectum, anus and anal canal",DX,malignancy,Neoplasms,0,0,0
C220,Liver cell carcinoma,DX,malignancy,Neoplasms,0,0,0
C221,Intrahepatic bile duct carcinoma,DX,malignancy,Neoplasms,0,0,0
C222,Hepatoblastoma,DX,malignancy,Neoplasms,0,0,0
C223,Angiosarcoma of liver,DX,malignancy,Neoplasms,0,0,0
C224,Other sarcomas of liver,DX,malignancy,Neoplasms,0,0,0
C227,Other specified carcinomas of liver,DX,malignancy,Neoplasms,0,0,0
C228,"Malignant neoplasm of liver, primary, unspecified as to type",DX,malignancy,Neoplasms,0,0,0
C229,"Malignant neoplasm of liver, not specified as primary or secondary",DX,malignancy,Neoplasms,0,0,0
C23,Malignant neoplasm of gallbladder,DX,malignancy,Neoplasms,0,0,0
C240,Malignant neoplasm of extrahepatic bile duct,DX,malignancy,Neoplasms,0,0,0
C241,Malignant neoplasm of ampulla of Vater,DX,malignancy,Neoplasms,0,0,0
C248,Malignant neoplasm of overlapping sites of biliary tract,DX,malignancy,Neoplasms,0,0,0
C249,"Malignant neoplasm of biliary tract, unspecified",DX,malignancy,Neoplasms,0,0,0
C250,Malignant neoplasm of head of pancreas,DX,malignancy,Neoplasms,0,0,0
C251,Malignant neoplasm of body of pancreas,DX,malignancy,Neoplasms,0,0,0
C252,Malignant neoplasm of tail of pancreas,DX,malignancy,Neoplasms,0,0,0
C253,Malignant neoplasm of pancreatic duct,DX,malignancy,Neoplasms,0,0,0
C254,Malignant neoplasm of endocrine pancreas,DX,malignancy,Neoplasms,0,0,0
C257,Malignant neoplasm of other parts of pancreas,DX,malignancy,Neoplasms,0,0,0
C258,Malignant neoplasm of overlapping sites of pancreas,DX,malignancy,Neoplasms,0,0,0
C259,"Malignant neoplasm of pancreas, unspecified",DX,malignancy,Neoplasms,0,0,0
C260,"Malignant neoplasm of intestinal tract, part unspecified",DX,malignancy,Neoplasms,0,0,0
C261,Malignant neoplasm of spleen,DX,malignancy,Neoplasms,0,0,0
C269,Malignant neoplasm of ill-defined sites within the digestive system,DX,malignancy,Neoplasms,0,0,0
C300,Malignant neoplasm of nasal cavity,DX,malignancy,Neoplasms,0,0,0
C301,Malignant neoplasm of middle ear,DX,malignancy,Neoplasms,0,0,0
C310,Malignant neoplasm of maxillary sinus,DX,malignancy,Neoplasms,0,0,0
C311,Malignant neoplasm of ethmoidal sinus,DX,malignancy,Neoplasms,0,0,0
C312,Malignant neoplasm of frontal sinus,DX,malignancy,Neoplasms,0,0,0
C313,Malignant neoplasm of sphenoid sinus,DX,malignancy,Neoplasms,0,0,0
C318,Malignant neoplasm of overlapping sites of accessory sinuses,DX,malignancy,Neoplasms,0,0,0
C319,"Malignant neoplasm of accessory sinus, unspecified",DX,malignancy,Neoplasms,0,0,0
C320,Malignant neoplasm of glottis,DX,malignancy,Neoplasms,0,0,0
C321,Malignant neoplasm of supraglottis,DX,malignancy,Neoplasms,0,0,0
C322,Malignant neoplasm of subglottis,DX,malignancy,Neoplasms,0,0,0
C323,Malignant neoplasm of laryngeal cartilage,DX,malignancy,Neoplasms,0,0,0
C328,Malignant neoplasm of overlapping sites of larynx,DX,malignancy,Neoplasms,0,0,0
C329,"Malignant neoplasm of larynx, unspecified",DX,malignancy,Neoplasms,0,0,0
C33,Malignant neoplasm of trachea,DX,malignancy,Neoplasms,0,0,0
C3400,Malignant neoplasm of unspecified main bronchus,DX,malignancy,Neoplasms,0,0,0
C3401,Malignant neoplasm of right main bronchus,DX,malignancy,Neoplasms,0,0,0
C3402,Malignant neoplasm of left main bronchus,DX,malignancy,Neoplasms,0,0,0
C3410,"Malignant neoplasm of upper lobe, unspecified bronchus or lung",DX,malignancy,Neoplasms,0,0,0
C3411,"Malignant neoplasm of upper lobe, right bronchus or lung",DX,malignancy,Neoplasms,0,0,0
C3412,"Malignant neoplasm of upper lobe, left bronchus or lung",DX,malignancy,Neoplasms,0,0,0
C342,"Malignant neoplasm of middle lobe, bronchus or lung",DX,malignancy,Neoplasms,0,0,0
C3430,"Malignant neoplasm of lower lobe, unspecified bronchus or lung",DX,malignancy,Neoplasms,0,0,0
C3431,"Malignant neoplasm of lower lobe, right bronchus or lung",DX,malignancy,Neoplasms,0,0,0
C3432,"Malignant neoplasm of lower lobe, left bronchus or lung",DX,malignancy,Neoplasms,0,0,0
C3480,Malignant neoplasm of overlapping sites of unspecified bronchus and lung,DX,malignancy,Neoplasms,0,0,0
C3481,Malignant neoplasm of overlapping sites of right bronchus and lung,DX,malignancy,Neoplasms,0,0,0
C3482,Malignant neoplasm of overlapping sites of left bronchus and lung,DX,malignancy,Neoplasms,0,0,0
C3490,Malignant neoplasm of unspecified part of unspecified bronchus or lung,DX,malignancy,Neoplasms,0,0,0
C3491,Malignant neoplasm of unspecified part of right bronchus or lung,DX,malignancy,Neoplasms,0,0,0
C3492,Malignant neoplasm of unspecified part of left bronchus or lung,DX,malignancy,Neoplasms,0,0,0
C37,Malignant neoplasm of thymus,DX,malignancy,Neoplasms,0,0,0
C380,Malignant neoplasm of heart,DX,malignancy,Neoplasms,0,0,0
C381,Malignant neoplasm of anterior mediastinum,DX,malignancy,Neoplasms,0,0,0
C382,Malignant neoplasm of posterior mediastinum,DX,malignancy,Neoplasms,0,0,0
C383,"Malignant neoplasm of mediastinum, part unspecified",DX,malignancy,Neoplasms,0,0,0
C384,Malignant neoplasm of pleura,DX,malignancy,Neoplasms,0,0,0
C388,"Malignant neoplasm of overlapping sites of heart, mediastinum and pleura",DX,malignancy,Neoplasms,0,0,0
C390,"Malignant neoplasm of upper respiratory tract, part unspecified",DX,malignancy,Neoplasms,0,0,0
C399,"Malignant neoplasm of lower respiratory tract, part unspecified",DX,malignancy,Neoplasms,0,0,0
C4000,Malignant neoplasm of scapula and long bones of unspecified upper limb,DX,malignancy,Neoplasms,0,0,0
C4001,Malignant neoplasm of scapula and long bones of right upper limb,DX,malignancy,Neoplasms,0,0,0
C4002,Malignant neoplasm of scapula and long bones of left upper limb,DX,malignancy,Neoplasms,0,0,0
C4010,Malignant neoplasm of short bones of unspecified upper limb,DX,malignancy,Neoplasms,0,0,0
C4011,Malignant neoplasm of short bones of right upper limb,DX,malignancy,Neoplasms,0,0,0
C4012,Malignant neoplasm of short bones of left upper limb,DX,malignancy,Neoplasms,0,0,0
C4020,Malignant neoplasm of long bones of unspecified lower limb,DX,malignancy,Neoplasms,0,0,0
C4021,Malignant neoplasm of long bones of right lower limb,DX,malignancy,Neoplasms,0,0,0
C4022,Malignant neoplasm of long bones of left lower limb,DX,malignancy,Neoplasms,0,0,0
C4030,Malignant neoplasm of short bones of unspecified lower limb,DX,malignancy,Neoplasms,0,0,0
C4031,Malignant neoplasm of short bones of right lower limb,DX,malignancy,Neoplasms,0,0,0
C4032,Malignant neoplasm of short bones of left lower limb,DX,malignancy,Neoplasms,0,0,0
C4080,Malignant neoplasm of overlapping sites of bone and articular cartilage of unspecified limb,DX,malignancy,Neoplasms,0,0,0
C4081,Malignant neoplasm of overlapping sites of bone and articular cartilage of right limb,DX,malignancy,Neoplasms,0,0,0
C4082,Malignant neoplasm of overlapping sites of bone and articular cartilage of left limb,DX,malignancy,Neoplasms,0,0,0
C4090,Malignant neoplasm of unspecified bones and articular cartilage of unspecified limb,DX,malignancy,Neoplasms,0,0,0
C4091,Malignant neoplasm of unspecified bones and articular cartilage of right limb,DX,malignancy,Neoplasms,0,0,0
C4092,Malignant neoplasm of unspecified bones and articular cartilage of left limb,DX,malignancy,Neoplasms,0,0,0
C410,Malignant neoplasm of bones of skull and face,DX,malignancy,Neoplasms,0,0,0
C411,Malignant neoplasm of mandible,DX,malignancy,Neoplasms,0,0,0
C412,Malignant neoplasm of vertebral column,DX,malignancy,Neoplasms,0,0,0
C413,"Malignant neoplasm of ribs, sternum and clavicle",DX,malignancy,Neoplasms,0,0,0
C414,"Malignant neoplasm of pelvic bones, sacrum and coccyx",DX,malignancy,Neoplasms,0,0,0
C419,"Malignant neoplasm of bone and articular cartilage, unspecified",DX,malignancy,Neoplasms,0,0,0
C430,Malignant melanoma of lip,DX,malignancy,Neoplasms,0,0,0
C4310,"Malignant melanoma of unspecified eyelid, including canthus",DX,malignancy,Neoplasms,0,0,0
C4311,"Malignant melanoma of right eyelid, including canthus",DX,malignancy,Neoplasms,0,0,0
C43111,"Malignant melanoma of right upper eyelid, including canthus",DX,malignancy,Neoplasms,0,0,0
C43112,"Malignant melanoma of right lower eyelid, including canthus",DX,malignancy,Neoplasms,0,0,0
C4312,"Malignant melanoma of left eyelid, including canthus",DX,malignancy,Neoplasms,0,0,0
C43121,"Malignant melanoma of left upper eyelid, including canthus",DX,malignancy,Neoplasms,0,0,0
C43122,"Malignant melanoma of left lower eyelid, including canthus",DX,malignancy,Neoplasms,0,0,0
C4320,Malignant melanoma of unspecified ear and external auricular canal,DX,malignancy,Neoplasms,0,0,0
C4321,Malignant melanoma of right ear and external auricular canal,DX,malignancy,Neoplasms,0,0,0
C4322,Malignant melanoma of left ear and external auricular canal,DX,malignancy,Neoplasms,0,0,0
C4330,Malignant melanoma of unspecified part of face,DX,malignancy,Neoplasms,0,0,0
C4331,Malignant melanoma of nose,DX,malignancy,Neoplasms,0,0,0
C4339,Malignant melanoma of other parts of face,DX,malignancy,Neoplasms,0,0,0
C434,Malignant melanoma of scalp and neck,DX,malignancy,Neoplasms,0,0,0
C4351,Malignant melanoma of anal skin,DX,malignancy,Neoplasms,0,0,0
C4352,Malignant melanoma of skin of breast,DX,malignancy,Neoplasms,0,0,0
C4359,Malignant melanoma of other part of trunk,DX,malignancy,Neoplasms,0,0,0
C4360,"Malignant melanoma of unspecified upper limb, including shoulder",DX,malignancy,Neoplasms,0,0,0
C4361,"Malignant melanoma of right upper limb, including shoulder",DX,malignancy,Neoplasms,0,0,0
C4362,"Malignant melanoma of left upper limb, including shoulder",DX,malignancy,Neoplasms,0,0,0
C4370,"Malignant melanoma of unspecified lower limb, including hip",DX,malignancy,Neoplasms,0,0,0
C4371,"Malignant melanoma of right lower limb, including hip",DX,malignancy,Neoplasms,0,0,0
C4372,"Malignant melanoma of left lower limb, including hip",DX,malignancy,Neoplasms,0,0,0
C438,Malignant melanoma of overlapping sites of skin,DX,malignancy,Neoplasms,0,0,0
C439,"Malignant melanoma of skin, unspecified",DX,malignancy,Neoplasms,0,0,0
C4400,Unspecified malignant neoplasm of skin of lip,DX,malignancy,Neoplasms,0,0,0
C4401,Basal cell carcinoma of skin of lip,DX,malignancy,Neoplasms,0,0,0
C4402,Squamous cell carcinoma of skin of lip,DX,malignancy,Neoplasms,0,0,0
C4409,Other specified malignant neoplasm of skin of lip,DX,malignancy,Neoplasms,0,0,0
C44101,"Unspecified malignant neoplasm of skin of unspecified eyelid, including canthus",DX,malignancy,Neoplasms,0,0,0
C44102,"Unspecified malignant neoplasm of skin of right eyelid, including canthus",DX,malignancy,Neoplasms,0,0,0
C441021,"Unspecified malignant neoplasm of skin of right upper eyelid, including canthus",DX,malignancy,Neoplasms,0,0,0
C441022,"Unspecified malignant neoplasm of skin of right lower eyelid, including canthus",DX,malignancy,Neoplasms,0,0,0
C44109,"Unspecified malignant neoplasm of skin of left eyelid, including canthus",DX,malignancy,Neoplasms,0,0,0
C441091,"Unspecified malignant neoplasm of skin of left upper eyelid, including canthus",DX,malignancy,Neoplasms,0,0,0
C441092,"Unspecified malignant neoplasm of skin of left lower eyelid, including canthus",DX,malignancy,Neoplasms,0,0,0
C44111,"Basal cell carcinoma of skin of unspecified eyelid, including canthus",DX,malignancy,Neoplasms,0,0,0
C44112,"Basal cell carcinoma of skin of right eyelid, including canthus",DX,malignancy,Neoplasms,0,0,0
C441121,"Basal cell carcinoma of skin of right upper eyelid, including canthus",DX,malignancy,Neoplasms,0,0,0
C441122,"Basal cell carcinoma of skin of right lower eyelid, including canthus",DX,malignancy,Neoplasms,0,0,0
C44119,"Basal cell carcinoma of skin of left eyelid, including canthus",DX,malignancy,Neoplasms,0,0,0
C441191,"Basal cell carcinoma of skin of left upper eyelid, including canthus",DX,malignancy,Neoplasms,0,0,0
C441192,"Basal cell carcinoma of skin of left lower eyelid, including canthus",DX,malignancy,Neoplasms,0,0,0
C44121,"Squamous cell carcinoma of skin of unspecified eyelid, including canthus",DX,malignancy,Neoplasms,0,0,0
C44122,"Squamous cell carcinoma of skin of right eyelid, including canthus",DX,malignancy,Neoplasms,0,0,0
C441221,"Squamous cell carcinoma of skin of right upper eyelid, including canthus",DX,malignancy,Neoplasms,0,0,0
C441222,"Squamous cell carcinoma of skin of right lower eyelid, including canthus",DX,malignancy,Neoplasms,0,0,0
C44129,"Squamous cell carcinoma of skin of left eyelid, including canthus",DX,malignancy,Neoplasms,0,0,0
C441291,"Squamous cell carcinoma of skin of left upper eyelid, including canthus",DX,malignancy,Neoplasms,0,0,0
C441292,"Squamous cell carcinoma of skin of left lower eyelid, including canthus",DX,malignancy,Neoplasms,0,0,0
C44131,"Sebaceous cell carcinoma of skin of unspecified eyelid, including canthus",DX,malignancy,Neoplasms,0,0,0
C441321,"Sebaceous cell carcinoma of skin of right upper eyelid, including canthus",DX,malignancy,Neoplasms,0,0,0
C441322,"Sebaceous cell carcinoma of skin of right lower eyelid, including canthus",DX,malignancy,Neoplasms,0,0,0
C441391,"Sebaceous cell carcinoma of skin of left upper eyelid, including canthus",DX,malignancy,Neoplasms,0,0,0
C441392,"Sebaceous cell carcinoma of skin of left lower eyelid, including canthus",DX,malignancy,Neoplasms,0,0,0
C44191,"Other specified malignant neoplasm of skin of unspecified eyelid, including canthus",DX,malignancy,Neoplasms,0,0,0
C44192,"Other specified malignant neoplasm of skin of right eyelid, including canthus",DX,malignancy,Neoplasms,0,0,0
C441921,"Other specified malignant neoplasm of skin of right upper eyelid, including canthus",DX,malignancy,Neoplasms,0,0,0
C441922,"Other specified malignant neoplasm of skin of right lower eyelid, including canthus",DX,malignancy,Neoplasms,0,0,0
C44199,"Other specified malignant neoplasm of skin of left eyelid, including canthus",DX,malignancy,Neoplasms,0,0,0
C441991,"Other specified malignant neoplasm of skin of left upper eyelid, including canthus",DX,malignancy,Neoplasms,0,0,0
C441992,"Other specified malignant neoplasm of skin of left lower eyelid, including canthus",DX,malignancy,Neoplasms,0,0,0
C44201,Unspecified malignant neoplasm of skin of unspecified ear and external auricular canal,DX,malignancy,Neoplasms,0,0,0
C44202,Unspecified malignant neoplasm of skin of right ear and external auricular canal,DX,malignancy,Neoplasms,0,0,0
C44209,Unspecified malignant neoplasm of skin of left ear and external auricular canal,DX,malignancy,Neoplasms,0,0,0
C44211,Basal cell carcinoma of skin of unspecified ear and external auricular canal,DX,malignancy,Neoplasms,0,0,0
C44212,Basal cell carcinoma of skin of right ear and external auricular canal,DX,malignancy,Neoplasms,0,0,0
C44219,Basal cell carcinoma of skin of left ear and external auricular canal,DX,malignancy,Neoplasms,0,0,0
C44221,Squamous cell carcinoma of skin of unspecified ear and external auricular canal,DX,malignancy,Neoplasms,0,0,0
C44222,Squamous cell carcinoma of skin of right ear and external auricular canal,DX,malignancy,Neoplasms,0,0,0
C44229,Squamous cell carcinoma of skin of left ear and external auricular canal,DX,malignancy,Neoplasms,0,0,0
C44291,Other specified malignant neoplasm of skin of unspecified ear and external auricular canal,DX,malignancy,Neoplasms,0,0,0
C44292,Other specified malignant neoplasm of skin of right ear and external auricular canal,DX,malignancy,Neoplasms,0,0,0
C44299,Other specified malignant neoplasm of skin of left ear and external auricular canal,DX,malignancy,Neoplasms,0,0,0
C44300,Unspecified malignant neoplasm of skin of unspecified part of face,DX,malignancy,Neoplasms,0,0,0
C44301,Unspecified malignant neoplasm of skin of nose,DX,malignancy,Neoplasms,0,0,0
C44309,Unspecified malignant neoplasm of skin of other parts of face,DX,malignancy,Neoplasms,0,0,0
C44310,Basal cell carcinoma of skin of unspecified parts of face,DX,malignancy,Neoplasms,0,0,0
C44311,Basal cell carcinoma of skin of nose,DX,malignancy,Neoplasms,0,0,0
C44319,Basal cell carcinoma of skin of other parts of face,DX,malignancy,Neoplasms,0,0,0
C44320,Squamous cell carcinoma of skin of unspecified parts of face,DX,malignancy,Neoplasms,0,0,0
C44321,Squamous cell carcinoma of skin of nose,DX,malignancy,Neoplasms,0,0,0
C44329,Squamous cell carcinoma of skin of other parts of face,DX,malignancy,Neoplasms,0,0,0
C44390,Other specified malignant neoplasm of skin of unspecified parts of face,DX,malignancy,Neoplasms,0,0,0
C44391,Other specified malignant neoplasm of skin of nose,DX,malignancy,Neoplasms,0,0,0
C44399,Other specified malignant neoplasm of skin of other parts of face,DX,malignancy,Neoplasms,0,0,0
C4440,Unspecified malignant neoplasm of skin of scalp and neck,DX,malignancy,Neoplasms,0,0,0
C4441,Basal cell carcinoma of skin of scalp and neck,DX,malignancy,Neoplasms,0,0,0
C4442,Squamous cell carcinoma of skin of scalp and neck,DX,malignancy,Neoplasms,0,0,0
C4449,Other specified malignant neoplasm of skin of scalp and neck,DX,malignancy,Neoplasms,0,0,0
C44500,Unspecified malignant neoplasm of anal skin,DX,malignancy,Neoplasms,0,0,0
C44501,Unspecified malignant neoplasm of skin of breast,DX,malignancy,Neoplasms,0,0,0
C44509,Unspecified malignant neoplasm of skin of other part of trunk,DX,malignancy,Neoplasms,0,0,0
C44510,Basal cell carcinoma of anal skin,DX,malignancy,Neoplasms,0,0,0
C44511,Basal cell carcinoma of skin of breast,DX,malignancy,Neoplasms,0,0,0
C44519,Basal cell carcinoma of skin of other part of trunk,DX,malignancy,Neoplasms,0,0,0
C44520,Squamous cell carcinoma of anal skin,DX,malignancy,Neoplasms,0,0,0
C44521,Squamous cell carcinoma of skin of breast,DX,malignancy,Neoplasms,0,0,0
C44529,Squamous cell carcinoma of skin of other part of trunk,DX,malignancy,Neoplasms,0,0,0
C44590,Other specified malignant neoplasm of anal skin,DX,malignancy,Neoplasms,0,0,0
C44591,Other specified malignant neoplasm of skin of breast,DX,malignancy,Neoplasms,0,0,0
C44599,Other specified malignant neoplasm of skin of other part of trunk,DX,malignancy,Neoplasms,0,0,0
C44601,"Unspecified malignant neoplasm of skin of unspecified upper limb, including shoulder",DX,malignancy,Neoplasms,0,0,0
C44602,"Unspecified malignant neoplasm of skin of right upper limb, including shoulder",DX,malignancy,Neoplasms,0,0,0
C44609,"Unspecified malignant neoplasm of skin of left upper limb, including shoulder",DX,malignancy,Neoplasms,0,0,0
C44611,"Basal cell carcinoma of skin of unspecified upper limb, including shoulder",DX,malignancy,Neoplasms,0,0,0
C44612,"Basal cell carcinoma of skin of right upper limb, including shoulder",DX,malignancy,Neoplasms,0,0,0
C44619,"Basal cell carcinoma of skin of left upper limb, including shoulder",DX,malignancy,Neoplasms,0,0,0
C44621,"Squamous cell carcinoma of skin of unspecified upper limb, including shoulder",DX,malignancy,Neoplasms,0,0,0
C44622,"Squamous cell carcinoma of skin of right upper limb, including shoulder",DX,malignancy,Neoplasms,0,0,0
C44629,"Squamous cell carcinoma of skin of left upper limb, including shoulder",DX,malignancy,Neoplasms,0,0,0
C44691,"Other specified malignant neoplasm of skin of unspecified upper limb, including shoulder",DX,malignancy,Neoplasms,0,0,0
C44692,"Other specified malignant neoplasm of skin of right upper limb, including shoulder",DX,malignancy,Neoplasms,0,0,0
C44699,"Other specified malignant neoplasm of skin of left upper limb, including shoulder",DX,malignancy,Neoplasms,0,0,0
C44701,"Unspecified malignant neoplasm of skin of unspecified lower limb, including hip",DX,malignancy,Neoplasms,0,0,0
C44702,"Unspecified malignant neoplasm of skin of right lower limb, including hip",DX,malignancy,Neoplasms,0,0,0
C44709,"Unspecified malignant neoplasm of skin of left lower limb, including hip",DX,malignancy,Neoplasms,0,0,0
C44711,"Basal cell carcinoma of skin of unspecified lower limb, including hip",DX,malignancy,Neoplasms,0,0,0
C44712,"Basal cell carcinoma of skin of right lower limb, including hip",DX,malignancy,Neoplasms,0,0,0
C44719,"Basal cell carcinoma of skin of left lower limb, including hip",DX,malignancy,Neoplasms,0,0,0
C44721,"Squamous cell carcinoma of skin of unspecified lower limb, including hip",DX,malignancy,Neoplasms,0,0,0
C44722,"Squamous cell carcinoma of skin of right lower limb, including hip",DX,malignancy,Neoplasms,0,0,0
C44729,"Squamous cell carcinoma of skin of left lower limb, including hip",DX,malignancy,Neoplasms,0,0,0
C44791,"Other specified malignant neoplasm of skin of unspecified lower limb, including hip",DX,malignancy,Neoplasms,0,0,0
C44792,"Other specified malignant neoplasm of skin of right lower limb, including hip",DX,malignancy,Neoplasms,0,0,0
C44799,"Other specified malignant neoplasm of skin of left lower limb, including hip",DX,malignancy,Neoplasms,0,0,0
C4480,Unspecified malignant neoplasm of overlapping sites of skin,DX,malignancy,Neoplasms,0,0,0
C4481,Basal cell carcinoma of overlapping sites of skin,DX,malignancy,Neoplasms,0,0,0
C4482,Squamous cell carcinoma of overlapping sites of skin,DX,malignancy,Neoplasms,0,0,0
C4489,Other specified malignant neoplasm of overlapping sites of skin,DX,malignancy,Neoplasms,0,0,0
C4490,"Unspecified malignant neoplasm of skin, unspecified",DX,malignancy,Neoplasms,0,0,0
C4491,"Basal cell carcinoma of skin, unspecified",DX,malignancy,Neoplasms,0,0,0
C4492,"Squamous cell carcinoma of skin, unspecified",DX,malignancy,Neoplasms,0,0,0
C4499,"Other specified malignant neoplasm of skin, unspecified",DX,malignancy,Neoplasms,0,0,0
C450,Mesothelioma of pleura,DX,malignancy,Neoplasms,0,0,0
C451,Mesothelioma of peritoneum,DX,malignancy,Neoplasms,0,0,0
C452,Mesothelioma of pericardium,DX,malignancy,Neoplasms,0,0,0
C457,Mesothelioma of other sites,DX,malignancy,Neoplasms,0,0,0
C459,"Mesothelioma, unspecified",DX,malignancy,Neoplasms,0,0,0
C460,Kaposi's sarcoma of skin,DX,malignancy,Neoplasms,0,0,0
C461,Kaposi's sarcoma of soft tissue,DX,malignancy,Neoplasms,0,0,0
C462,Kaposi's sarcoma of palate,DX,malignancy,Neoplasms,0,0,0
C463,Kaposi's sarcoma of lymph nodes,DX,malignancy,Neoplasms,0,0,0
C464,Kaposi's sarcoma of gastrointestinal sites,DX,malignancy,Neoplasms,0,0,0
C4650,Kaposi's sarcoma of unspecified lung,DX,malignancy,Neoplasms,0,0,0
C4651,Kaposi's sarcoma of right lung,DX,malignancy,Neoplasms,0,0,0
C4652,Kaposi's sarcoma of left lung,DX,malignancy,Neoplasms,0,0,0
C467,Kaposi's sarcoma of other sites,DX,malignancy,Neoplasms,0,0,0
C469,"Kaposi's sarcoma, unspecified",DX,malignancy,Neoplasms,0,0,0
C470,"Malignant neoplasm of peripheral nerves of head, face and neck",DX,malignancy,Neoplasms,0,0,0
C4710,"Malignant neoplasm of peripheral nerves of unspecified upper limb, including shoulder",DX,malignancy,Neoplasms,0,0,0
C4711,"Malignant neoplasm of peripheral nerves of right upper limb, including shoulder",DX,malignancy,Neoplasms,0,0,0
C4712,"Malignant neoplasm of peripheral nerves of left upper limb, including shoulder",DX,malignancy,Neoplasms,0,0,0
C4720,"Malignant neoplasm of peripheral nerves of unspecified lower limb, including hip",DX,malignancy,Neoplasms,0,0,0
C4721,"Malignant neoplasm of peripheral nerves of right lower limb, including hip",DX,malignancy,Neoplasms,0,0,0
C4722,"Malignant neoplasm of peripheral nerves of left lower limb, including hip",DX,malignancy,Neoplasms,0,0,0
C473,Malignant neoplasm of peripheral nerves of thorax,DX,malignancy,Neoplasms,0,0,0
C474,Malignant neoplasm of peripheral nerves of abdomen,DX,malignancy,Neoplasms,0,0,0
C475,Malignant neoplasm of peripheral nerves of pelvis,DX,malignancy,Neoplasms,0,0,0
C476,"Malignant neoplasm of peripheral nerves of trunk, unspecified",DX,malignancy,Neoplasms,0,0,0
C478,Malignant neoplasm of overlapping sites of peripheral nerves and autonomic nervous system,DX,malignancy,Neoplasms,0,0,0
C479,"Malignant neoplasm of peripheral nerves and autonomic nervous system, unspecified",DX,malignancy,Neoplasms,0,0,0
C480,Malignant neoplasm of retroperitoneum,DX,malignancy,Neoplasms,0,0,0
C481,Malignant neoplasm of specified parts of peritoneum,DX,malignancy,Neoplasms,0,0,0
C482,"Malignant neoplasm of peritoneum, unspecified",DX,malignancy,Neoplasms,0,0,0
C488,Malignant neoplasm of overlapping sites of retroperitoneum and peritoneum,DX,malignancy,Neoplasms,0,0,0
C490,"Malignant neoplasm of connective and soft tissue of head, face and neck",DX,malignancy,Neoplasms,0,0,0
C4910,"Malignant neoplasm of connective and soft tissue of unspecified upper limb, including shoulder",DX,malignancy,Neoplasms,0,0,0
C4911,"Malignant neoplasm of connective and soft tissue of right upper limb, including shoulder",DX,malignancy,Neoplasms,0,0,0
C4912,"Malignant neoplasm of connective and soft tissue of left upper limb, including shoulder",DX,malignancy,Neoplasms,0,0,0
C4920,"Malignant neoplasm of connective and soft tissue of unspecified lower limb, including hip",DX,malignancy,Neoplasms,0,0,0
C4921,"Malignant neoplasm of connective and soft tissue of right lower limb, including hip",DX,malignancy,Neoplasms,0,0,0
C4922,"Malignant neoplasm of connective and soft tissue of left lower limb, including hip",DX,malignancy,Neoplasms,0,0,0
C493,Malignant neoplasm of connective and soft tissue of thorax,DX,malignancy,Neoplasms,0,0,0
C494,Malignant neoplasm of connective and soft tissue of abdomen,DX,malignancy,Neoplasms,0,0,0
C495,Malignant neoplasm of connective and soft tissue of pelvis,DX,malignancy,Neoplasms,0,0,0
C496,"Malignant neoplasm of connective and soft tissue of trunk, unspecified",DX,malignancy,Neoplasms,0,0,0
C498,Malignant neoplasm of overlapping sites of connective and soft tissue,DX,malignancy,Neoplasms,0,0,0
C499,"Malignant neoplasm of connective and soft tissue, unspecified",DX,malignancy,Neoplasms,0,0,0
C49A0,"Gastrointestinal stromal tumor, unspecified site",DX,malignancy,Neoplasms,0,0,0
C49A1,Gastrointestinal stromal tumor of esophagus,DX,malignancy,Neoplasms,0,0,0
C49A2,Gastrointestinal stromal tumor of stomach,DX,malignancy,Neoplasms,0,0,0
C49A3,Gastrointestinal stromal tumor of small intestine,DX,malignancy,Neoplasms,0,0,0
C49A4,Gastrointestinal stromal tumor of large intestine,DX,malignancy,Neoplasms,0,0,0
C49A5,Gastrointestinal stromal tumor of rectum,DX,malignancy,Neoplasms,0,0,0
C49A9,Gastrointestinal stromal tumor of other sites,DX,malignancy,Neoplasms,0,0,0
C4A0,Merkel cell carcinoma of lip,DX,malignancy,Neoplasms,0,0,0
C4A10,"Merkel cell carcinoma of unspecified eyelid, including canthus",DX,malignancy,Neoplasms,0,0,0
C4A11,"Merkel cell carcinoma of right eyelid, including canthus",DX,malignancy,Neoplasms,0,0,0
C4A111,"Merkel cell carcinoma of right upper eyelid, including canthus",DX,malignancy,Neoplasms,0,0,0
C4A112,"Merkel cell carcinoma of right lower eyelid, including canthus",DX,malignancy,Neoplasms,0,0,0
C4A12,"Merkel cell carcinoma of left eyelid, including canthus",DX,malignancy,Neoplasms,0,0,0
C4A121,"Merkel cell carcinoma of left upper eyelid, including canthus",DX,malignancy,Neoplasms,0,0,0
C4A122,"Merkel cell carcinoma of left lower eyelid, including canthus",DX,malignancy,Neoplasms,0,0,0
C4A20,Merkel cell carcinoma of unspecified ear and external auricular canal,DX,malignancy,Neoplasms,0,0,0
C4A21,Merkel cell carcinoma of right ear and external auricular canal,DX,malignancy,Neoplasms,0,0,0
C4A22,Merkel cell carcinoma of left ear and external auricular canal,DX,malignancy,Neoplasms,0,0,0
C4A30,Merkel cell carcinoma of unspecified part of face,DX,malignancy,Neoplasms,0,0,0
C4A31,Merkel cell carcinoma of nose,DX,malignancy,Neoplasms,0,0,0
C4A39,Merkel cell carcinoma of other parts of face,DX,malignancy,Neoplasms,0,0,0
C4A4,Merkel cell carcinoma of scalp and neck,DX,malignancy,Neoplasms,0,0,0
C4A51,Merkel cell carcinoma of anal skin,DX,malignancy,Neoplasms,0,0,0
C4A52,Merkel cell carcinoma of skin of breast,DX,malignancy,Neoplasms,0,0,0
C4A59,Merkel cell carcinoma of other part of trunk,DX,malignancy,Neoplasms,0,0,0
C4A60,"Merkel cell carcinoma of unspecified upper limb, including shoulder",DX,malignancy,Neoplasms,0,0,0
C4A61,"Merkel cell carcinoma of right upper limb, including shoulder",DX,malignancy,Neoplasms,0,0,0
C4A62,"Merkel cell carcinoma of left upper limb, including shoulder",DX,malignancy,Neoplasms,0,0,0
C4A70,"Merkel cell carcinoma of unspecified lower limb, including hip",DX,malignancy,Neoplasms,0,0,0
C4A71,"Merkel cell carcinoma of right lower limb, including hip",DX,malignancy,Neoplasms,0,0,0
C4A72,"Merkel cell carcinoma of left lower limb, including hip",DX,malignancy,Neoplasms,0,0,0
C4A8,Merkel cell carcinoma of overlapping sites,DX,malignancy,Neoplasms,0,0,0
C4A9,"Merkel cell carcinoma, unspecified",DX,malignancy,Neoplasms,0,0,0
C50011,"Malignant neoplasm of nipple and areola, right female breast",DX,malignancy,Neoplasms,0,0,0
C50012,"Malignant neoplasm of nipple and areola, left female breast",DX,malignancy,Neoplasms,0,0,0
C50019,"Malignant neoplasm of nipple and areola, unspecified female breast",DX,malignancy,Neoplasms,0,0,0
C50021,"Malignant neoplasm of nipple and areola, right male breast",DX,malignancy,Neoplasms,0,0,0
C50022,"Malignant neoplasm of nipple and areola, left male breast",DX,malignancy,Neoplasms,0,0,0
C50029,"Malignant neoplasm of nipple and areola, unspecified male breast",DX,malignancy,Neoplasms,0,0,0
C50111,Malignant neoplasm of central portion of right female breast,DX,malignancy,Neoplasms,0,0,0
C50112,Malignant neoplasm of central portion of left female breast,DX,malignancy,Neoplasms,0,0,0
C50119,Malignant neoplasm of central portion of unspecified female breast,DX,malignancy,Neoplasms,0,0,0
C50121,Malignant neoplasm of central portion of right male breast,DX,malignancy,Neoplasms,0,0,0
C50122,Malignant neoplasm of central portion of left male breast,DX,malignancy,Neoplasms,0,0,0
C50129,Malignant neoplasm of central portion of unspecified male breast,DX,malignancy,Neoplasms,0,0,0
C50211,Malignant neoplasm of upper-inner quadrant of right female breast,DX,malignancy,Neoplasms,0,0,0
C50212,Malignant neoplasm of upper-inner quadrant of left female breast,DX,malignancy,Neoplasms,0,0,0
C50219,Malignant neoplasm of upper-inner quadrant of unspecified female breast,DX,malignancy,Neoplasms,0,0,0
C50221,Malignant neoplasm of upper-inner quadrant of right male breast,DX,malignancy,Neoplasms,0,0,0
C50222,Malignant neoplasm of upper-inner quadrant of left male breast,DX,malignancy,Neoplasms,0,0,0
C50229,Malignant neoplasm of upper-inner quadrant of unspecified male breast,DX,malignancy,Neoplasms,0,0,0
C50311,Malignant neoplasm of lower-inner quadrant of right female breast,DX,malignancy,Neoplasms,0,0,0
C50312,Malignant neoplasm of lower-inner quadrant of left female breast,DX,malignancy,Neoplasms,0,0,0
C50319,Malignant neoplasm of lower-inner quadrant of unspecified female breast,DX,malignancy,Neoplasms,0,0,0
C50321,Malignant neoplasm of lower-inner quadrant of right male breast,DX,malignancy,Neoplasms,0,0,0
C50322,Malignant neoplasm of lower-inner quadrant of left male breast,DX,malignancy,Neoplasms,0,0,0
C50329,Malignant neoplasm of lower-inner quadrant of unspecified male breast,DX,malignancy,Neoplasms,0,0,0
C50411,Malignant neoplasm of upper-outer quadrant of right female breast,DX,malignancy,Neoplasms,0,0,0
C50412,Malignant neoplasm of upper-outer quadrant of left female breast,DX,malignancy,Neoplasms,0,0,0
C50419,Malignant neoplasm of upper-outer quadrant of unspecified female breast,DX,malignancy,Neoplasms,0,0,0
C50421,Malignant neoplasm of upper-outer quadrant of right male breast,DX,malignancy,Neoplasms,0,0,0
C50422,Malignant neoplasm of upper-outer quadrant of left male breast,DX,malignancy,Neoplasms,0,0,0
C50429,Malignant neoplasm of upper-outer quadrant of unspecified male breast,DX,malignancy,Neoplasms,0,0,0
C50511,Malignant neoplasm of lower-outer quadrant of right female breast,DX,malignancy,Neoplasms,0,0,0
C50512,Malignant neoplasm of lower-outer quadrant of left female breast,DX,malignancy,Neoplasms,0,0,0
C50519,Malignant neoplasm of lower-outer quadrant of unspecified female breast,DX,malignancy,Neoplasms,0,0,0
C50521,Malignant neoplasm of lower-outer quadrant of right male breast,DX,malignancy,Neoplasms,0,0,0
C50522,Malignant neoplasm of lower-outer quadrant of left male breast,DX,malignancy,Neoplasms,0,0,0
C50529,Malignant neoplasm of lower-outer quadrant of unspecified male breast,DX,malignancy,Neoplasms,0,0,0
C50611,Malignant neoplasm of axillary tail of right female breast,DX,malignancy,Neoplasms,0,0,0
C50612,Malignant neoplasm of axillary tail of left female breast,DX,malignancy,Neoplasms,0,0,0
C50619,Malignant neoplasm of axillary tail of unspecified female breast,DX,malignancy,Neoplasms,0,0,0
C50621,Malignant neoplasm of axillary tail of right male breast,DX,malignancy,Neoplasms,0,0,0
C50622,Malignant neoplasm of axillary tail of left male breast,DX,malignancy,Neoplasms,0,0,0
C50629,Malignant neoplasm of axillary tail of unspecified male breast,DX,malignancy,Neoplasms,0,0,0
C50811,Malignant neoplasm of overlapping sites of right female breast,DX,malignancy,Neoplasms,0,0,0
C50812,Malignant neoplasm of overlapping sites of left female breast,DX,malignancy,Neoplasms,0,0,0
C50819,Malignant neoplasm of overlapping sites of unspecified female breast,DX,malignancy,Neoplasms,0,0,0
C50821,Malignant neoplasm of overlapping sites of right male breast,DX,malignancy,Neoplasms,0,0,0
C50822,Malignant neoplasm of overlapping sites of left male breast,DX,malignancy,Neoplasms,0,0,0
C50829,Malignant neoplasm of overlapping sites of unspecified male breast,DX,malignancy,Neoplasms,0,0,0
C50911,Malignant neoplasm of unspecified site of right female breast,DX,malignancy,Neoplasms,0,0,0
C50912,Malignant neoplasm of unspecified site of left female breast,DX,malignancy,Neoplasms,0,0,0
C50919,Malignant neoplasm of unspecified site of unspecified female breast,DX,malignancy,Neoplasms,0,0,0
C50921,Malignant neoplasm of unspecified site of right male breast,DX,malignancy,Neoplasms,0,0,0
C50922,Malignant neoplasm of unspecified site of left male breast,DX,malignancy,Neoplasms,0,0,0
C50929,Malignant neoplasm of unspecified site of unspecified male breast,DX,malignancy,Neoplasms,0,0,0
C510,Malignant neoplasm of labium majus,DX,malignancy,Neoplasms,0,0,0
C511,Malignant neoplasm of labium minus,DX,malignancy,Neoplasms,0,0,0
C512,Malignant neoplasm of clitoris,DX,malignancy,Neoplasms,0,0,0
C518,Malignant neoplasm of overlapping sites of vulva,DX,malignancy,Neoplasms,0,0,0
C519,"Malignant neoplasm of vulva, unspecified",DX,malignancy,Neoplasms,0,0,0
C52,Malignant neoplasm of vagina,DX,malignancy,Neoplasms,0,0,0
C530,Malignant neoplasm of endocervix,DX,malignancy,Neoplasms,0,0,0
C531,Malignant neoplasm of exocervix,DX,malignancy,Neoplasms,0,0,0
C538,Malignant neoplasm of overlapping sites of cervix uteri,DX,malignancy,Neoplasms,0,0,0
C539,"Malignant neoplasm of cervix uteri, unspecified",DX,malignancy,Neoplasms,0,0,0
C540,Malignant neoplasm of isthmus uteri,DX,malignancy,Neoplasms,0,0,0
C541,Malignant neoplasm of endometrium,DX,malignancy,Neoplasms,0,0,0
C542,Malignant neoplasm of myometrium,DX,malignancy,Neoplasms,0,0,0
C543,Malignant neoplasm of fundus uteri,DX,malignancy,Neoplasms,0,0,0
C548,Malignant neoplasm of overlapping sites of corpus uteri,DX,malignancy,Neoplasms,0,0,0
C549,"Malignant neoplasm of corpus uteri, unspecified",DX,malignancy,Neoplasms,0,0,0
C55,"Malignant neoplasm of uterus, part unspecified",DX,malignancy,Neoplasms,0,0,0
C561,Malignant neoplasm of right ovary,DX,malignancy,Neoplasms,0,0,0
C562,Malignant neoplasm of left ovary,DX,malignancy,Neoplasms,0,0,0
C569,Malignant neoplasm of unspecified ovary,DX,malignancy,Neoplasms,0,0,0
C5700,Malignant neoplasm of unspecified fallopian tube,DX,malignancy,Neoplasms,0,0,0
C5701,Malignant neoplasm of right fallopian tube,DX,malignancy,Neoplasms,0,0,0
C5702,Malignant neoplasm of left fallopian tube,DX,malignancy,Neoplasms,0,0,0
C5710,Malignant neoplasm of unspecified broad ligament,DX,malignancy,Neoplasms,0,0,0
C5711,Malignant neoplasm of right broad ligament,DX,malignancy,Neoplasms,0,0,0
C5712,Malignant neoplasm of left broad ligament,DX,malignancy,Neoplasms,0,0,0
C5720,Malignant neoplasm of unspecified round ligament,DX,malignancy,Neoplasms,0,0,0
C5721,Malignant neoplasm of right round ligament,DX,malignancy,Neoplasms,0,0,0
C5722,Malignant neoplasm of left round ligament,DX,malignancy,Neoplasms,0,0,0
C573,Malignant neoplasm of parametrium,DX,malignancy,Neoplasms,0,0,0
C574,"Malignant neoplasm of uterine adnexa, unspecified",DX,malignancy,Neoplasms,0,0,0
C577,Malignant neoplasm of other specified female genital organs,DX,malignancy,Neoplasms,0,0,0
C578,Malignant neoplasm of overlapping sites of female genital organs,DX,malignancy,Neoplasms,0,0,0
C579,"Malignant neoplasm of female genital organ, unspecified",DX,malignancy,Neoplasms,0,0,0
C58,Malignant neoplasm of placenta,DX,malignancy,Neoplasms,0,0,0
C600,Malignant neoplasm of prepuce,DX,malignancy,Neoplasms,0,0,0
C601,Malignant neoplasm of glans penis,DX,malignancy,Neoplasms,0,0,0
C602,Malignant neoplasm of body of penis,DX,malignancy,Neoplasms,0,0,0
C608,Malignant neoplasm of overlapping sites of penis,DX,malignancy,Neoplasms,0,0,0
C609,"Malignant neoplasm of penis, unspecified",DX,malignancy,Neoplasms,0,0,0
C61,Malignant neoplasm of prostate,DX,malignancy,Neoplasms,0,0,0
C6200,Malignant neoplasm of unspecified undescended testis,DX,malignancy,Neoplasms,0,0,0
C6201,Malignant neoplasm of undescended right testis,DX,malignancy,Neoplasms,0,0,0
C6202,Malignant neoplasm of undescended left testis,DX,malignancy,Neoplasms,0,0,0
C6210,Malignant neoplasm of unspecified descended testis,DX,malignancy,Neoplasms,0,0,0
C6211,Malignant neoplasm of descended right testis,DX,malignancy,Neoplasms,0,0,0
C6212,Malignant neoplasm of descended left testis,DX,malignancy,Neoplasms,0,0,0
C6290,"Malignant neoplasm of unspecified testis, unspecified whether descended or undescended",DX,malignancy,Neoplasms,0,0,0
C6291,"Malignant neoplasm of right testis, unspecified whether descended or undescended",DX,malignancy,Neoplasms,0,0,0
C6292,"Malignant neoplasm of left testis, unspecified whether descended or undescended",DX,malignancy,Neoplasms,0,0,0
C6300,Malignant neoplasm of unspecified epididymis,DX,malignancy,Neoplasms,0,0,0
C6301,Malignant neoplasm of right epididymis,DX,malignancy,Neoplasms,0,0,0
C6302,Malignant neoplasm of left epididymis,DX,malignancy,Neoplasms,0,0,0
C6310,Malignant neoplasm of unspecified spermatic cord,DX,malignancy,Neoplasms,0,0,0
C6311,Malignant neoplasm of right spermatic cord,DX,malignancy,Neoplasms,0,0,0
C6312,Malignant neoplasm of left spermatic cord,DX,malignancy,Neoplasms,0,0,0
C632,Malignant neoplasm of scrotum,DX,malignancy,Neoplasms,0,0,0
C637,Malignant neoplasm of other specified male genital organs,DX,malignancy,Neoplasms,0,0,0
C638,Malignant neoplasm of overlapping sites of male genital organs,DX,malignancy,Neoplasms,0,0,0
C639,"Malignant neoplasm of male genital organ, unspecified",DX,malignancy,Neoplasms,0,0,0
C641,"Malignant neoplasm of right kidney, except renal pelvis",DX,malignancy,Neoplasms,0,0,0
C642,"Malignant neoplasm of left kidney, except renal pelvis",DX,malignancy,Neoplasms,0,0,0
C649,"Malignant neoplasm of unspecified kidney, except renal pelvis",DX,malignancy,Neoplasms,0,0,0
C651,Malignant neoplasm of right renal pelvis,DX,malignancy,Neoplasms,0,0,0
C652,Malignant neoplasm of left renal pelvis,DX,malignancy,Neoplasms,0,0,0
C659,Malignant neoplasm of unspecified renal pelvis,DX,malignancy,Neoplasms,0,0,0
C661,Malignant neoplasm of right ureter,DX,malignancy,Neoplasms,0,0,0
C662,Malignant neoplasm of left ureter,DX,malignancy,Neoplasms,0,0,0
C669,Malignant neoplasm of unspecified ureter,DX,malignancy,Neoplasms,0,0,0
C670,Malignant neoplasm of trigone of bladder,DX,malignancy,Neoplasms,0,0,0
C671,Malignant neoplasm of dome of bladder,DX,malignancy,Neoplasms,0,0,0
C672,Malignant neoplasm of lateral wall of bladder,DX,malignancy,Neoplasms,0,0,0
C673,Malignant neoplasm of anterior wall of bladder,DX,malignancy,Neoplasms,0,0,0
C674,Malignant neoplasm of posterior wall of bladder,DX,malignancy,Neoplasms,0,0,0
C675,Malignant neoplasm of bladder neck,DX,malignancy,Neoplasms,0,0,0
C676,Malignant neoplasm of ureteric orifice,DX,malignancy,Neoplasms,0,0,0
C677,Malignant neoplasm of urachus,DX,malignancy,Neoplasms,0,0,0
C678,Malignant neoplasm of overlapping sites of bladder,DX,malignancy,Neoplasms,0,0,0
C679,"Malignant neoplasm of bladder, unspecified",DX,malignancy,Neoplasms,0,0,0
C680,Malignant neoplasm of urethra,DX,malignancy,Neoplasms,0,0,0
C681,Malignant neoplasm of paraurethral glands,DX,malignancy,Neoplasms,0,0,0
C688,Malignant neoplasm of overlapping sites of urinary organs,DX,malignancy,Neoplasms,0,0,0
C689,"Malignant neoplasm of urinary organ, unspecified",DX,malignancy,Neoplasms,0,0,0
C6900,Malignant neoplasm of unspecified conjunctiva,DX,malignancy,Neoplasms,0,0,0
C6901,Malignant neoplasm of right conjunctiva,DX,malignancy,Neoplasms,0,0,0
C6902,Malignant neoplasm of left conjunctiva,DX,malignancy,Neoplasms,0,0,0
C6910,Malignant neoplasm of unspecified cornea,DX,malignancy,Neoplasms,0,0,0
C6911,Malignant neoplasm of right cornea,DX,malignancy,Neoplasms,0,0,0
C6912,Malignant neoplasm of left cornea,DX,malignancy,Neoplasms,0,0,0
C6920,Malignant neoplasm of unspecified retina,DX,malignancy,Neoplasms,0,0,0
C6921,Malignant neoplasm of right retina,DX,malignancy,Neoplasms,0,0,0
C6922,Malignant neoplasm of left retina,DX,malignancy,Neoplasms,0,0,0
C6930,Malignant neoplasm of unspecified choroid,DX,malignancy,Neoplasms,0,0,0
C6931,Malignant neoplasm of right choroid,DX,malignancy,Neoplasms,0,0,0
C6932,Malignant neoplasm of left choroid,DX,malignancy,Neoplasms,0,0,0
C6940,Malignant neoplasm of unspecified ciliary body,DX,malignancy,Neoplasms,0,0,0
C6941,Malignant neoplasm of right ciliary body,DX,malignancy,Neoplasms,0,0,0
C6942,Malignant neoplasm of left ciliary body,DX,malignancy,Neoplasms,0,0,0
C6950,Malignant neoplasm of unspecified lacrimal gland and duct,DX,malignancy,Neoplasms,0,0,0
C6951,Malignant neoplasm of right lacrimal gland and duct,DX,malignancy,Neoplasms,0,0,0
C6952,Malignant neoplasm of left lacrimal gland and duct,DX,malignancy,Neoplasms,0,0,0
C6960,Malignant neoplasm of unspecified orbit,DX,malignancy,Neoplasms,0,0,0
C6961,Malignant neoplasm of right orbit,DX,malignancy,Neoplasms,0,0,0
C6962,Malignant neoplasm of left orbit,DX,malignancy,Neoplasms,0,0,0
C6980,Malignant neoplasm of overlapping sites of unspecified eye and adnexa,DX,malignancy,Neoplasms,0,0,0
C6981,Malignant neoplasm of overlapping sites of right eye and adnexa,DX,malignancy,Neoplasms,0,0,0
C6982,Malignant neoplasm of overlapping sites of left eye and adnexa,DX,malignancy,Neoplasms,0,0,0
C6990,Malignant neoplasm of unspecified site of unspecified eye,DX,malignancy,Neoplasms,0,0,0
C6991,Malignant neoplasm of unspecified site of right eye,DX,malignancy,Neoplasms,0,0,0
C6992,Malignant neoplasm of unspecified site of left eye,DX,malignancy,Neoplasms,0,0,0
C700,Malignant neoplasm of cerebral meninges,DX,malignancy,Neoplasms,0,0,0
C701,Malignant neoplasm of spinal meninges,DX,malignancy,Neoplasms,0,0,0
C709,"Malignant neoplasm of meninges, unspecified",DX,malignancy,Neoplasms,0,0,0
C710,"Malignant neoplasm of cerebrum, except lobes and ventricles",DX,malignancy,Neoplasms,0,0,0
C711,Malignant neoplasm of frontal lobe,DX,malignancy,Neoplasms,0,0,0
C712,Malignant neoplasm of temporal lobe,DX,malignancy,Neoplasms,0,0,0
C713,Malignant neoplasm of parietal lobe,DX,malignancy,Neoplasms,0,0,0
C714,Malignant neoplasm of occipital lobe,DX,malignancy,Neoplasms,0,0,0
C715,Malignant neoplasm of cerebral ventricle,DX,malignancy,Neoplasms,0,0,0
C716,Malignant neoplasm of cerebellum,DX,malignancy,Neoplasms,0,0,0
C717,Malignant neoplasm of brain stem,DX,malignancy,Neoplasms,0,0,0
C718,Malignant neoplasm of overlapping sites of brain,DX,malignancy,Neoplasms,0,0,0
C719,"Malignant neoplasm of brain, unspecified",DX,malignancy,Neoplasms,0,0,0
C720,Malignant neoplasm of spinal cord,DX,malignancy,Neoplasms,0,0,0
C721,Malignant neoplasm of cauda equina,DX,malignancy,Neoplasms,0,0,0
C7220,Malignant neoplasm of unspecified olfactory nerve,DX,malignancy,Neoplasms,0,0,0
C7221,Malignant neoplasm of right olfactory nerve,DX,malignancy,Neoplasms,0,0,0
C7222,Malignant neoplasm of left olfactory nerve,DX,malignancy,Neoplasms,0,0,0
C7230,Malignant neoplasm of unspecified optic nerve,DX,malignancy,Neoplasms,0,0,0
C7231,Malignant neoplasm of right optic nerve,DX,malignancy,Neoplasms,0,0,0
C7232,Malignant neoplasm of left optic nerve,DX,malignancy,Neoplasms,0,0,0
C7240,Malignant neoplasm of unspecified acoustic nerve,DX,malignancy,Neoplasms,0,0,0
C7241,Malignant neoplasm of right acoustic nerve,DX,malignancy,Neoplasms,0,0,0
C7242,Malignant neoplasm of left acoustic nerve,DX,malignancy,Neoplasms,0,0,0
C7250,Malignant neoplasm of unspecified cranial nerve,DX,malignancy,Neoplasms,0,0,0
C7259,Malignant neoplasm of other cranial nerves,DX,malignancy,Neoplasms,0,0,0
C729,"Malignant neoplasm of central nervous system, unspecified",DX,malignancy,Neoplasms,0,0,0
C73,Malignant neoplasm of thyroid gland,DX,malignancy,Neoplasms,0,0,0
C7400,Malignant neoplasm of cortex of unspecified adrenal gland,DX,malignancy,Neoplasms,0,0,0
C7401,Malignant neoplasm of cortex of right adrenal gland,DX,malignancy,Neoplasms,0,0,0
C7402,Malignant neoplasm of cortex of left adrenal gland,DX,malignancy,Neoplasms,0,0,0
C7410,Malignant neoplasm of medulla of unspecified adrenal gland,DX,malignancy,Neoplasms,0,0,0
C7411,Malignant neoplasm of medulla of right adrenal gland,DX,malignancy,Neoplasms,0,0,0
C7412,Malignant neoplasm of medulla of left adrenal gland,DX,malignancy,Neoplasms,0,0,0
C7490,Malignant neoplasm of unspecified part of unspecified adrenal gland,DX,malignancy,Neoplasms,0,0,0
C7491,Malignant neoplasm of unspecified part of right adrenal gland,DX,malignancy,Neoplasms,0,0,0
C7492,Malignant neoplasm of unspecified part of left adrenal gland,DX,malignancy,Neoplasms,0,0,0
C750,Malignant neoplasm of parathyroid gland,DX,malignancy,Neoplasms,0,0,0
C751,Malignant neoplasm of pituitary gland,DX,malignancy,Neoplasms,0,0,0
C752,Malignant neoplasm of craniopharyngeal duct,DX,malignancy,Neoplasms,0,0,0
C753,Malignant neoplasm of pineal gland,DX,malignancy,Neoplasms,0,0,0
C754,Malignant neoplasm of carotid body,DX,malignancy,Neoplasms,0,0,0
C755,Malignant neoplasm of aortic body and other paraganglia,DX,malignancy,Neoplasms,0,0,0
C758,"Malignant neoplasm with pluriglandular involvement, unspecified",DX,malignancy,Neoplasms,0,0,0
C759,"Malignant neoplasm of endocrine gland, unspecified",DX,malignancy,Neoplasms,0,0,0
C760,"Malignant neoplasm of head, face and neck",DX,malignancy,Neoplasms,0,0,0
C761,Malignant neoplasm of thorax,DX,malignancy,Neoplasms,0,0,0
C762,Malignant neoplasm of abdomen,DX,malignancy,Neoplasms,0,0,0
C763,Malignant neoplasm of pelvis,DX,malignancy,Neoplasms,0,0,0
C7640,Malignant neoplasm of unspecified upper limb,DX,malignancy,Neoplasms,0,0,0
C7641,Malignant neoplasm of right upper limb,DX,malignancy,Neoplasms,0,0,0
C7642,Malignant neoplasm of left upper limb,DX,malignancy,Neoplasms,0,0,0
C7650,Malignant neoplasm of unspecified lower limb,DX,malignancy,Neoplasms,0,0,0
C7651,Malignant neoplasm of right lower limb,DX,malignancy,Neoplasms,0,0,0
C7652,Malignant neoplasm of left lower limb,DX,malignancy,Neoplasms,0,0,0
C768,Malignant neoplasm of other specified ill-defined sites,DX,malignancy,Neoplasms,0,0,0
C770,"Secondary and unspecified malignant neoplasm of lymph nodes of head, face and neck",DX,malignancy,Neoplasms,0,0,0
C771,Secondary and unspecified malignant neoplasm of intrathoracic lymph nodes,DX,malignancy,Neoplasms,0,0,0
C772,Secondary and unspecified malignant neoplasm of intra-abdominal lymph nodes,DX,malignancy,Neoplasms,0,0,0
C773,Secondary and unspecified malignant neoplasm of axilla and upper limb lymph nodes,DX,malignancy,Neoplasms,0,0,0
C774,Secondary and unspecified malignant neoplasm of inguinal and lower limb lymph nodes,DX,malignancy,Neoplasms,0,0,0
C775,Secondary and unspecified malignant neoplasm of intrapelvic lymph nodes,DX,malignancy,Neoplasms,0,0,0
C778,Secondary and unspecified malignant neoplasm of lymph nodes of multiple regions,DX,malignancy,Neoplasms,0,0,0
C779,"Secondary and unspecified malignant neoplasm of lymph node, unspecified",DX,malignancy,Neoplasms,0,0,0
C7800,Secondary malignant neoplasm of unspecified lung,DX,malignancy,Neoplasms,0,0,0
C7801,Secondary malignant neoplasm of right lung,DX,malignancy,Neoplasms,0,0,0
C7802,Secondary malignant neoplasm of left lung,DX,malignancy,Neoplasms,0,0,0
C781,Secondary malignant neoplasm of mediastinum,DX,malignancy,Neoplasms,0,0,0
C782,Secondary malignant neoplasm of pleura,DX,malignancy,Neoplasms,0,0,0
C7830,Secondary malignant neoplasm of unspecified respiratory organ,DX,malignancy,Neoplasms,0,0,0
C7839,Secondary malignant neoplasm of other respiratory organs,DX,malignancy,Neoplasms,0,0,0
C784,Secondary malignant neoplasm of small intestine,DX,malignancy,Neoplasms,0,0,0
C785,Secondary malignant neoplasm of large intestine and rectum,DX,malignancy,Neoplasms,0,0,0
C786,Secondary malignant neoplasm of retroperitoneum and peritoneum,DX,malignancy,Neoplasms,0,0,0
C787,Secondary malignant neoplasm of liver and intrahepatic bile duct,DX,malignancy,Neoplasms,0,0,0
C7880,Secondary malignant neoplasm of unspecified digestive organ,DX,malignancy,Neoplasms,0,0,0
C7889,Secondary malignant neoplasm of other digestive organs,DX,malignancy,Neoplasms,0,0,0
C7900,Secondary malignant neoplasm of unspecified kidney and renal pelvis,DX,malignancy,Neoplasms,0,0,0
C7901,Secondary malignant neoplasm of right kidney and renal pelvis,DX,malignancy,Neoplasms,0,0,0
C7902,Secondary malignant neoplasm of left kidney and renal pelvis,DX,malignancy,Neoplasms,0,0,0
C7910,Secondary malignant neoplasm of unspecified urinary organs,DX,malignancy,Neoplasms,0,0,0
C7911,Secondary malignant neoplasm of bladder,DX,malignancy,Neoplasms,0,0,0
C7919,Secondary malignant neoplasm of other urinary organs,DX,malignancy,Neoplasms,0,0,0
C792,Secondary malignant neoplasm of skin,DX,malignancy,Neoplasms,0,0,0
C7931,Secondary malignant neoplasm of brain,DX,malignancy,Neoplasms,0,0,0
C7932,Secondary malignant neoplasm of cerebral meninges,DX,malignancy,Neoplasms,0,0,0
C7940,Secondary malignant neoplasm of unspecified part of nervous system,DX,malignancy,Neoplasms,0,0,0
C7949,Secondary malignant neoplasm of other parts of nervous system,DX,malignancy,Neoplasms,0,0,0
C7951,Secondary malignant neoplasm of bone,DX,malignancy,Neoplasms,0,0,0
C7952,Secondary malignant neoplasm of bone marrow,DX,malignancy,Neoplasms,0,0,0
C7960,Secondary malignant neoplasm of unspecified ovary,DX,malignancy,Neoplasms,0,0,0
C7961,Secondary malignant neoplasm of right ovary,DX,malignancy,Neoplasms,0,0,0
C7962,Secondary malignant neoplasm of left ovary,DX,malignancy,Neoplasms,0,0,0
C7970,Secondary malignant neoplasm of unspecified adrenal gland,DX,malignancy,Neoplasms,0,0,0
C7971,Secondary malignant neoplasm of right adrenal gland,DX,malignancy,Neoplasms,0,0,0
C7972,Secondary malignant neoplasm of left adrenal gland,DX,malignancy,Neoplasms,0,0,0
C7981,Secondary malignant neoplasm of breast,DX,malignancy,Neoplasms,0,0,0
C7982,Secondary malignant neoplasm of genital organs,DX,malignancy,Neoplasms,0,0,0
C7989,Secondary malignant neoplasm of other specified sites,DX,malignancy,Neoplasms,0,0,0
C799,Secondary malignant neoplasm of unspecified site,DX,malignancy,Neoplasms,0,0,0
C7A00,Malignant carcinoid tumor of unspecified site,DX,malignancy,Neoplasms,0,0,0
C7A010,Malignant carcinoid tumor of the duodenum,DX,malignancy,Neoplasms,0,0,0
C7A011,Malignant carcinoid tumor of the jejunum,DX,malignancy,Neoplasms,0,0,0
C7A012,Malignant carcinoid tumor of the ileum,DX,malignancy,Neoplasms,0,0,0
C7A019,"Malignant carcinoid tumor of the small intestine, unspecified portion",DX,malignancy,Neoplasms,0,0,0
C7A020,Malignant carcinoid tumor of the appendix,DX,malignancy,Neoplasms,0,0,0
C7A021,Malignant carcinoid tumor of the cecum,DX,malignancy,Neoplasms,0,0,0
C7A022,Malignant carcinoid tumor of the ascending colon,DX,malignancy,Neoplasms,0,0,0
C7A023,Malignant carcinoid tumor of the transverse colon,DX,malignancy,Neoplasms,0,0,0
C7A024,Malignant carcinoid tumor of the descending colon,DX,malignancy,Neoplasms,0,0,0
C7A025,Malignant carcinoid tumor of the sigmoid colon,DX,malignancy,Neoplasms,0,0,0
C7A026,Malignant carcinoid tumor of the rectum,DX,malignancy,Neoplasms,0,0,0
C7A029,"Malignant carcinoid tumor of the large intestine, unspecified portion",DX,malignancy,Neoplasms,0,0,0
C7A090,Malignant carcinoid tumor of the bronchus and lung,DX,malignancy,Neoplasms,0,0,0
C7A091,Malignant carcinoid tumor of the thymus,DX,malignancy,Neoplasms,0,0,0
C7A092,Malignant carcinoid tumor of the stomach,DX,malignancy,Neoplasms,0,0,0
C7A093,Malignant carcinoid tumor of the kidney,DX,malignancy,Neoplasms,0,0,0
C7A094,"Malignant carcinoid tumor of the foregut, unspecified",DX,malignancy,Neoplasms,0,0,0
C7A095,"Malignant carcinoid tumor of the midgut, unspecified",DX,malignancy,Neoplasms,0,0,0
C7A096,"Malignant carcinoid tumor of the hindgut, unspecified",DX,malignancy,Neoplasms,0,0,0
C7A098,Malignant carcinoid tumors of other sites,DX,malignancy,Neoplasms,0,0,0
C7A1,Malignant poorly differentiated neuroendocrine tumors,DX,malignancy,Neoplasms,0,0,0
C7A8,Other malignant neuroendocrine tumors,DX,malignancy,Neoplasms,0,0,0
C7B00,"Secondary carcinoid tumors, unspecified site",DX,malignancy,Neoplasms,0,0,0
C7B01,Secondary carcinoid tumors of distant lymph nodes,DX,malignancy,Neoplasms,0,0,0
C7B02,Secondary carcinoid tumors of liver,DX,malignancy,Neoplasms,0,0,0
C7B03,Secondary carcinoid tumors of bone,DX,malignancy,Neoplasms,0,0,0
C7B04,Secondary carcinoid tumors of peritoneum,DX,malignancy,Neoplasms,0,0,0
C7B09,Secondary carcinoid tumors of other sites,DX,malignancy,Neoplasms,0,0,0
C7B1,Secondary Merkel cell carcinoma,DX,malignancy,Neoplasms,0,0,0
C7B8,Other secondary neuroendocrine tumors,DX,malignancy,Neoplasms,0,0,0
C800,"Disseminated malignant neoplasm, unspecified",DX,malignancy,Neoplasms,0,0,0
C801,"Malignant (primary) neoplasm, unspecified",DX,malignancy,Neoplasms,0,0,0
C802,Malignant neoplasm associated with transplanted organ,DX,malignancy,Neoplasms,0,0,0
C8100,"Nodular lymphocyte predominant Hodgkin lymphoma, unspecified site",DX,malignancy,Neoplasms,0,0,0
C8101,"Nodular lymphocyte predominant Hodgkin lymphoma, lymph nodes of head, face, and neck",DX,malignancy,Neoplasms,0,0,0
C8102,"Nodular lymphocyte predominant Hodgkin lymphoma, intrathoracic lymph nodes",DX,malignancy,Neoplasms,0,0,0
C8103,"Nodular lymphocyte predominant Hodgkin lymphoma, intra-abdominal lymph nodes",DX,malignancy,Neoplasms,0,0,0
C8104,"Nodular lymphocyte predominant Hodgkin lymphoma, lymph nodes of axilla and upper limb",DX,malignancy,Neoplasms,0,0,0
C8105,"Nodular lymphocyte predominant Hodgkin lymphoma, lymph nodes of inguinal region and lower limb",DX,malignancy,Neoplasms,0,0,0
C8106,"Nodular lymphocyte predominant Hodgkin lymphoma, intrapelvic lymph nodes",DX,malignancy,Neoplasms,0,0,0
C8107,"Nodular lymphocyte predominant Hodgkin lymphoma, spleen",DX,malignancy,Neoplasms,0,0,0
C8108,"Nodular lymphocyte predominant Hodgkin lymphoma, lymph nodes of multiple sites",DX,malignancy,Neoplasms,0,0,0
C8109,"Nodular lymphocyte predominant Hodgkin lymphoma, extranodal and solid organ sites",DX,malignancy,Neoplasms,0,0,0
C8110,"Nodular sclerosis Hodgkin lymphoma, unspecified site",DX,malignancy,Neoplasms,0,0,0
C8111,"Nodular sclerosis Hodgkin lymphoma, lymph nodes of head, face, and neck",DX,malignancy,Neoplasms,0,0,0
C8112,"Nodular sclerosis Hodgkin lymphoma, intrathoracic lymph nodes",DX,malignancy,Neoplasms,0,0,0
C8113,"Nodular sclerosis Hodgkin lymphoma, intra-abdominal lymph nodes",DX,malignancy,Neoplasms,0,0,0
C8114,"Nodular sclerosis Hodgkin lymphoma, lymph nodes of axilla and upper limb",DX,malignancy,Neoplasms,0,0,0
C8115,"Nodular sclerosis Hodgkin lymphoma, lymph nodes of inguinal region and lower limb",DX,malignancy,Neoplasms,0,0,0
C8116,"Nodular sclerosis Hodgkin lymphoma, intrapelvic lymph nodes",DX,malignancy,Neoplasms,0,0,0
C8117,"Nodular sclerosis Hodgkin lymphoma, spleen",DX,malignancy,Neoplasms,0,0,0
C8118,"Nodular sclerosis Hodgkin lymphoma, lymph nodes of multiple sites",DX,malignancy,Neoplasms,0,0,0
C8119,"Nodular sclerosis Hodgkin lymphoma, extranodal and solid organ sites",DX,malignancy,Neoplasms,0,0,0
C8120,"Mixed cellularity Hodgkin lymphoma, unspecified site",DX,malignancy,Neoplasms,0,0,0
C8121,"Mixed cellularity Hodgkin lymphoma, lymph nodes of head, face, and neck",DX,malignancy,Neoplasms,0,0,0
C8122,"Mixed cellularity Hodgkin lymphoma, intrathoracic lymph nodes",DX,malignancy,Neoplasms,0,0,0
C8123,"Mixed cellularity Hodgkin lymphoma, intra-abdominal lymph nodes",DX,malignancy,Neoplasms,0,0,0
C8124,"Mixed cellularity Hodgkin lymphoma, lymph nodes of axilla and upper limb",DX,malignancy,Neoplasms,0,0,0
C8125,"Mixed cellularity Hodgkin lymphoma, lymph nodes of inguinal region and lower limb",DX,malignancy,Neoplasms,0,0,0
C8126,"Mixed cellularity Hodgkin lymphoma, intrapelvic lymph nodes",DX,malignancy,Neoplasms,0,0,0
C8127,"Mixed cellularity Hodgkin lymphoma, spleen",DX,malignancy,Neoplasms,0,0,0
C8128,"Mixed cellularity Hodgkin lymphoma, lymph nodes of multiple sites",DX,malignancy,Neoplasms,0,0,0
C8129,"Mixed cellularity Hodgkin lymphoma, extranodal and solid organ sites",DX,malignancy,Neoplasms,0,0,0
C8130,"Lymphocyte depleted Hodgkin lymphoma, unspecified site",DX,malignancy,Neoplasms,0,0,0
C8131,"Lymphocyte depleted Hodgkin lymphoma, lymph nodes of head, face, and neck",DX,malignancy,Neoplasms,0,0,0
C8132,"Lymphocyte depleted Hodgkin lymphoma, intrathoracic lymph nodes",DX,malignancy,Neoplasms,0,0,0
C8133,"Lymphocyte depleted Hodgkin lymphoma, intra-abdominal lymph nodes",DX,malignancy,Neoplasms,0,0,0
C8134,"Lymphocyte depleted Hodgkin lymphoma, lymph nodes of axilla and upper limb",DX,malignancy,Neoplasms,0,0,0
C8135,"Lymphocyte depleted Hodgkin lymphoma, lymph nodes of inguinal region and lower limb",DX,malignancy,Neoplasms,0,0,0
C8136,"Lymphocyte depleted Hodgkin lymphoma, intrapelvic lymph nodes",DX,malignancy,Neoplasms,0,0,0
C8137,"Lymphocyte depleted Hodgkin lymphoma, spleen",DX,malignancy,Neoplasms,0,0,0
C8138,"Lymphocyte depleted Hodgkin lymphoma, lymph nodes of multiple sites",DX,malignancy,Neoplasms,0,0,0
C8139,"Lymphocyte depleted Hodgkin lymphoma, extranodal and solid organ sites",DX,malignancy,Neoplasms,0,0,0
C8140,"Lymphocyte-rich Hodgkin lymphoma, unspecified site",DX,malignancy,Neoplasms,0,0,0
C8141,"Lymphocyte-rich Hodgkin lymphoma, lymph nodes of head, face, and neck",DX,malignancy,Neoplasms,0,0,0
C8142,"Lymphocyte-rich Hodgkin lymphoma, intrathoracic lymph nodes",DX,malignancy,Neoplasms,0,0,0
C8143,"Lymphocyte-rich Hodgkin lymphoma, intra-abdominal lymph nodes",DX,malignancy,Neoplasms,0,0,0
C8144,"Lymphocyte-rich Hodgkin lymphoma, lymph nodes of axilla and upper limb",DX,malignancy,Neoplasms,0,0,0
C8145,"Lymphocyte-rich Hodgkin lymphoma, lymph nodes of inguinal region and lower limb",DX,malignancy,Neoplasms,0,0,0
C8146,"Lymphocyte-rich Hodgkin lymphoma, intrapelvic lymph nodes",DX,malignancy,Neoplasms,0,0,0
C8147,"Lymphocyte-rich Hodgkin lymphoma, spleen",DX,malignancy,Neoplasms,0,0,0
C8148,"Lymphocyte-rich Hodgkin lymphoma, lymph nodes of multiple sites",DX,malignancy,Neoplasms,0,0,0
C8149,"Lymphocyte-rich Hodgkin lymphoma, extranodal and solid organ sites",DX,malignancy,Neoplasms,0,0,0
C8170,"Other Hodgkin lymphoma, unspecified site",DX,malignancy,Neoplasms,0,0,0
C8171,"Other Hodgkin lymphoma, lymph nodes of head, face, and neck",DX,malignancy,Neoplasms,0,0,0
C8172,"Other Hodgkin lymphoma, intrathoracic lymph nodes",DX,malignancy,Neoplasms,0,0,0
C8173,"Other Hodgkin lymphoma, intra-abdominal lymph nodes",DX,malignancy,Neoplasms,0,0,0
C8174,"Other Hodgkin lymphoma, lymph nodes of axilla and upper limb",DX,malignancy,Neoplasms,0,0,0
C8175,"Other Hodgkin lymphoma, lymph nodes of inguinal region and lower limb",DX,malignancy,Neoplasms,0,0,0
C8176,"Other Hodgkin lymphoma, intrapelvic lymph nodes",DX,malignancy,Neoplasms,0,0,0
C8177,"Other Hodgkin lymphoma, spleen",DX,malignancy,Neoplasms,0,0,0
C8178,"Other Hodgkin lymphoma, lymph nodes of multiple sites",DX,malignancy,Neoplasms,0,0,0
C8179,"Other Hodgkin lymphoma, extranodal and solid organ sites",DX,malignancy,Neoplasms,0,0,0
C8190,"Hodgkin lymphoma, unspecified, unspecified site",DX,malignancy,Neoplasms,0,0,0
C8191,"Hodgkin lymphoma, unspecified, lymph nodes of head, face, and neck",DX,malignancy,Neoplasms,0,0,0
C8192,"Hodgkin lymphoma, unspecified, intrathoracic lymph nodes",DX,malignancy,Neoplasms,0,0,0
C8193,"Hodgkin lymphoma, unspecified, intra-abdominal lymph nodes",DX,malignancy,Neoplasms,0,0,0
C8194,"Hodgkin lymphoma, unspecified, lymph nodes of axilla and upper limb",DX,malignancy,Neoplasms,0,0,0
C8195,"Hodgkin lymphoma, unspecified, lymph nodes of inguinal region and lower limb",DX,malignancy,Neoplasms,0,0,0
C8196,"Hodgkin lymphoma, unspecified, intrapelvic lymph nodes",DX,malignancy,Neoplasms,0,0,0
C8197,"Hodgkin lymphoma, unspecified, spleen",DX,malignancy,Neoplasms,0,0,0
C8198,"Hodgkin lymphoma, unspecified, lymph nodes of multiple sites",DX,malignancy,Neoplasms,0,0,0
C8199,"Hodgkin lymphoma, unspecified, extranodal and solid organ sites",DX,malignancy,Neoplasms,0,0,0
C8200,"Follicular lymphoma grade I, unspecified site",DX,malignancy,Neoplasms,0,0,0
C8201,"Follicular lymphoma grade I, lymph nodes of head, face, and neck",DX,malignancy,Neoplasms,0,0,0
C8202,"Follicular lymphoma grade I, intrathoracic lymph nodes",DX,malignancy,Neoplasms,0,0,0
C8203,"Follicular lymphoma grade I, intra-abdominal lymph nodes",DX,malignancy,Neoplasms,0,0,0
C8204,"Follicular lymphoma grade I, lymph nodes of axilla and upper limb",DX,malignancy,Neoplasms,0,0,0
C8205,"Follicular lymphoma grade I, lymph nodes of inguinal region and lower limb",DX,malignancy,Neoplasms,0,0,0
C8206,"Follicular lymphoma grade I, intrapelvic lymph nodes",DX,malignancy,Neoplasms,0,0,0
C8207,"Follicular lymphoma grade I, spleen",DX,malignancy,Neoplasms,0,0,0
C8208,"Follicular lymphoma grade I, lymph nodes of multiple sites",DX,malignancy,Neoplasms,0,0,0
C8209,"Follicular lymphoma grade I, extranodal and solid organ sites",DX,malignancy,Neoplasms,0,0,0
C8210,"Follicular lymphoma grade II, unspecified site",DX,malignancy,Neoplasms,0,0,0
C8211,"Follicular lymphoma grade II, lymph nodes of head, face, and neck",DX,malignancy,Neoplasms,0,0,0
C8212,"Follicular lymphoma grade II, intrathoracic lymph nodes",DX,malignancy,Neoplasms,0,0,0
C8213,"Follicular lymphoma grade II, intra-abdominal lymph nodes",DX,malignancy,Neoplasms,0,0,0
C8214,"Follicular lymphoma grade II, lymph nodes of axilla and upper limb",DX,malignancy,Neoplasms,0,0,0
C8215,"Follicular lymphoma grade II, lymph nodes of inguinal region and lower limb",DX,malignancy,Neoplasms,0,0,0
C8216,"Follicular lymphoma grade II, intrapelvic lymph nodes",DX,malignancy,Neoplasms,0,0,0
C8217,"Follicular lymphoma grade II, spleen",DX,malignancy,Neoplasms,0,0,0
C8218,"Follicular lymphoma grade II, lymph nodes of multiple sites",DX,malignancy,Neoplasms,0,0,0
C8219,"Follicular lymphoma grade II, extranodal and solid organ sites",DX,malignancy,Neoplasms,0,0,0
C8220,"Follicular lymphoma grade III, unspecified, unspecified site",DX,malignancy,Neoplasms,0,0,0
C8221,"Follicular lymphoma grade III, unspecified, lymph nodes of head, face, and neck",DX,malignancy,Neoplasms,0,0,0
C8222,"Follicular lymphoma grade III, unspecified, intrathoracic lymph nodes",DX,malignancy,Neoplasms,0,0,0
C8223,"Follicular lymphoma grade III, unspecified, intra-abdominal lymph nodes",DX,malignancy,Neoplasms,0,0,0
C8224,"Follicular lymphoma grade III, unspecified, lymph nodes of axilla and upper limb",DX,malignancy,Neoplasms,0,0,0
C8225,"Follicular lymphoma grade III, unspecified, lymph nodes of inguinal region and lower limb",DX,malignancy,Neoplasms,0,0,0
C8226,"Follicular lymphoma grade III, unspecified, intrapelvic lymph nodes",DX,malignancy,Neoplasms,0,0,0
C8227,"Follicular lymphoma grade III, unspecified, spleen",DX,malignancy,Neoplasms,0,0,0
C8228,"Follicular lymphoma grade III, unspecified, lymph nodes of multiple sites",DX,malignancy,Neoplasms,0,0,0
C8229,"Follicular lymphoma grade III, unspecified, extranodal and solid organ sites",DX,malignancy,Neoplasms,0,0,0
C8230,"Follicular lymphoma grade IIIa, unspecified site",DX,malignancy,Neoplasms,0,0,0
C8231,"Follicular lymphoma grade IIIa, lymph nodes of head, face, and neck",DX,malignancy,Neoplasms,0,0,0
C8232,"Follicular lymphoma grade IIIa, intrathoracic lymph nodes",DX,malignancy,Neoplasms,0,0,0
C8233,"Follicular lymphoma grade IIIa, intra-abdominal lymph nodes",DX,malignancy,Neoplasms,0,0,0
C8234,"Follicular lymphoma grade IIIa, lymph nodes of axilla and upper limb",DX,malignancy,Neoplasms,0,0,0
C8235,"Follicular lymphoma grade IIIa, lymph nodes of inguinal region and lower limb",DX,malignancy,Neoplasms,0,0,0
C8236,"Follicular lymphoma grade IIIa, intrapelvic lymph nodes",DX,malignancy,Neoplasms,0,0,0
C8237,"Follicular lymphoma grade IIIa, spleen",DX,malignancy,Neoplasms,0,0,0
C8238,"Follicular lymphoma grade IIIa, lymph nodes of multiple sites",DX,malignancy,Neoplasms,0,0,0
C8239,"Follicular lymphoma grade IIIa, extranodal and solid organ sites",DX,malignancy,Neoplasms,0,0,0
C8240,"Follicular lymphoma grade IIIb, unspecified site",DX,malignancy,Neoplasms,0,0,0
C8241,"Follicular lymphoma grade IIIb, lymph nodes of head, face, and neck",DX,malignancy,Neoplasms,0,0,0
C8242,"Follicular lymphoma grade IIIb, intrathoracic lymph nodes",DX,malignancy,Neoplasms,0,0,0
C8243,"Follicular lymphoma grade IIIb, intra-abdominal lymph nodes",DX,malignancy,Neoplasms,0,0,0
C8244,"Follicular lymphoma grade IIIb, lymph nodes of axilla and upper limb",DX,malignancy,Neoplasms,0,0,0
C8245,"Follicular lymphoma grade IIIb, lymph nodes of inguinal region and lower limb",DX,malignancy,Neoplasms,0,0,0
C8246,"Follicular lymphoma grade IIIb, intrapelvic lymph nodes",DX,malignancy,Neoplasms,0,0,0
C8247,"Follicular lymphoma grade IIIb, spleen",DX,malignancy,Neoplasms,0,0,0
C8248,"Follicular lymphoma grade IIIb, lymph nodes of multiple sites",DX,malignancy,Neoplasms,0,0,0
C8249,"Follicular lymphoma grade IIIb, extranodal and solid organ sites",DX,malignancy,Neoplasms,0,0,0
C8250,"Diffuse follicle center lymphoma, unspecified site",DX,malignancy,Neoplasms,0,0,0
C8251,"Diffuse follicle center lymphoma, lymph nodes of head, face, and neck",DX,malignancy,Neoplasms,0,0,0
C8252,"Diffuse follicle center lymphoma, intrathoracic lymph nodes",DX,malignancy,Neoplasms,0,0,0
C8253,"Diffuse follicle center lymphoma, intra-abdominal lymph nodes",DX,malignancy,Neoplasms,0,0,0
C8254,"Diffuse follicle center lymphoma, lymph nodes of axilla and upper limb",DX,malignancy,Neoplasms,0,0,0
C8255,"Diffuse follicle center lymphoma, lymph nodes of inguinal region and lower limb",DX,malignancy,Neoplasms,0,0,0
C8256,"Diffuse follicle center lymphoma, intrapelvic lymph nodes",DX,malignancy,Neoplasms,0,0,0
C8257,"Diffuse follicle center lymphoma, spleen",DX,malignancy,Neoplasms,0,0,0
C8258,"Diffuse follicle center lymphoma, lymph nodes of multiple sites",DX,malignancy,Neoplasms,0,0,0
C8259,"Diffuse follicle center lymphoma, extranodal and solid organ sites",DX,malignancy,Neoplasms,0,0,0
C8260,"Cutaneous follicle center lymphoma, unspecified site",DX,malignancy,Neoplasms,0,0,0
C8261,"Cutaneous follicle center lymphoma, lymph nodes of head, face, and neck",DX,malignancy,Neoplasms,0,0,0
C8262,"Cutaneous follicle center lymphoma, intrathoracic lymph nodes",DX,malignancy,Neoplasms,0,0,0
C8263,"Cutaneous follicle center lymphoma, intra-abdominal lymph nodes",DX,malignancy,Neoplasms,0,0,0
C8264,"Cutaneous follicle center lymphoma, lymph nodes of axilla and upper limb",DX,malignancy,Neoplasms,0,0,0
C8265,"Cutaneous follicle center lymphoma, lymph nodes of inguinal region and lower limb",DX,malignancy,Neoplasms,0,0,0
C8266,"Cutaneous follicle center lymphoma, intrapelvic lymph nodes",DX,malignancy,Neoplasms,0,0,0
C8267,"Cutaneous follicle center lymphoma, spleen",DX,malignancy,Neoplasms,0,0,0
C8268,"Cutaneous follicle center lymphoma, lymph nodes of multiple sites",DX,malignancy,Neoplasms,0,0,0
C8269,"Cutaneous follicle center lymphoma, extranodal and solid organ sites",DX,malignancy,Neoplasms,0,0,0
C8280,"Other types of follicular lymphoma, unspecified site",DX,malignancy,Neoplasms,0,0,0
C8281,"Other types of follicular lymphoma, lymph nodes of head, face, and neck",DX,malignancy,Neoplasms,0,0,0
C8282,"Other types of follicular lymphoma, intrathoracic lymph nodes",DX,malignancy,Neoplasms,0,0,0
C8283,"Other types of follicular lymphoma, intra-abdominal lymph nodes",DX,malignancy,Neoplasms,0,0,0
C8284,"Other types of follicular lymphoma, lymph nodes of axilla and upper limb",DX,malignancy,Neoplasms,0,0,0
C8285,"Other types of follicular lymphoma, lymph nodes of inguinal region and lower limb",DX,malignancy,Neoplasms,0,0,0
C8286,"Other types of follicular lymphoma, intrapelvic lymph nodes",DX,malignancy,Neoplasms,0,0,0
C8287,"Other types of follicular lymphoma, spleen",DX,malignancy,Neoplasms,0,0,0
C8288,"Other types of follicular lymphoma, lymph nodes of multiple sites",DX,malignancy,Neoplasms,0,0,0
C8289,"Other types of follicular lymphoma, extranodal and solid organ sites",DX,malignancy,Neoplasms,0,0,0
C8290,"Follicular lymphoma, unspecified, unspecified site",DX,malignancy,Neoplasms,0,0,0
C8291,"Follicular lymphoma, unspecified, lymph nodes of head, face, and neck",DX,malignancy,Neoplasms,0,0,0
C8292,"Follicular lymphoma, unspecified, intrathoracic lymph nodes",DX,malignancy,Neoplasms,0,0,0
C8293,"Follicular lymphoma, unspecified, intra-abdominal lymph nodes",DX,malignancy,Neoplasms,0,0,0
C8294,"Follicular lymphoma, unspecified, lymph nodes of axilla and upper limb",DX,malignancy,Neoplasms,0,0,0
C8295,"Follicular lymphoma, unspecified, lymph nodes of inguinal region and lower limb",DX,malignancy,Neoplasms,0,0,0
C8296,"Follicular lymphoma, unspecified, intrapelvic lymph nodes",DX,malignancy,Neoplasms,0,0,0
C8297,"Follicular lymphoma, unspecified, spleen",DX,malignancy,Neoplasms,0,0,0
C8298,"Follicular lymphoma, unspecified, lymph nodes of multiple sites",DX,malignancy,Neoplasms,0,0,0
C8299,"Follicular lymphoma, unspecified, extranodal and solid organ sites",DX,malignancy,Neoplasms,0,0,0
C8300,"Small cell B-cell lymphoma, unspecified site",DX,malignancy,Neoplasms,0,0,0
C8301,"Small cell B-cell lymphoma, lymph nodes of head, face, and neck",DX,malignancy,Neoplasms,0,0,0
C8302,"Small cell B-cell lymphoma, intrathoracic lymph nodes",DX,malignancy,Neoplasms,0,0,0
C8303,"Small cell B-cell lymphoma, intra-abdominal lymph nodes",DX,malignancy,Neoplasms,0,0,0
C8304,"Small cell B-cell lymphoma, lymph nodes of axilla and upper limb",DX,malignancy,Neoplasms,0,0,0
C8305,"Small cell B-cell lymphoma, lymph nodes of inguinal region and lower limb",DX,malignancy,Neoplasms,0,0,0
C8306,"Small cell B-cell lymphoma, intrapelvic lymph nodes",DX,malignancy,Neoplasms,0,0,0
C8307,"Small cell B-cell lymphoma, spleen",DX,malignancy,Neoplasms,0,0,0
C8308,"Small cell B-cell lymphoma, lymph nodes of multiple sites",DX,malignancy,Neoplasms,0,0,0
C8309,"Small cell B-cell lymphoma, extranodal and solid organ sites",DX,malignancy,Neoplasms,0,0,0
C8310,"Mantle cell lymphoma, unspecified site",DX,malignancy,Neoplasms,0,0,0
C8311,"Mantle cell lymphoma, lymph nodes of head, face, and neck",DX,malignancy,Neoplasms,0,0,0
C8312,"Mantle cell lymphoma, intrathoracic lymph nodes",DX,malignancy,Neoplasms,0,0,0
C8313,"Mantle cell lymphoma, intra-abdominal lymph nodes",DX,malignancy,Neoplasms,0,0,0
C8314,"Mantle cell lymphoma, lymph nodes of axilla and upper limb",DX,malignancy,Neoplasms,0,0,0
C8315,"Mantle cell lymphoma, lymph nodes of inguinal region and lower limb",DX,malignancy,Neoplasms,0,0,0
C8316,"Mantle cell lymphoma, intrapelvic lymph nodes",DX,malignancy,Neoplasms,0,0,0
C8317,"Mantle cell lymphoma, spleen",DX,malignancy,Neoplasms,0,0,0
C8318,"Mantle cell lymphoma, lymph nodes of multiple sites",DX,malignancy,Neoplasms,0,0,0
C8319,"Mantle cell lymphoma, extranodal and solid organ sites",DX,malignancy,Neoplasms,0,0,0
C8330,"Diffuse large B-cell lymphoma, unspecified site",DX,malignancy,Neoplasms,0,0,0
C8331,"Diffuse large B-cell lymphoma, lymph nodes of head, face, and neck",DX,malignancy,Neoplasms,0,0,0
C8332,"Diffuse large B-cell lymphoma, intrathoracic lymph nodes",DX,malignancy,Neoplasms,0,0,0
C8333,"Diffuse large B-cell lymphoma, intra-abdominal lymph nodes",DX,malignancy,Neoplasms,0,0,0
C8334,"Diffuse large B-cell lymphoma, lymph nodes of axilla and upper limb",DX,malignancy,Neoplasms,0,0,0
C8335,"Diffuse large B-cell lymphoma, lymph nodes of inguinal region and lower limb",DX,malignancy,Neoplasms,0,0,0
C8336,"Diffuse large B-cell lymphoma, intrapelvic lymph nodes",DX,malignancy,Neoplasms,0,0,0
C8337,"Diffuse large B-cell lymphoma, spleen",DX,malignancy,Neoplasms,0,0,0
C8338,"Diffuse large B-cell lymphoma, lymph nodes of multiple sites",DX,malignancy,Neoplasms,0,0,0
C8339,"Diffuse large B-cell lymphoma, extranodal and solid organ sites",DX,malignancy,Neoplasms,0,0,0
C8350,"Lymphoblastic (diffuse) lymphoma, unspecified site",DX,malignancy,Neoplasms,0,0,0
C8351,"Lymphoblastic (diffuse) lymphoma, lymph nodes of head, face, and neck",DX,malignancy,Neoplasms,0,0,0
C8352,"Lymphoblastic (diffuse) lymphoma, intrathoracic lymph nodes",DX,malignancy,Neoplasms,0,0,0
C8353,"Lymphoblastic (diffuse) lymphoma, intra-abdominal lymph nodes",DX,malignancy,Neoplasms,0,0,0
C8354,"Lymphoblastic (diffuse) lymphoma, lymph nodes of axilla and upper limb",DX,malignancy,Neoplasms,0,0,0
C8355,"Lymphoblastic (diffuse) lymphoma, lymph nodes of inguinal region and lower limb",DX,malignancy,Neoplasms,0,0,0
C8356,"Lymphoblastic (diffuse) lymphoma, intrapelvic lymph nodes",DX,malignancy,Neoplasms,0,0,0
C8357,"Lymphoblastic (diffuse) lymphoma, spleen",DX,malignancy,Neoplasms,0,0,0
C8358,"Lymphoblastic (diffuse) lymphoma, lymph nodes of multiple sites",DX,malignancy,Neoplasms,0,0,0
C8359,"Lymphoblastic (diffuse) lymphoma, extranodal and solid organ sites",DX,malignancy,Neoplasms,0,0,0
C8370,"Burkitt lymphoma, unspecified site",DX,malignancy,Neoplasms,0,0,0
C8371,"Burkitt lymphoma, lymph nodes of head, face, and neck",DX,malignancy,Neoplasms,0,0,0
C8372,"Burkitt lymphoma, intrathoracic lymph nodes",DX,malignancy,Neoplasms,0,0,0
C8373,"Burkitt lymphoma, intra-abdominal lymph nodes",DX,malignancy,Neoplasms,0,0,0
C8374,"Burkitt lymphoma, lymph nodes of axilla and upper limb",DX,malignancy,Neoplasms,0,0,0
C8375,"Burkitt lymphoma, lymph nodes of inguinal region and lower limb",DX,malignancy,Neoplasms,0,0,0
C8376,"Burkitt lymphoma, intrapelvic lymph nodes",DX,malignancy,Neoplasms,0,0,0
C8377,"Burkitt lymphoma, spleen",DX,malignancy,Neoplasms,0,0,0
C8378,"Burkitt lymphoma, lymph nodes of multiple sites",DX,malignancy,Neoplasms,0,0,0
C8379,"Burkitt lymphoma, extranodal and solid organ sites",DX,malignancy,Neoplasms,0,0,0
C8380,"Other non-follicular lymphoma, unspecified site",DX,malignancy,Neoplasms,0,0,0
C8381,"Other non-follicular lymphoma, lymph nodes of head, face, and neck",DX,malignancy,Neoplasms,0,0,0
C8382,"Other non-follicular lymphoma, intrathoracic lymph nodes",DX,malignancy,Neoplasms,0,0,0
C8383,"Other non-follicular lymphoma, intra-abdominal lymph nodes",DX,malignancy,Neoplasms,0,0,0
C8384,"Other non-follicular lymphoma, lymph nodes of axilla and upper limb",DX,malignancy,Neoplasms,0,0,0
C8385,"Other non-follicular lymphoma, lymph nodes of inguinal region and lower limb",DX,malignancy,Neoplasms,0,0,0
C8386,"Other non-follicular lymphoma, intrapelvic lymph nodes",DX,malignancy,Neoplasms,0,0,0
C8387,"Other non-follicular lymphoma, spleen",DX,malignancy,Neoplasms,0,0,0
C8388,"Other non-follicular lymphoma, lymph nodes of multiple sites",DX,malignancy,Neoplasms,0,0,0
C8389,"Other non-follicular lymphoma, extranodal and solid organ sites",DX,malignancy,Neoplasms,0,0,0
C8390,"Non-follicular (diffuse) lymphoma, unspecified, unspecified site",DX,malignancy,Neoplasms,0,0,0
C8391,"Non-follicular (diffuse) lymphoma, unspecified, lymph nodes of head, face, and neck",DX,malignancy,Neoplasms,0,0,0
C8392,"Non-follicular (diffuse) lymphoma, unspecified, intrathoracic lymph nodes",DX,malignancy,Neoplasms,0,0,0
C8393,"Non-follicular (diffuse) lymphoma, unspecified, intra-abdominal lymph nodes",DX,malignancy,Neoplasms,0,0,0
C8394,"Non-follicular (diffuse) lymphoma, unspecified, lymph nodes of axilla and upper limb",DX,malignancy,Neoplasms,0,0,0
C8395,"Non-follicular (diffuse) lymphoma, unspecified, lymph nodes of inguinal region and lower limb",DX,malignancy,Neoplasms,0,0,0
C8396,"Non-follicular (diffuse) lymphoma, unspecified, intrapelvic lymph nodes",DX,malignancy,Neoplasms,0,0,0
C8397,"Non-follicular (diffuse) lymphoma, unspecified, spleen",DX,malignancy,Neoplasms,0,0,0
C8398,"Non-follicular (diffuse) lymphoma, unspecified, lymph nodes of multiple sites",DX,malignancy,Neoplasms,0,0,0
C8399,"Non-follicular (diffuse) lymphoma, unspecified, extranodal and solid organ sites",DX,malignancy,Neoplasms,0,0,0
C8400,"Mycosis fungoides, unspecified site",DX,malignancy,Neoplasms,0,0,0
C8401,"Mycosis fungoides, lymph nodes of head, face, and neck",DX,malignancy,Neoplasms,0,0,0
C8402,"Mycosis fungoides, intrathoracic lymph nodes",DX,malignancy,Neoplasms,0,0,0
C8403,"Mycosis fungoides, intra-abdominal lymph nodes",DX,malignancy,Neoplasms,0,0,0
C8404,"Mycosis fungoides, lymph nodes of axilla and upper limb",DX,malignancy,Neoplasms,0,0,0
C8405,"Mycosis fungoides, lymph nodes of inguinal region and lower limb",DX,malignancy,Neoplasms,0,0,0
C8406,"Mycosis fungoides, intrapelvic lymph nodes",DX,malignancy,Neoplasms,0,0,0
C8407,"Mycosis fungoides, spleen",DX,malignancy,Neoplasms,0,0,0
C8408,"Mycosis fungoides, lymph nodes of multiple sites",DX,malignancy,Neoplasms,0,0,0
C8409,"Mycosis fungoides, extranodal and solid organ sites",DX,malignancy,Neoplasms,0,0,0
C8410,"Sezary disease, unspecified site",DX,malignancy,Neoplasms,0,0,0
C8411,"Sezary disease, lymph nodes of head, face, and neck",DX,malignancy,Neoplasms,0,0,0
C8412,"Sezary disease, intrathoracic lymph nodes",DX,malignancy,Neoplasms,0,0,0
C8413,"Sezary disease, intra-abdominal lymph nodes",DX,malignancy,Neoplasms,0,0,0
C8414,"Sezary disease, lymph nodes of axilla and upper limb",DX,malignancy,Neoplasms,0,0,0
C8415,"Sezary disease, lymph nodes of inguinal region and lower limb",DX,malignancy,Neoplasms,0,0,0
C8416,"Sezary disease, intrapelvic lymph nodes",DX,malignancy,Neoplasms,0,0,0
C8417,"Sezary disease, spleen",DX,malignancy,Neoplasms,0,0,0
C8418,"Sezary disease, lymph nodes of multiple sites",DX,malignancy,Neoplasms,0,0,0
C8419,"Sezary disease, extranodal and solid organ sites",DX,malignancy,Neoplasms,0,0,0
C8440,"Peripheral T-cell lymphoma, not classified, unspecified site",DX,malignancy,Neoplasms,0,0,0
C8441,"Peripheral T-cell lymphoma, not classified, lymph nodes of head, face, and neck",DX,malignancy,Neoplasms,0,0,0
C8442,"Peripheral T-cell lymphoma, not classified, intrathoracic lymph nodes",DX,malignancy,Neoplasms,0,0,0
C8443,"Peripheral T-cell lymphoma, not classified, intra-abdominal lymph nodes",DX,malignancy,Neoplasms,0,0,0
C8444,"Peripheral T-cell lymphoma, not classified, lymph nodes of axilla and upper limb",DX,malignancy,Neoplasms,0,0,0
C8445,"Peripheral T-cell lymphoma, not classified, lymph nodes of inguinal region and lower limb",DX,malignancy,Neoplasms,0,0,0
C8446,"Peripheral T-cell lymphoma, not classified, intrapelvic lymph nodes",DX,malignancy,Neoplasms,0,0,0
C8447,"Peripheral T-cell lymphoma, not classified, spleen",DX,malignancy,Neoplasms,0,0,0
C8448,"Peripheral T-cell lymphoma, not classified, lymph nodes of multiple sites",DX,malignancy,Neoplasms,0,0,0
C8449,"Peripheral T-cell lymphoma, not classified, extranodal and solid organ sites",DX,malignancy,Neoplasms,0,0,0
C8460,"Anaplastic large cell lymphoma, ALK-positive, unspecified site",DX,malignancy,Neoplasms,0,0,0
C8461,"Anaplastic large cell lymphoma, ALK-positive, lymph nodes of head, face, and neck",DX,malignancy,Neoplasms,0,0,0
C8462,"Anaplastic large cell lymphoma, ALK-positive, intrathoracic lymph nodes",DX,malignancy,Neoplasms,0,0,0
C8463,"Anaplastic large cell lymphoma, ALK-positive, intra-abdominal lymph nodes",DX,malignancy,Neoplasms,0,0,0
C8464,"Anaplastic large cell lymphoma, ALK-positive, lymph nodes of axilla and upper limb",DX,malignancy,Neoplasms,0,0,0
C8465,"Anaplastic large cell lymphoma, ALK-positive, lymph nodes of inguinal region and lower limb",DX,malignancy,Neoplasms,0,0,0
C8466,"Anaplastic large cell lymphoma, ALK-positive, intrapelvic lymph nodes",DX,malignancy,Neoplasms,0,0,0
C8467,"Anaplastic large cell lymphoma, ALK-positive, spleen",DX,malignancy,Neoplasms,0,0,0
C8468,"Anaplastic large cell lymphoma, ALK-positive, lymph nodes of multiple sites",DX,malignancy,Neoplasms,0,0,0
C8469,"Anaplastic large cell lymphoma, ALK-positive, extranodal and solid organ sites",DX,malignancy,Neoplasms,0,0,0
C8470,"Anaplastic large cell lymphoma, ALK-negative, unspecified site",DX,malignancy,Neoplasms,0,0,0
C8471,"Anaplastic large cell lymphoma, ALK-negative, lymph nodes of head, face, and neck",DX,malignancy,Neoplasms,0,0,0
C8472,"Anaplastic large cell lymphoma, ALK-negative, intrathoracic lymph nodes",DX,malignancy,Neoplasms,0,0,0
C8473,"Anaplastic large cell lymphoma, ALK-negative, intra-abdominal lymph nodes",DX,malignancy,Neoplasms,0,0,0
C8474,"Anaplastic large cell lymphoma, ALK-negative, lymph nodes of axilla and upper limb",DX,malignancy,Neoplasms,0,0,0
C8475,"Anaplastic large cell lymphoma, ALK-negative, lymph nodes of inguinal region and lower limb",DX,malignancy,Neoplasms,0,0,0
C8476,"Anaplastic large cell lymphoma, ALK-negative, intrapelvic lymph nodes",DX,malignancy,Neoplasms,0,0,0
C8477,"Anaplastic large cell lymphoma, ALK-negative, spleen",DX,malignancy,Neoplasms,0,0,0
C8478,"Anaplastic large cell lymphoma, ALK-negative, lymph nodes of multiple sites",DX,malignancy,Neoplasms,0,0,0
C8479,"Anaplastic large cell lymphoma, ALK-negative, extranodal and solid organ sites",DX,malignancy,Neoplasms,0,0,0
C8490,"Mature T/NK-cell lymphomas, unspecified, unspecified site",DX,malignancy,Neoplasms,0,0,0
C8491,"Mature T/NK-cell lymphomas, unspecified, lymph nodes of head, face, and neck",DX,malignancy,Neoplasms,0,0,0
C8492,"Mature T/NK-cell lymphomas, unspecified, intrathoracic lymph nodes",DX,malignancy,Neoplasms,0,0,0
C8493,"Mature T/NK-cell lymphomas, unspecified, intra-abdominal lymph nodes",DX,malignancy,Neoplasms,0,0,0
C8494,"Mature T/NK-cell lymphomas, unspecified, lymph nodes of axilla and upper limb",DX,malignancy,Neoplasms,0,0,0
C8495,"Mature T/NK-cell lymphomas, unspecified, lymph nodes of inguinal region and lower limb",DX,malignancy,Neoplasms,0,0,0
C8496,"Mature T/NK-cell lymphomas, unspecified, intrapelvic lymph nodes",DX,malignancy,Neoplasms,0,0,0
C8497,"Mature T/NK-cell lymphomas, unspecified, spleen",DX,malignancy,Neoplasms,0,0,0
C8498,"Mature T/NK-cell lymphomas, unspecified, lymph nodes of multiple sites",DX,malignancy,Neoplasms,0,0,0
C8499,"Mature T/NK-cell lymphomas, unspecified, extranodal and solid organ sites",DX,malignancy,Neoplasms,0,0,0
C84A0,"Cutaneous T-cell lymphoma, unspecified, unspecified site",DX,malignancy,Neoplasms,0,0,0
C84A1,"Cutaneous T-cell lymphoma, unspecified lymph nodes of head, face, and neck",DX,malignancy,Neoplasms,0,0,0
C84A2,"Cutaneous T-cell lymphoma, unspecified, intrathoracic lymph nodes",DX,malignancy,Neoplasms,0,0,0
C84A3,"Cutaneous T-cell lymphoma, unspecified, intra-abdominal lymph nodes",DX,malignancy,Neoplasms,0,0,0
C84A4,"Cutaneous T-cell lymphoma, unspecified, lymph nodes of axilla and upper limb",DX,malignancy,Neoplasms,0,0,0
C84A5,"Cutaneous T-cell lymphoma, unspecified, lymph nodes of inguinal region and lower limb",DX,malignancy,Neoplasms,0,0,0
C84A6,"Cutaneous T-cell lymphoma, unspecified, intrapelvic lymph nodes",DX,malignancy,Neoplasms,0,0,0
C84A7,"Cutaneous T-cell lymphoma, unspecified, spleen",DX,malignancy,Neoplasms,0,0,0
C84A8,"Cutaneous T-cell lymphoma, unspecified, lymph nodes of multiple sites",DX,malignancy,Neoplasms,0,0,0
C84A9,"Cutaneous T-cell lymphoma, unspecified, extranodal and solid organ sites",DX,malignancy,Neoplasms,0,0,0
C84Z0,"Other mature T/NK-cell lymphomas, unspecified site",DX,malignancy,Neoplasms,0,0,0
C84Z1,"Other mature T/NK-cell lymphomas, lymph nodes of head, face, and neck",DX,malignancy,Neoplasms,0,0,0
C84Z2,"Other mature T/NK-cell lymphomas, intrathoracic lymph nodes",DX,malignancy,Neoplasms,0,0,0
C84Z3,"Other mature T/NK-cell lymphomas, intra-abdominal lymph nodes",DX,malignancy,Neoplasms,0,0,0
C84Z4,"Other mature T/NK-cell lymphomas, lymph nodes of axilla and upper limb",DX,malignancy,Neoplasms,0,0,0
C84Z5,"Other mature T/NK-cell lymphomas, lymph nodes of inguinal region and lower limb",DX,malignancy,Neoplasms,0,0,0
C84Z6,"Other mature T/NK-cell lymphomas, intrapelvic lymph nodes",DX,malignancy,Neoplasms,0,0,0
C84Z7,"Other mature T/NK-cell lymphomas, spleen",DX,malignancy,Neoplasms,0,0,0
C84Z8,"Other mature T/NK-cell lymphomas, lymph nodes of multiple sites",DX,malignancy,Neoplasms,0,0,0
C84Z9,"Other mature T/NK-cell lymphomas, extranodal and solid organ sites",DX,malignancy,Neoplasms,0,0,0
C8510,"Unspecified B-cell lymphoma, unspecified site",DX,malignancy,Neoplasms,0,0,0
C8511,"Unspecified B-cell lymphoma, lymph nodes of head, face, and neck",DX,malignancy,Neoplasms,0,0,0
C8512,"Unspecified B-cell lymphoma, intrathoracic lymph nodes",DX,malignancy,Neoplasms,0,0,0
C8513,"Unspecified B-cell lymphoma, intra-abdominal lymph nodes",DX,malignancy,Neoplasms,0,0,0
C8514,"Unspecified B-cell lymphoma, lymph nodes of axilla and upper limb",DX,malignancy,Neoplasms,0,0,0
C8515,"Unspecified B-cell lymphoma, lymph nodes of inguinal region and lower limb",DX,malignancy,Neoplasms,0,0,0
C8516,"Unspecified B-cell lymphoma, intrapelvic lymph nodes",DX,malignancy,Neoplasms,0,0,0
C8517,"Unspecified B-cell lymphoma, spleen",DX,malignancy,Neoplasms,0,0,0
C8518,"Unspecified B-cell lymphoma, lymph nodes of multiple sites",DX,malignancy,Neoplasms,0,0,0
C8519,"Unspecified B-cell lymphoma, extranodal and solid organ sites",DX,malignancy,Neoplasms,0,0,0
C8520,"Mediastinal (thymic) large B-cell lymphoma, unspecified site",DX,malignancy,Neoplasms,0,0,0
C8521,"Mediastinal (thymic) large B-cell lymphoma, lymph nodes of head, face, and neck",DX,malignancy,Neoplasms,0,0,0
C8522,"Mediastinal (thymic) large B-cell lymphoma, intrathoracic lymph nodes",DX,malignancy,Neoplasms,0,0,0
C8523,"Mediastinal (thymic) large B-cell lymphoma, intra-abdominal lymph nodes",DX,malignancy,Neoplasms,0,0,0
C8524,"Mediastinal (thymic) large B-cell lymphoma, lymph nodes of axilla and upper limb",DX,malignancy,Neoplasms,0,0,0
C8525,"Mediastinal (thymic) large B-cell lymphoma, lymph nodes of inguinal region and lower limb",DX,malignancy,Neoplasms,0,0,0
C8526,"Mediastinal (thymic) large B-cell lymphoma, intrapelvic lymph nodes",DX,malignancy,Neoplasms,0,0,0
C8527,"Mediastinal (thymic) large B-cell lymphoma, spleen",DX,malignancy,Neoplasms,0,0,0
C8528,"Mediastinal (thymic) large B-cell lymphoma, lymph nodes of multiple sites",DX,malignancy,Neoplasms,0,0,0
C8529,"Mediastinal (thymic) large B-cell lymphoma, extranodal and solid organ sites",DX,malignancy,Neoplasms,0,0,0
C8580,"Other specified types of non-Hodgkin lymphoma, unspecified site",DX,malignancy,Neoplasms,0,0,0
C8581,"Other specified types of non-Hodgkin lymphoma, lymph nodes of head, face, and neck",DX,malignancy,Neoplasms,0,0,0
C8582,"Other specified types of non-Hodgkin lymphoma, intrathoracic lymph nodes",DX,malignancy,Neoplasms,0,0,0
C8583,"Other specified types of non-Hodgkin lymphoma, intra-abdominal lymph nodes",DX,malignancy,Neoplasms,0,0,0
C8584,"Other specified types of non-Hodgkin lymphoma, lymph nodes of axilla and upper limb",DX,malignancy,Neoplasms,0,0,0
C8585,"Other specified types of non-Hodgkin lymphoma, lymph nodes of inguinal region and lower limb",DX,malignancy,Neoplasms,0,0,0
C8586,"Other specified types of non-Hodgkin lymphoma, intrapelvic lymph nodes",DX,malignancy,Neoplasms,0,0,0
C8587,"Other specified types of non-Hodgkin lymphoma, spleen",DX,malignancy,Neoplasms,0,0,0
C8588,"Other specified types of non-Hodgkin lymphoma, lymph nodes of multiple sites",DX,malignancy,Neoplasms,0,0,0
C8589,"Other specified types of non-Hodgkin lymphoma, extranodal and solid organ sites",DX,malignancy,Neoplasms,0,0,0
C8590,"Non-Hodgkin lymphoma, unspecified, unspecified site",DX,malignancy,Neoplasms,0,0,0
C8591,"Non-Hodgkin lymphoma, unspecified, lymph nodes of head, face, and neck",DX,malignancy,Neoplasms,0,0,0
C8592,"Non-Hodgkin lymphoma, unspecified, intrathoracic lymph nodes",DX,malignancy,Neoplasms,0,0,0
C8593,"Non-Hodgkin lymphoma, unspecified, intra-abdominal lymph nodes",DX,malignancy,Neoplasms,0,0,0
C8594,"Non-Hodgkin lymphoma, unspecified, lymph nodes of axilla and upper limb",DX,malignancy,Neoplasms,0,0,0
C8595,"Non-Hodgkin lymphoma, unspecified, lymph nodes of inguinal region and lower limb",DX,malignancy,Neoplasms,0,0,0
C8596,"Non-Hodgkin lymphoma, unspecified, intrapelvic lymph nodes",DX,malignancy,Neoplasms,0,0,0
C8597,"Non-Hodgkin lymphoma, unspecified, spleen",DX,malignancy,Neoplasms,0,0,0
C8598,"Non-Hodgkin lymphoma, unspecified, lymph nodes of multiple sites",DX,malignancy,Neoplasms,0,0,0
C8599,"Non-Hodgkin lymphoma, unspecified, extranodal and solid organ sites",DX,malignancy,Neoplasms,0,0,0
C860,"Extranodal NK/T-cell lymphoma, nasal type",DX,malignancy,Neoplasms,0,0,0
C861,Hepatosplenic T-cell lymphoma,DX,malignancy,Neoplasms,0,0,0
C862,Enteropathy-type (intestinal) T-cell lymphoma,DX,malignancy,Neoplasms,0,0,0
C863,Subcutaneous panniculitis-like T-cell lymphoma,DX,malignancy,Neoplasms,0,0,0
C864,Blastic NK-cell lymphoma,DX,malignancy,Neoplasms,0,0,0
C865,Angioimmunoblastic T-cell lymphoma,DX,malignancy,Neoplasms,0,0,0
C866,Primary cutaneous CD30-positive T-cell proliferations,DX,malignancy,Neoplasms,0,0,0
C880,Waldenstrom macroglobulinemia,DX,malignancy,Neoplasms,0,0,0
C882,Heavy chain disease,DX,malignancy,Neoplasms,0,0,0
C883,Immunoproliferative small intestinal disease,DX,malignancy,Neoplasms,0,0,0
C884,Extranodal marginal zone B-cell lymphoma of mucosa-associated lymphoid tissue [MALT-lymphoma],DX,malignancy,Neoplasms,0,0,0
C888,Other malignant immunoproliferative diseases,DX,malignancy,Neoplasms,0,0,0
C889,"Malignant immunoproliferative disease, unspecified",DX,malignancy,Neoplasms,0,0,0
C9000,Multiple myeloma not having achieved remission,DX,malignancy,Neoplasms,0,0,0
C9001,Multiple myeloma in remission,DX,malignancy,Neoplasms,0,0,0
C9002,Multiple myeloma in relapse,DX,malignancy,Neoplasms,0,0,0
C9010,Plasma cell leukemia not having achieved remission,DX,malignancy,Neoplasms,0,0,0
C9011,Plasma cell leukemia in remission,DX,malignancy,Neoplasms,0,0,0
C9012,Plasma cell leukemia in relapse,DX,malignancy,Neoplasms,0,0,0
C9020,Extramedullary plasmacytoma not having achieved remission,DX,malignancy,Neoplasms,0,0,0
C9021,Extramedullary plasmacytoma in remission,DX,malignancy,Neoplasms,0,0,0
C9022,Extramedullary plasmacytoma in relapse,DX,malignancy,Neoplasms,0,0,0
C9030,Solitary plasmacytoma not having achieved remission,DX,malignancy,Neoplasms,0,0,0
C9031,Solitary plasmacytoma in remission,DX,malignancy,Neoplasms,0,0,0
C9032,Solitary plasmacytoma in relapse,DX,malignancy,Neoplasms,0,0,0
C9100,Acute lymphoblastic leukemia not having achieved remission,DX,malignancy,Neoplasms,0,0,0
C9101,"Acute lymphoblastic leukemia, in remission",DX,malignancy,Neoplasms,0,0,0
C9102,"Acute lymphoblastic leukemia, in relapse",DX,malignancy,Neoplasms,0,0,0
C9110,Chronic lymphocytic leukemia of B-cell type not having achieved remission,DX,malignancy,Neoplasms,0,0,0
C9111,Chronic lymphocytic leukemia of B-cell type in remission,DX,malignancy,Neoplasms,0,0,0
C9112,Chronic lymphocytic leukemia of B-cell type in relapse,DX,malignancy,Neoplasms,0,0,0
C9130,Prolymphocytic leukemia of B-cell type not having achieved remission,DX,malignancy,Neoplasms,0,0,0
C9131,"Prolymphocytic leukemia of B-cell type, in remission",DX,malignancy,Neoplasms,0,0,0
C9132,"Prolymphocytic leukemia of B-cell type, in relapse",DX,malignancy,Neoplasms,0,0,0
C9140,Hairy cell leukemia not having achieved remission,DX,malignancy,Neoplasms,0,0,0
C9141,"Hairy cell leukemia, in remission",DX,malignancy,Neoplasms,0,0,0
C9142,"Hairy cell leukemia, in relapse",DX,malignancy,Neoplasms,0,0,0
C9150,Adult T-cell lymphoma/leukemia (HTLV-1-associated) not having achieved remission,DX,malignancy,Neoplasms,0,0,0
C9151,"Adult T-cell lymphoma/leukemia (HTLV-1-associated), in remission",DX,malignancy,Neoplasms,0,0,0
C9152,"Adult T-cell lymphoma/leukemia (HTLV-1-associated), in relapse",DX,malignancy,Neoplasms,0,0,0
C9160,Prolymphocytic leukemia of T-cell type not having achieved remission,DX,malignancy,Neoplasms,0,0,0
C9161,"Prolymphocytic leukemia of T-cell type, in remission",DX,malignancy,Neoplasms,0,0,0
C9162,"Prolymphocytic leukemia of T-cell type, in relapse",DX,malignancy,Neoplasms,0,0,0
C9190,"Lymphoid leukemia, unspecified not having achieved remission",DX,malignancy,Neoplasms,0,0,0
C9191,"Lymphoid leukemia, unspecified, in remission",DX,malignancy,Neoplasms,0,0,0
C9192,"Lymphoid leukemia, unspecified, in relapse",DX,malignancy,Neoplasms,0,0,0
C91A0,Mature B-cell leukemia Burkitt-type not having achieved remission,DX,malignancy,Neoplasms,0,0,0
C91A1,"Mature B-cell leukemia Burkitt-type, in remission",DX,malignancy,Neoplasms,0,0,0
C91A2,"Mature B-cell leukemia Burkitt-type, in relapse",DX,malignancy,Neoplasms,0,0,0
C91Z0,Other lymphoid leukemia not having achieved remission,DX,malignancy,Neoplasms,0,0,0
C91Z1,"Other lymphoid leukemia, in remission",DX,malignancy,Neoplasms,0,0,0
C91Z2,"Other lymphoid leukemia, in relapse",DX,malignancy,Neoplasms,0,0,0
C9200,"Acute myeloblastic leukemia, not having achieved remission",DX,malignancy,Neoplasms,0,0,0
C9201,"Acute myeloblastic leukemia, in remission",DX,malignancy,Neoplasms,0,0,0
C9202,"Acute myeloblastic leukemia, in relapse",DX,malignancy,Neoplasms,0,0,0
C9210,"Chronic myeloid leukemia, BCR/ABL-positive, not having achieved remission",DX,malignancy,Neoplasms,0,0,0
C9211,"Chronic myeloid leukemia, BCR/ABL-positive, in remission",DX,malignancy,Neoplasms,0,0,0
C9212,"Chronic myeloid leukemia, BCR/ABL-positive, in relapse",DX,malignancy,Neoplasms,0,0,0
C9220,"Atypical chronic myeloid leukemia, BCR/ABL-negative, not having achieved remission",DX,malignancy,Neoplasms,0,0,0
C9221,"Atypical chronic myeloid leukemia, BCR/ABL-negative, in remission",DX,malignancy,Neoplasms,0,0,0
C9222,"Atypical chronic myeloid leukemia, BCR/ABL-negative, in relapse",DX,malignancy,Neoplasms,0,0,0
C9230,"Myeloid sarcoma, not having achieved remission",DX,malignancy,Neoplasms,0,0,0
C9231,"Myeloid sarcoma, in remission",DX,malignancy,Neoplasms,0,0,0
C9232,"Myeloid sarcoma, in relapse",DX,malignancy,Neoplasms,0,0,0
C9240,"Acute promyelocytic leukemia, not having achieved remission",DX,malignancy,Neoplasms,0,0,0
C9241,"Acute promyelocytic leukemia, in remission",DX,malignancy,Neoplasms,0,0,0
C9242,"Acute promyelocytic leukemia, in relapse",DX,malignancy,Neoplasms,0,0,0
C9250,"Acute myelomonocytic leukemia, not having achieved remission",DX,malignancy,Neoplasms,0,0,0
C9251,"Acute myelomonocytic leukemia, in remission",DX,malignancy,Neoplasms,0,0,0
C9252,"Acute myelomonocytic leukemia, in relapse",DX,malignancy,Neoplasms,0,0,0
C9260,Acute myeloid leukemia with 11q23-abnormality not having achieved remission,DX,malignancy,Neoplasms,0,0,0
C9261,Acute myeloid leukemia with 11q23-abnormality in remission,DX,malignancy,Neoplasms,0,0,0
C9262,Acute myeloid leukemia with 11q23-abnormality in relapse,DX,malignancy,Neoplasms,0,0,0
C9290,"Myeloid leukemia, unspecified, not having achieved remission",DX,malignancy,Neoplasms,0,0,0
C9291,"Myeloid leukemia, unspecified in remission",DX,malignancy,Neoplasms,0,0,0
C9292,"Myeloid leukemia, unspecified in relapse",DX,malignancy,Neoplasms,0,0,0
C92A0,"Acute myeloid leukemia with multilineage dysplasia, not having achieved remission",DX,malignancy,Neoplasms,0,0,0
C92A1,"Acute myeloid leukemia with multilineage dysplasia, in remission",DX,malignancy,Neoplasms,0,0,0
C92A2,"Acute myeloid leukemia with multilineage dysplasia, in relapse",DX,malignancy,Neoplasms,0,0,0
C92Z0,Other myeloid leukemia not having achieved remission,DX,malignancy,Neoplasms,0,0,0
C92Z1,"Other myeloid leukemia, in remission",DX,malignancy,Neoplasms,0,0,0
C92Z2,"Other myeloid leukemia, in relapse",DX,malignancy,Neoplasms,0,0,0
C9300,"Acute monoblastic/monocytic leukemia, not having achieved remission",DX,malignancy,Neoplasms,0,0,0
C9301,"Acute monoblastic/monocytic leukemia, in remission",DX,malignancy,Neoplasms,0,0,0
C9302,"Acute monoblastic/monocytic leukemia, in relapse",DX,malignancy,Neoplasms,0,0,0
C9310,Chronic myelomonocytic leukemia not having achieved remission,DX,malignancy,Neoplasms,0,0,0
C9311,"Chronic myelomonocytic leukemia, in remission",DX,malignancy,Neoplasms,0,0,0
C9312,"Chronic myelomonocytic leukemia, in relapse",DX,malignancy,Neoplasms,0,0,0
C9330,"Juvenile myelomonocytic leukemia, not having achieved remission",DX,malignancy,Neoplasms,0,0,0
C9331,"Juvenile myelomonocytic leukemia, in remission",DX,malignancy,Neoplasms,0,0,0
C9332,"Juvenile myelomonocytic leukemia, in relapse",DX,malignancy,Neoplasms,0,0,0
C9390,"Monocytic leukemia, unspecified, not having achieved remission",DX,malignancy,Neoplasms,0,0,0
C9391,"Monocytic leukemia, unspecified in remission",DX,malignancy,Neoplasms,0,0,0
C9392,"Monocytic leukemia, unspecified in relapse",DX,malignancy,Neoplasms,0,0,0
C93Z0,"Other monocytic leukemia, not having achieved remission",DX,malignancy,Neoplasms,0,0,0
C93Z1,"Other monocytic leukemia, in remission",DX,malignancy,Neoplasms,0,0,0
C93Z2,"Other monocytic leukemia, in relapse",DX,malignancy,Neoplasms,0,0,0
C9400,"Acute erythroid leukemia, not having achieved remission",DX,malignancy,Neoplasms,0,0,0
C9401,"Acute erythroid leukemia, in remission",DX,malignancy,Neoplasms,0,0,0
C9402,"Acute erythroid leukemia, in relapse",DX,malignancy,Neoplasms,0,0,0
C9420,Acute megakaryoblastic leukemia not having achieved remission,DX,malignancy,Neoplasms,0,0,0
C9421,"Acute megakaryoblastic leukemia, in remission",DX,malignancy,Neoplasms,0,0,0
C9422,"Acute megakaryoblastic leukemia, in relapse",DX,malignancy,Neoplasms,0,0,0
C9430,Mast cell leukemia not having achieved remission,DX,malignancy,Neoplasms,0,0,0
C9431,"Mast cell leukemia, in remission",DX,malignancy,Neoplasms,0,0,0
C9432,"Mast cell leukemia, in relapse",DX,malignancy,Neoplasms,0,0,0
C9440,Acute panmyelosis with myelofibrosis not having achieved remission,DX,malignancy,Neoplasms,0,0,0
C9441,"Acute panmyelosis with myelofibrosis, in remission",DX,malignancy,Neoplasms,0,0,0
C9442,"Acute panmyelosis with myelofibrosis, in relapse",DX,malignancy,Neoplasms,0,0,0
C946,"Myelodysplastic disease, not classified",DX,malignancy,Neoplasms,0,0,0
C9480,Other specified leukemias not having achieved remission,DX,malignancy,Neoplasms,0,0,0
C9481,"Other specified leukemias, in remission",DX,malignancy,Neoplasms,0,0,0
C9482,"Other specified leukemias, in relapse",DX,malignancy,Neoplasms,0,0,0
C9500,Acute leukemia of unspecified cell type not having achieved remission,DX,malignancy,Neoplasms,0,0,0
C9501,"Acute leukemia of unspecified cell type, in remission",DX,malignancy,Neoplasms,0,0,0
C9502,"Acute leukemia of unspecified cell type, in relapse",DX,malignancy,Neoplasms,0,0,0
C9510,Chronic leukemia of unspecified cell type not having achieved remission,DX,malignancy,Neoplasms,0,0,0
C9511,"Chronic leukemia of unspecified cell type, in remission",DX,malignancy,Neoplasms,0,0,0
C9512,"Chronic leukemia of unspecified cell type, in relapse",DX,malignancy,Neoplasms,0,0,0
C9590,"Leukemia, unspecified not having achieved remission",DX,malignancy,Neoplasms,0,0,0
C9591,"Leukemia, unspecified, in remission",DX,malignancy,Neoplasms,0,0,0
C9592,"Leukemia, unspecified, in relapse",DX,malignancy,Neoplasms,0,0,0
C960,Multifocal and multisystemic (disseminated) Langerhans-cell histiocytosis,DX,malignancy,Neoplasms,0,0,0
C962,Malignant mast cell tumor,DX,malignancy,Neoplasms,0,0,0
C9620,"Malignant mast cell neoplasm, unspecified",DX,malignancy,Neoplasms,0,0,0
C9621,Aggressive systemic mastocytosis,DX,malignancy,Neoplasms,0,0,0
C9622,Mast cell sarcoma,DX,malignancy,Neoplasms,0,0,0
C9629,Other malignant mast cell neoplasm,DX,malignancy,Neoplasms,0,0,0
C964,Sarcoma of dendritic cells (accessory cells),DX,malignancy,Neoplasms,0,0,0
C965,Multifocal and unisystemic Langerhans-cell histiocytosis,DX,malignancy,Neoplasms,0,0,0
C966,Unifocal Langerhans-cell histiocytosis,DX,malignancy,Neoplasms,0,0,0
C969,"Malignant neoplasm of lymphoid, hematopoietic and related tissue, unspecified",DX,malignancy,Neoplasms,0,0,0
C96A,Histiocytic sarcoma,DX,malignancy,Neoplasms,0,0,0
C96Z,"Other specified malignant neoplasms of lymphoid, hematopoietic and related tissue",DX,malignancy,Neoplasms,0,0,0
D0000,"Carcinoma in situ of oral cavity, unspecified site",DX,malignancy,Neoplasms,0,0,0
D0001,Carcinoma in situ of labial mucosa and vermilion border,DX,malignancy,Neoplasms,0,0,0
D0002,Carcinoma in situ of buccal mucosa,DX,malignancy,Neoplasms,0,0,0
D0003,Carcinoma in situ of gingiva and edentulous alveolar ridge,DX,malignancy,Neoplasms,0,0,0
D0004,Carcinoma in situ of soft palate,DX,malignancy,Neoplasms,0,0,0
D0005,Carcinoma in situ of hard palate,DX,malignancy,Neoplasms,0,0,0
D0006,Carcinoma in situ of floor of mouth,DX,malignancy,Neoplasms,0,0,0
D0007,Carcinoma in situ of tongue,DX,malignancy,Neoplasms,0,0,0
D0008,Carcinoma in situ of pharynx,DX,malignancy,Neoplasms,0,0,0
D001,Carcinoma in situ of esophagus,DX,malignancy,Neoplasms,0,0,0
D002,Carcinoma in situ of stomach,DX,malignancy,Neoplasms,0,0,0
D010,Carcinoma in situ of colon,DX,malignancy,Neoplasms,0,0,0
D011,Carcinoma in situ of rectosigmoid junction,DX,malignancy,Neoplasms,0,0,0
D012,Carcinoma in situ of rectum,DX,malignancy,Neoplasms,0,0,0
D013,Carcinoma in situ of anus and anal canal,DX,malignancy,Neoplasms,0,0,0
D0140,Carcinoma in situ of unspecified part of intestine,DX,malignancy,Neoplasms,0,0,0
D0149,Carcinoma in situ of other parts of intestine,DX,malignancy,Neoplasms,0,0,0
D015,"Carcinoma in situ of liver, gallbladder and bile ducts",DX,malignancy,Neoplasms,0,0,0
D017,Carcinoma in situ of other specified digestive organs,DX,malignancy,Neoplasms,0,0,0
D019,"Carcinoma in situ of digestive organ, unspecified",DX,malignancy,Neoplasms,0,0,0
D020,Carcinoma in situ of larynx,DX,malignancy,Neoplasms,0,0,0
D021,Carcinoma in situ of trachea,DX,malignancy,Neoplasms,0,0,0
D0220,Carcinoma in situ of unspecified bronchus and lung,DX,malignancy,Neoplasms,0,0,0
D0221,Carcinoma in situ of right bronchus and lung,DX,malignancy,Neoplasms,0,0,0
D0222,Carcinoma in situ of left bronchus and lung,DX,malignancy,Neoplasms,0,0,0
D023,Carcinoma in situ of other parts of respiratory system,DX,malignancy,Neoplasms,0,0,0
D024,"Carcinoma in situ of respiratory system, unspecified",DX,malignancy,Neoplasms,0,0,0
D030,Melanoma in situ of lip,DX,malignancy,Neoplasms,0,0,0
D0310,"Melanoma in situ of unspecified eyelid, including canthus",DX,malignancy,Neoplasms,0,0,0
D0311,"Melanoma in situ of right eyelid, including canthus",DX,malignancy,Neoplasms,0,0,0
D03111,"Melanoma in situ of right upper eyelid, including canthus",DX,malignancy,Neoplasms,0,0,0
D03112,"Melanoma in situ of right lower eyelid, including canthus",DX,malignancy,Neoplasms,0,0,0
D0312,"Melanoma in situ of left eyelid, including canthus",DX,malignancy,Neoplasms,0,0,0
D03121,"Melanoma in situ of left upper eyelid, including canthus",DX,malignancy,Neoplasms,0,0,0
D03122,"Melanoma in situ of left lower eyelid, including canthus",DX,malignancy,Neoplasms,0,0,0
D0320,Melanoma in situ of unspecified ear and external auricular canal,DX,malignancy,Neoplasms,0,0,0
D0321,Melanoma in situ of right ear and external auricular canal,DX,malignancy,Neoplasms,0,0,0
D0322,Melanoma in situ of left ear and external auricular canal,DX,malignancy,Neoplasms,0,0,0
D0330,Melanoma in situ of unspecified part of face,DX,malignancy,Neoplasms,0,0,0
D0339,Melanoma in situ of other parts of face,DX,malignancy,Neoplasms,0,0,0
D034,Melanoma in situ of scalp and neck,DX,malignancy,Neoplasms,0,0,0
D0351,Melanoma in situ of anal skin,DX,malignancy,Neoplasms,0,0,0
D0352,Melanoma in situ of breast (skin) (soft tissue),DX,malignancy,Neoplasms,0,0,0
D0359,Melanoma in situ of other part of trunk,DX,malignancy,Neoplasms,0,0,0
D0360,"Melanoma in situ of unspecified upper limb, including shoulder",DX,malignancy,Neoplasms,0,0,0
D0361,"Melanoma in situ of right upper limb, including shoulder",DX,malignancy,Neoplasms,0,0,0
D0362,"Melanoma in situ of left upper limb, including shoulder",DX,malignancy,Neoplasms,0,0,0
D0370,"Melanoma in situ of unspecified lower limb, including hip",DX,malignancy,Neoplasms,0,0,0
D0371,"Melanoma in situ of right lower limb, including hip",DX,malignancy,Neoplasms,0,0,0
D0372,"Melanoma in situ of left lower limb, including hip",DX,malignancy,Neoplasms,0,0,0
D038,Melanoma in situ of other sites,DX,malignancy,Neoplasms,0,0,0
D039,"Melanoma in situ, unspecified",DX,malignancy,Neoplasms,0,0,0
D040,Carcinoma in situ of skin of lip,DX,malignancy,Neoplasms,0,0,0
D0410,"Carcinoma in situ of skin of unspecified eyelid, including canthus",DX,malignancy,Neoplasms,0,0,0
D0411,"Carcinoma in situ of skin of right eyelid, including canthus",DX,malignancy,Neoplasms,0,0,0
D04111,"Carcinoma in situ of skin of right upper eyelid, including canthus",DX,malignancy,Neoplasms,0,0,0
D04112,"Carcinoma in situ of skin of right lower eyelid, including canthus",DX,malignancy,Neoplasms,0,0,0
D0412,"Carcinoma in situ of skin of left eyelid, including canthus",DX,malignancy,Neoplasms,0,0,0
D04121,"Carcinoma in situ of skin of left upper eyelid, including canthus",DX,malignancy,Neoplasms,0,0,0
D04122,"Carcinoma in situ of skin of left lower eyelid, including canthus",DX,malignancy,Neoplasms,0,0,0
D0420,Carcinoma in situ of skin of unspecified ear and external auricular canal,DX,malignancy,Neoplasms,0,0,0
D0421,Carcinoma in situ of skin of right ear and external auricular canal,DX,malignancy,Neoplasms,0,0,0
D0422,Carcinoma in situ of skin of left ear and external auricular canal,DX,malignancy,Neoplasms,0,0,0
D0430,Carcinoma in situ of skin of unspecified part of face,DX,malignancy,Neoplasms,0,0,0
D0439,Carcinoma in situ of skin of other parts of face,DX,malignancy,Neoplasms,0,0,0
D044,Carcinoma in situ of skin of scalp and neck,DX,malignancy,Neoplasms,0,0,0
D045,Carcinoma in situ of skin of trunk,DX,malignancy,Neoplasms,0,0,0
D0460,"Carcinoma in situ of skin of unspecified upper limb, including shoulder",DX,malignancy,Neoplasms,0,0,0
D0461,"Carcinoma in situ of skin of right upper limb, including shoulder",DX,malignancy,Neoplasms,0,0,0
D0462,"Carcinoma in situ of skin of left upper limb, including shoulder",DX,malignancy,Neoplasms,0,0,0
D0470,"Carcinoma in situ of skin of unspecified lower limb, including hip",DX,malignancy,Neoplasms,0,0,0
D0471,"Carcinoma in situ of skin of right lower limb, including hip",DX,malignancy,Neoplasms,0,0,0
D0472,"Carcinoma in situ of skin of left lower limb, including hip",DX,malignancy,Neoplasms,0,0,0
D048,Carcinoma in situ of skin of other sites,DX,malignancy,Neoplasms,0,0,0
D049,"Carcinoma in situ of skin, unspecified",DX,malignancy,Neoplasms,0,0,0
D0500,Lobular carcinoma in situ of unspecified breast,DX,malignancy,Neoplasms,0,0,0
D0501,Lobular carcinoma in situ of right breast,DX,malignancy,Neoplasms,0,0,0
D0502,Lobular carcinoma in situ of left breast,DX,malignancy,Neoplasms,0,0,0
D0510,Intraductal carcinoma in situ of unspecified breast,DX,malignancy,Neoplasms,0,0,0
D0511,Intraductal carcinoma in situ of right breast,DX,malignancy,Neoplasms,0,0,0
D0512,Intraductal carcinoma in situ of left breast,DX,malignancy,Neoplasms,0,0,0
D0580,Other specified type of carcinoma in situ of unspecified breast,DX,malignancy,Neoplasms,0,0,0
D0581,Other specified type of carcinoma in situ of right breast,DX,malignancy,Neoplasms,0,0,0
D0582,Other specified type of carcinoma in situ of left breast,DX,malignancy,Neoplasms,0,0,0
D0590,Unspecified type of carcinoma in situ of unspecified breast,DX,malignancy,Neoplasms,0,0,0
D0591,Unspecified type of carcinoma in situ of right breast,DX,malignancy,Neoplasms,0,0,0
D0592,Unspecified type of carcinoma in situ of left breast,DX,malignancy,Neoplasms,0,0,0
D060,Carcinoma in situ of endocervix,DX,malignancy,Neoplasms,0,0,0
D061,Carcinoma in situ of exocervix,DX,malignancy,Neoplasms,0,0,0
D067,Carcinoma in situ of other parts of cervix,DX,malignancy,Neoplasms,0,0,0
D069,"Carcinoma in situ of cervix, unspecified",DX,malignancy,Neoplasms,0,0,0
D070,Carcinoma in situ of endometrium,DX,malignancy,Neoplasms,0,0,0
D071,Carcinoma in situ of vulva,DX,malignancy,Neoplasms,0,0,0
D072,Carcinoma in situ of vagina,DX,malignancy,Neoplasms,0,0,0
D0730,Carcinoma in situ of unspecified female genital organs,DX,malignancy,Neoplasms,0,0,0
D0739,Carcinoma in situ of other female genital organs,DX,malignancy,Neoplasms,0,0,0
D074,Carcinoma in situ of penis,DX,malignancy,Neoplasms,0,0,0
D075,Carcinoma in situ of prostate,DX,malignancy,Neoplasms,0,0,0
D0760,Carcinoma in situ of unspecified male genital organs,DX,malignancy,Neoplasms,0,0,0
D0761,Carcinoma in situ of scrotum,DX,malignancy,Neoplasms,0,0,0
D0769,Carcinoma in situ of other male genital organs,DX,malignancy,Neoplasms,0,0,0
D090,Carcinoma in situ of bladder,DX,malignancy,Neoplasms,0,0,0
D0910,Carcinoma in situ of unspecified urinary organ,DX,malignancy,Neoplasms,0,0,0
D0919,Carcinoma in situ of other urinary organs,DX,malignancy,Neoplasms,0,0,0
D0920,Carcinoma in situ of unspecified eye,DX,malignancy,Neoplasms,0,0,0
D0921,Carcinoma in situ of right eye,DX,malignancy,Neoplasms,0,0,0
D0922,Carcinoma in situ of left eye,DX,malignancy,Neoplasms,0,0,0
D093,Carcinoma in situ of thyroid and other endocrine glands,DX,malignancy,Neoplasms,0,0,0
D098,Carcinoma in situ of other specified sites,DX,malignancy,Neoplasms,0,0,0
D099,"Carcinoma in situ, unspecified",DX,malignancy,Neoplasms,0,0,0
D3701,Neoplasm of uncertain behavior of lip,DX,malignancy,Neoplasms,0,0,0
D3702,Neoplasm of uncertain behavior of tongue,DX,malignancy,Neoplasms,0,0,0
D37030,Neoplasm of uncertain behavior of the parotid salivary glands,DX,malignancy,Neoplasms,0,0,0
D37031,Neoplasm of uncertain behavior of the sublingual salivary glands,DX,malignancy,Neoplasms,0,0,0
D37032,Neoplasm of uncertain behavior of the submandibular salivary glands,DX,malignancy,Neoplasms,0,0,0
D37039,"Neoplasm of uncertain behavior of the major salivary glands, unspecified",DX,malignancy,Neoplasms,0,0,0
D3704,Neoplasm of uncertain behavior of the minor salivary glands,DX,malignancy,Neoplasms,0,0,0
D3705,Neoplasm of uncertain behavior of pharynx,DX,malignancy,Neoplasms,0,0,0
D3709,Neoplasm of uncertain behavior of other specified sites of the oral cavity,DX,malignancy,Neoplasms,0,0,0
D371,Neoplasm of uncertain behavior of stomach,DX,malignancy,Neoplasms,0,0,0
D372,Neoplasm of uncertain behavior of small intestine,DX,malignancy,Neoplasms,0,0,0
D373,Neoplasm of uncertain behavior of appendix,DX,malignancy,Neoplasms,0,0,0
D374,Neoplasm of uncertain behavior of colon,DX,malignancy,Neoplasms,0,0,0
D375,Neoplasm of uncertain behavior of rectum,DX,malignancy,Neoplasms,0,0,0
D376,"Neoplasm of uncertain behavior of liver, gallbladder and bile ducts",DX,malignancy,Neoplasms,0,0,0
D378,Neoplasm of uncertain behavior of other specified digestive organs,DX,malignancy,Neoplasms,0,0,0
D379,"Neoplasm of uncertain behavior of digestive organ, unspecified",DX,malignancy,Neoplasms,0,0,0
D380,Neoplasm of uncertain behavior of larynx,DX,malignancy,Neoplasms,0,0,0
D381,"Neoplasm of uncertain behavior of trachea, bronchus and lung",DX,malignancy,Neoplasms,0,0,0
D382,Neoplasm of uncertain behavior of pleura,DX,malignancy,Neoplasms,0,0,0
D383,Neoplasm of uncertain behavior of mediastinum,DX,malignancy,Neoplasms,0,0,0
D384,Neoplasm of uncertain behavior of thymus,DX,malignancy,Neoplasms,0,0,0
D385,Neoplasm of uncertain behavior of other respiratory organs,DX,malignancy,Neoplasms,0,0,0
D386,"Neoplasm of uncertain behavior of respiratory organ, unspecified",DX,malignancy,Neoplasms,0,0,0
D390,Neoplasm of uncertain behavior of uterus,DX,malignancy,Neoplasms,0,0,0
D3910,Neoplasm of uncertain behavior of unspecified ovary,DX,malignancy,Neoplasms,0,0,0
D3911,Neoplasm of uncertain behavior of right ovary,DX,malignancy,Neoplasms,0,0,0
D3912,Neoplasm of uncertain behavior of left ovary,DX,malignancy,Neoplasms,0,0,0
D392,Neoplasm of uncertain behavior of placenta,DX,malignancy,Neoplasms,0,0,0
D398,Neoplasm of uncertain behavior of other specified female genital organs,DX,malignancy,Neoplasms,0,0,0
D399,"Neoplasm of uncertain behavior of female genital organ, unspecified",DX,malignancy,Neoplasms,0,0,0
D3A00,Benign carcinoid tumor of unspecified site,DX,malignancy,Neoplasms,0,0,0
D3A010,Benign carcinoid tumor of the duodenum,DX,malignancy,Neoplasms,0,0,0
D3A011,Benign carcinoid tumor of the jejunum,DX,malignancy,Neoplasms,0,0,0
D3A012,Benign carcinoid tumor of the ileum,DX,malignancy,Neoplasms,0,0,0
D3A019,"Benign carcinoid tumor of the small intestine, unspecified portion",DX,malignancy,Neoplasms,0,0,0
D3A020,Benign carcinoid tumor of the appendix,DX,malignancy,Neoplasms,0,0,0
D3A021,Benign carcinoid tumor of the cecum,DX,malignancy,Neoplasms,0,0,0
D3A022,Benign carcinoid tumor of the ascending colon,DX,malignancy,Neoplasms,0,0,0
D3A023,Benign carcinoid tumor of the transverse colon,DX,malignancy,Neoplasms,0,0,0
D3A024,Benign carcinoid tumor of the descending colon,DX,malignancy,Neoplasms,0,0,0
D3A025,Benign carcinoid tumor of the sigmoid colon,DX,malignancy,Neoplasms,0,0,0
D3A026,Benign carcinoid tumor of the rectum,DX,malignancy,Neoplasms,0,0,0
D3A029,"Benign carcinoid tumor of the large intestine, unspecified portion",DX,malignancy,Neoplasms,0,0,0
D3A090,Benign carcinoid tumor of the bronchus and lung,DX,malignancy,Neoplasms,0,0,0
D3A091,Benign carcinoid tumor of the thymus,DX,malignancy,Neoplasms,0,0,0
D3A092,Benign carcinoid tumor of the stomach,DX,malignancy,Neoplasms,0,0,0
D3A093,Benign carcinoid tumor of the kidney,DX,malignancy,Neoplasms,0,0,0
D3A094,"Benign carcinoid tumor of the foregut, unspecified",DX,malignancy,Neoplasms,0,0,0
D3A095,"Benign carcinoid tumor of the midgut, unspecified",DX,malignancy,Neoplasms,0,0,0
D3A096,"Benign carcinoid tumor of the hindgut, unspecified",DX,malignancy,Neoplasms,0,0,0
D3A098,Benign carcinoid tumors of other sites,DX,malignancy,Neoplasms,0,0,0
D400,Neoplasm of uncertain behavior of prostate,DX,malignancy,Neoplasms,0,0,0
D4010,Neoplasm of uncertain behavior of unspecified testis,DX,malignancy,Neoplasms,0,0,0
D4011,Neoplasm of uncertain behavior of right testis,DX,malignancy,Neoplasms,0,0,0
D4012,Neoplasm of uncertain behavior of left testis,DX,malignancy,Neoplasms,0,0,0
D408,Neoplasm of uncertain behavior of other specified male genital organs,DX,malignancy,Neoplasms,0,0,0
D409,"Neoplasm of uncertain behavior of male genital organ, unspecified",DX,malignancy,Neoplasms,0,0,0
D4100,Neoplasm of uncertain behavior of unspecified kidney,DX,malignancy,Neoplasms,0,0,0
D4101,Neoplasm of uncertain behavior of right kidney,DX,malignancy,Neoplasms,0,0,0
D4102,Neoplasm of uncertain behavior of left kidney,DX,malignancy,Neoplasms,0,0,0
D4110,Neoplasm of uncertain behavior of unspecified renal pelvis,DX,malignancy,Neoplasms,0,0,0
D4111,Neoplasm of uncertain behavior of right renal pelvis,DX,malignancy,Neoplasms,0,0,0
D4112,Neoplasm of uncertain behavior of left renal pelvis,DX,malignancy,Neoplasms,0,0,0
D4120,Neoplasm of uncertain behavior of unspecified ureter,DX,malignancy,Neoplasms,0,0,0
D4121,Neoplasm of uncertain behavior of right ureter,DX,malignancy,Neoplasms,0,0,0
D4122,Neoplasm of uncertain behavior of left ureter,DX,malignancy,Neoplasms,0,0,0
D413,Neoplasm of uncertain behavior of urethra,DX,malignancy,Neoplasms,0,0,0
D414,Neoplasm of uncertain behavior of bladder,DX,malignancy,Neoplasms,0,0,0
D418,Neoplasm of uncertain behavior of other specified urinary organs,DX,malignancy,Neoplasms,0,0,0
D419,Neoplasm of uncertain behavior of unspecified urinary organ,DX,malignancy,Neoplasms,0,0,0
D420,Neoplasm of uncertain behavior of cerebral meninges,DX,malignancy,Neoplasms,0,0,0
D421,Neoplasm of uncertain behavior of spinal meninges,DX,malignancy,Neoplasms,0,0,0
D429,"Neoplasm of uncertain behavior of meninges, unspecified",DX,malignancy,Neoplasms,0,0,0
D430,"Neoplasm of uncertain behavior of brain, supratentorial",DX,malignancy,Neoplasms,0,0,0
D431,"Neoplasm of uncertain behavior of brain, infratentorial",DX,malignancy,Neoplasms,0,0,0
D432,"Neoplasm of uncertain behavior of brain, unspecified",DX,malignancy,Neoplasms,0,0,0
D433,Neoplasm of uncertain behavior of cranial nerves,DX,malignancy,Neoplasms,0,0,0
D434,Neoplasm of uncertain behavior of spinal cord,DX,malignancy,Neoplasms,0,0,0
D438,Neoplasm of uncertain behavior of other specified parts of central nervous system,DX,malignancy,Neoplasms,0,0,0
D439,"Neoplasm of uncertain behavior of central nervous system, unspecified",DX,malignancy,Neoplasms,0,0,0
D440,Neoplasm of uncertain behavior of thyroid gland,DX,malignancy,Neoplasms,0,0,0
D4410,Neoplasm of uncertain behavior of unspecified adrenal gland,DX,malignancy,Neoplasms,0,0,0
D4411,Neoplasm of uncertain behavior of right adrenal gland,DX,malignancy,Neoplasms,0,0,0
D4412,Neoplasm of uncertain behavior of left adrenal gland,DX,malignancy,Neoplasms,0,0,0
D442,Neoplasm of uncertain behavior of parathyroid gland,DX,malignancy,Neoplasms,0,0,0
D443,Neoplasm of uncertain behavior of pituitary gland,DX,malignancy,Neoplasms,0,0,0
D444,Neoplasm of uncertain behavior of craniopharyngeal duct,DX,malignancy,Neoplasms,0,0,0
D445,Neoplasm of uncertain behavior of pineal gland,DX,malignancy,Neoplasms,0,0,0
D446,Neoplasm of uncertain behavior of carotid body,DX,malignancy,Neoplasms,0,0,0
D447,Neoplasm of uncertain behavior of aortic body and other paraganglia,DX,malignancy,Neoplasms,0,0,0
D449,Neoplasm of uncertain behavior of unspecified endocrine gland,DX,malignancy,Neoplasms,0,0,0
D45,Polycythemia vera,DX,malignancy,Neoplasms,0,0,0
D460,"Refractory anemia without ring sideroblasts, so stated",DX,malignancy,Neoplasms,0,0,0
D461,Refractory anemia with ring sideroblasts,DX,malignancy,Neoplasms,0,0,0
D4620,"Refractory anemia with excess of blasts, unspecified",DX,malignancy,Neoplasms,0,0,0
D4621,Refractory anemia with excess of blasts 1,DX,malignancy,Neoplasms,0,0,0
D4622,Refractory anemia with excess of blasts 2,DX,malignancy,Neoplasms,0,0,0
D464,"Refractory anemia, unspecified",DX,malignancy,Neoplasms,0,0,0
D469,"Myelodysplastic syndrome, unspecified",DX,malignancy,Neoplasms,0,0,0
D46A,Refractory cytopenia with multilineage dysplasia,DX,malignancy,Neoplasms,0,0,0
D46B,Refractory cytopenia with multilineage dysplasia and ring sideroblasts,DX,malignancy,Neoplasms,0,0,0
D46C,Myelodysplastic syndrome with isolated del(5q) chromosomal abnormality,DX,malignancy,Neoplasms,0,0,0
D46Z,Other myelodysplastic syndromes,DX,malignancy,Neoplasms,0,0,0
D470,Histiocytic and mast cell tumors of uncertain behavior,DX,malignancy,Neoplasms,0,0,0
D4701,Cutaneous mastocytosis,DX,malignancy,Neoplasms,0,0,0
D4702,Systemic mastocytosis,DX,malignancy,Neoplasms,0,0,0
D4709,Other mast cell neoplasms of uncertain behavior,DX,malignancy,Neoplasms,0,0,0
D471,Chronic myeloproliferative disease,DX,malignancy,Neoplasms,0,0,0
D472,Monoclonal gammopathy,DX,malignancy,Neoplasms,0,0,0
D473,Essential (hemorrhagic) thrombocythemia,DX,malignancy,Neoplasms,0,0,0
D474,Osteomyelofibrosis,DX,malignancy,Neoplasms,0,0,0
D479,"Neoplasm of uncertain behavior of lymphoid, hematopoietic and related tissue, unspecified",DX,malignancy,Neoplasms,0,0,0
D47Z1,Post-transplant lymphoproliferative disorder (PTLD),DX,malignancy,Neoplasms,0,0,0
D47Z2,Castleman disease,DX,malignancy,Neoplasms,0,0,0
D47Z9,"Other specified neoplasms of uncertain behavior of lymphoid, hematopoietic and related tissue",DX,malignancy,Neoplasms,0,0,0
D480,Neoplasm of uncertain behavior of bone and articular cartilage,DX,malignancy,Neoplasms,0,0,0
D481,Neoplasm of uncertain behavior of connective and other soft tissue,DX,malignancy,Neoplasms,0,0,0
D482,Neoplasm of uncertain behavior of peripheral nerves and autonomic nervous system,DX,malignancy,Neoplasms,0,0,0
D483,Neoplasm of uncertain behavior of retroperitoneum,DX,malignancy,Neoplasms,0,0,0
D484,Neoplasm of uncertain behavior of peritoneum,DX,malignancy,Neoplasms,0,0,0
D485,Neoplasm of uncertain behavior of skin,DX,malignancy,Neoplasms,0,0,0
D4860,Neoplasm of uncertain behavior of unspecified breast,DX,malignancy,Neoplasms,0,0,0
D4861,Neoplasm of uncertain behavior of right breast,DX,malignancy,Neoplasms,0,0,0
D4862,Neoplasm of uncertain behavior of left breast,DX,malignancy,Neoplasms,0,0,0
D487,Neoplasm of uncertain behavior of other specified sites,DX,malignancy,Neoplasms,0,0,0
D489,"Neoplasm of uncertain behavior, unspecified",DX,malignancy,Neoplasms,0,0,0
D490,Neoplasm of unspecified behavior of digestive system,DX,malignancy,Neoplasms,0,0,0
D491,Neoplasm of unspecified behavior of respiratory system,DX,malignancy,Neoplasms,0,0,0
D492,"Neoplasm of unspecified behavior of bone, soft tissue, and skin",DX,malignancy,Neoplasms,0,0,0
D493,Neoplasm of unspecified behavior of breast,DX,malignancy,Neoplasms,0,0,0
D494,Neoplasm of unspecified behavior of bladder,DX,malignancy,Neoplasms,0,0,0
D495,Neoplasm of unspecified behavior of other genitourinary organs,DX,malignancy,Neoplasms,0,0,0
D49511,Neoplasm of unspecified behavior of right kidney,DX,malignancy,Neoplasms,0,0,0
D49512,Neoplasm of unspecified behavior of left kidney,DX,malignancy,Neoplasms,0,0,0
D49519,Neoplasm of unspecified behavior of unspecified kidney,DX,malignancy,Neoplasms,0,0,0
D4959,Neoplasm of unspecified behavior of other genitourinary organ,DX,malignancy,Neoplasms,0,0,0
D496,Neoplasm of unspecified behavior of brain,DX,malignancy,Neoplasms,0,0,0
D497,Neoplasm of unspecified behavior of endocrine glands and other parts of nervous system,DX,malignancy,Neoplasms,0,0,0
D4981,Neoplasm of unspecified behavior of retina and choroid,DX,malignancy,Neoplasms,0,0,0
D4989,Neoplasm of unspecified behavior of other specified sites,DX,malignancy,Neoplasms,0,0,0
D499,Neoplasm of unspecified behavior of unspecified site,DX,malignancy,Neoplasms,0,0,0
D550,Anemia due to glucose-6-phosphate dehydrogenase [G6PD] deficiency,DX,hemato_immu,Hereditary anemias,0,0,0
D551,Anemia due to other disorders of glutathione metabolism,DX,hemato_immu,Hereditary anemias,0,0,0
D552,Anemia due to disorders of glycolytic enzymes,DX,hemato_immu,Hereditary anemias,0,0,0
D5521,Anemia due to pyruvate kinase deficiency,DX,hemato_immu,Hereditary anemias,0,0,0
D5529,Anemia due to other disorders of glycolytic enzymes,DX,hemato_immu,Hereditary anemias,0,0,0
D553,Anemia due to disorders of nucleotide metabolism,DX,hemato_immu,Hereditary anemias,0,0,0
D558,Other anemias due to enzyme disorders,DX,hemato_immu,Hereditary anemias,0,0,0
D559,"Anemia due to enzyme disorder, unspecified",DX,hemato_immu,Hereditary anemias,0,0,0
D560,Alpha thalassemia,DX,hemato_immu,Hereditary anemias,0,0,0
D561,Beta thalassemia,DX,hemato_immu,Hereditary anemias,0,0,0
D562,Delta-beta thalassemia,DX,hemato_immu,Hereditary anemias,0,0,0
D563,Thalassemia minor,DX,hemato_immu,Hereditary anemias,0,0,0
D564,Hereditary persistence of fetal hemoglobin [HPFH],DX,hemato_immu,Hereditary anemias,0,0,0
D565,Hemoglobin E-beta thalassemia,DX,hemato_immu,Hereditary anemias,0,0,0
D568,Other thalassemias,DX,hemato_immu,Hereditary anemias,0,0,0
D569,"Thalassemia, unspecified",DX,hemato_immu,Hereditary anemias,0,0,0
D5700,"Hb-SS disease with crisis, unspecified",DX,hemato_immu,Hereditary anemias,0,0,0
D5701,Hb-SS disease with acute chest syndrome,DX,hemato_immu,Hereditary anemias,0,0,0
D5702,Hb-SS disease with splenic sequestration,DX,hemato_immu,Hereditary anemias,0,0,0
D5703,Hb-SS disease with cerebral vascular involvement,DX,hemato_immu,Hereditary anemias,0,0,0
D5709,Hb-SS disease with other specified complication,DX,hemato_immu,Hereditary anemias,0,0,0
D571,Sickle-cell disease without crisis,DX,hemato_immu,Hereditary anemias,0,0,0
D5720,Sickle-cell/Hb-C disease without crisis,DX,hemato_immu,Hereditary anemias,0,0,0
D57211,Sickle-cell/Hb-C disease with acute chest syndrome,DX,hemato_immu,Hereditary anemias,0,0,0
D57212,Sickle-cell/Hb-C disease with splenic sequestration,DX,hemato_immu,Hereditary anemias,0,0,0
D57213,Sickle-cell/Hb-C disease with cerebral vascular involvement,DX,hemato_immu,Hereditary anemias,0,0,0
D57218,Sickle-cell/Hb-C disease with other specified complication,DX,hemato_immu,Hereditary anemias,0,0,0
D57219,"Sickle-cell/Hb-C disease with crisis, unspecified",DX,hemato_immu,Hereditary anemias,0,0,0
D573,Sickle-cell trait,DX,hemato_immu,Hereditary anemias,0,0,0
D5740,Sickle-cell thalassemia without crisis,DX,hemato_immu,Hereditary anemias,0,0,0
D57411,Sickle-cell thalassemia with acute chest syndrome,DX,hemato_immu,Hereditary anemias,0,0,0
D57412,Sickle-cell thalassemia with splenic sequestration,DX,hemato_immu,Hereditary anemias,0,0,0
D57413,Sickle-cell thalassemia with cerebral vascular involvement,DX,hemato_immu,Hereditary anemias,0,0,0
D57418,Sickle-cell thalassemia with other specified complication,DX,hemato_immu,Hereditary anemias,0,0,0
D57419,"Sickle-cell thalassemia with crisis, unspecified",DX,hemato_immu,Hereditary anemias,0,0,0
D5742,Sickle-cell thalassemia beta Zero without crisis,DX,hemato_immu,Hereditary anemias,0,0,0
D57431,Sickle-cell thalassemia beta Zero with acute chest syndrome,DX,hemato_immu,Hereditary anemias,0,0,0
D57432,Sickle-cell thalassemia beta Zero with splenic sequestration,DX,hemato_immu,Hereditary anemias,0,0,0
D57433,Sickle-cell thalassemia beta Zero with cerebral vascular involvement,DX,hemato_immu,Hereditary anemias,0,0,0
D57438,Sickle-cell thalassemia beta Zero with crisis with other specified complication,DX,hemato_immu,Hereditary anemias,0,0,0
D57439,"Sickle-cell thalassemia beta Zero with crisis, unspecified",DX,hemato_immu,Hereditary anemias,0,0,0
D5744,Sickle-cell thalassemia beta plus without crisis,DX,hemato_immu,Hereditary anemias,0,0,0
D57451,Sickle-cell thalassemia beta plus with acute chest syndrome,DX,hemato_immu,Hereditary anemias,0,0,0
D57452,Sickle-cell thalassemia beta plus with splenic sequestration,DX,hemato_immu,Hereditary anemias,0,0,0
D57453,Sickle-cell thalassemia beta plus with cerebral vascular involvement,DX,hemato_immu,Hereditary anemias,0,0,0
D57458,Sickle-cell thalassemia beta plus with crisis with other specified complication,DX,hemato_immu,Hereditary anemias,0,0,0
D57459,"Sickle-cell thalassemia beta plus with crisis, unspecified",DX,hemato_immu,Hereditary anemias,0,0,0
D5780,Other sickle-cell disorders without crisis,DX,hemato_immu,Hereditary anemias,0,0,0
D57811,Other sickle-cell disorders with acute chest syndrome,DX,hemato_immu,Hereditary anemias,0,0,0
D57812,Other sickle-cell disorders with splenic sequestration,DX,hemato_immu,Hereditary anemias,0,0,0
D57813,Other sickle-cell disorders with cerebral vascular involvement,DX,hemato_immu,Hereditary anemias,0,0,0
D57818,Other sickle-cell disorders with cerebral vascular involvement,DX,hemato_immu,Hereditary anemias,0,0,0
D57819,"Other sickle-cell disorders with crisis, unspecified",DX,hemato_immu,Hereditary anemias,0,0,0
D580,Hereditary spherocytosis,DX,hemato_immu,Hereditary anemias,0,0,0
D581,Hereditary elliptocytosis,DX,hemato_immu,Hereditary anemias,0,0,0
D582,Other hemoglobinopathies,DX,hemato_immu,Hereditary anemias,0,0,0
D588,Other specified hereditary hemolytic anemias,DX,hemato_immu,Hereditary anemias,0,0,0
D589,"Hereditary hemolytic anemia, unspecified",DX,hemato_immu,Hereditary anemias,0,0,0
D600,Chronic acquired pure red cell aplasia,DX,hemato_immu,Aplastic anemias,0,0,0
D601,Transient acquired pure red cell aplasia,DX,hemato_immu,Aplastic anemias,0,0,0
D608,Other acquired pure red cell aplasias,DX,hemato_immu,Aplastic anemias,0,0,0
D609,"Acquired pure red cell aplasia, unspecified",DX,hemato_immu,Aplastic anemias,0,0,0
D6101,Constitutional (pure) red blood cell aplasia,DX,hemato_immu,Aplastic anemias,0,0,0
D6109,Other constitutional aplastic anemia,DX,hemato_immu,Aplastic anemias,0,0,0
D611,Drug-induced aplastic anemia,DX,hemato_immu,Aplastic anemias,0,0,0
D612,Aplastic anemia due to other external agents,DX,hemato_immu,Aplastic anemias,0,0,0
D613,Idiopathic aplastic anemia,DX,hemato_immu,Aplastic anemias,0,0,0
D61810,Antineoplastic chemotherapy induced pancytopenia,DX,hemato_immu,Aplastic anemias,0,0,0
D61811,Other drug-induced pancytopenia,DX,hemato_immu,Aplastic anemias,0,0,0
D61818,Other pancytopenia,DX,hemato_immu,Aplastic anemias,0,0,0
D6182,Myelophthisis,DX,hemato_immu,Aplastic anemias,0,0,0
D6189,Other specified aplastic anemias and other bone marrow failure syndromes,DX,hemato_immu,Aplastic anemias,0,0,0
D619,"Aplastic anemia, unspecified",DX,hemato_immu,Aplastic anemias,0,0,0
D66,Hereditary factor VIII deficiency,DX,hemato_immu,Coagulation/Hemorrhagic,0,0,0
D682,Hereditary deficiency of other clotting factors,DX,hemato_immu,Coagulation/Hemorrhagic,0,0,0
D6941,Evans syndrome,DX,hemato_immu,Coagulation/Hemorrhagic,0,0,0
D6942,Congenital and hereditary thrombocytopenia purpura,DX,hemato_immu,Coagulation/Hemorrhagic,0,0,0
D6949,Other primary thrombocytopenia,DX,hemato_immu,Coagulation/Hemorrhagic,0,0,0
D700,Congenital agranulocytosis,DX,hemato_immu,Leukopenia,0,0,0
D704,Cyclic neutropenia,DX,hemato_immu,Leukopenia,0,0,0
D71,Functional disorders of polymorphonuclear neutrophils,DX,hemato_immu,Aplastic anemias,0,0,0
D720,Genetic anomalies of leukocytes,DX,hemato_immu,Hereditary immunodeficiency,0,0,0
D761,Hemophagocytic lymphohistiocytosis,DX,hemato_immu,Hemophagocytic syndromes,0,0,0
D762,"Hemophagocytic syndrome, infection-associated",DX,hemato_immu,Hemophagocytic syndromes,0,0,0
D763,Other histiocytosis syndromes,DX,hemato_immu,Hemophagocytic syndromes,0,0,0
D800,Hereditary hypogammaglobulinemia,DX,hemato_immu,Hereditary immunodeficiency,0,0,0
D801,Nonfamilial hypogammaglobulinemia,DX,hemato_immu,Hereditary immunodeficiency,0,0,0
D802,Selective deficiency of immunoglobulin A [IgA],DX,hemato_immu,Hereditary immunodeficiency,0,0,0
D803,Selective deficiency of immunoglobulin G [IgG] subclasses,DX,hemato_immu,Hereditary immunodeficiency,0,0,0
D804,Selective deficiency of immunoglobulin M [IgM],DX,hemato_immu,Hereditary immunodeficiency,0,0,0
D805,Immunodeficiency with increased immunoglobulin M [IgM],DX,hemato_immu,Hereditary immunodeficiency,0,0,0
D806,Antibody deficiency with near-normal immunoglobulins or with hyperimmunoglobulinemia,DX,hemato_immu,Hereditary immunodeficiency,0,0,0
D807,Transient hypogammaglobulinemia of infancy,DX,hemato_immu,Hereditary immunodeficiency,0,0,0
D808,Other immunodeficiencies with predominantly antibody defects,DX,hemato_immu,Hereditary immunodeficiency,0,0,0
D809,"Immunodeficiency with predominantly antibody defects, unspecified",DX,hemato_immu,Hereditary immunodeficiency,0,0,0
D810,Severe combined immunodeficiency [SCID] with reticular dysgenesis,DX,hemato_immu,Hereditary immunodeficiency,0,0,0
D811,Severe combined immunodeficiency [SCID] with low T- and B-cell numbers,DX,hemato_immu,Hereditary immunodeficiency,0,0,0
D812,Severe combined immunodeficiency [SCID] with low or normal B-cell numbers,DX,hemato_immu,Hereditary immunodeficiency,0,0,0
D813,Adenosine deaminase [ADA] deficiency,DX,hemato_immu,Hereditary immunodeficiency,0,0,0
D8130,"Adenosine deaminase deficiency, unspecified",DX,hemato_immu,Hereditary immunodeficiency,0,0,0
D8131,Severe combined immunodeficiency due to adenosine deaminase deficiency,DX,hemato_immu,Hereditary immunodeficiency,0,0,0
D8132,Adenosine deaminase 2 deficiency,DX,hemato_immu,Hereditary immunodeficiency,0,0,0
D8139,Other adenosine deaminase deficiency,DX,hemato_immu,Hereditary immunodeficiency,0,0,0
D814,Nezelof's syndrome,DX,hemato_immu,Hereditary immunodeficiency,0,0,0
D815,Purine nucleoside phosphorylase [PNP] deficiency,DX,hemato_immu,Hereditary immunodeficiency,0,0,0
D816,Major histocompatibility complex class I deficiency,DX,hemato_immu,Hereditary immunodeficiency,0,0,0
D817,Major histocompatibility complex class II deficiency,DX,hemato_immu,Hereditary immunodeficiency,0,0,0
D81810,Biotinidase deficiency,DX,hemato_immu,Hereditary immunodeficiency,0,0,0
D81818,Other biotin-dependent carboxylase deficiency,DX,hemato_immu,Hereditary immunodeficiency,0,0,0
D81819,"Biotin-dependent carboxylase deficiency, unspecified",DX,hemato_immu,Hereditary immunodeficiency,0,0,0
D8182,Activated Phosphoinositide 3-kinase Delta Syndrome [APDS],DX,hemato_immu,Hereditary immunodeficiency,0,0,0
D8189,Other combined immunodeficiencies,DX,hemato_immu,Hereditary immunodeficiency,0,0,0
D819,"Combined immunodeficiency, unspecified",DX,hemato_immu,Hereditary immunodeficiency,0,0,0
D820,Wiskott-Aldrich syndrome,DX,hemato_immu,Hereditary immunodeficiency,0,0,0
D821,Di George's syndrome,DX,hemato_immu,Hereditary immunodeficiency,0,0,0
D822,Immunodeficiency with short-limbed stature,DX,hemato_immu,Hereditary immunodeficiency,0,0,0
D823,Immunodeficiency following hereditary defective response to Epstein-Barr virus,DX,hemato_immu,Hereditary immunodeficiency,0,0,0
D824,Hyperimmunoglobulin E [IgE] syndrome,DX,hemato_immu,Hereditary immunodeficiency,0,0,0
D828,Immunodeficiency associated with other specified major defects,DX,hemato_immu,Hereditary immunodeficiency,0,0,0
D829,"Immunodeficiency associated with major defect, unspecified",DX,hemato_immu,Hereditary immunodeficiency,0,0,0
D830,Common variable immunodeficiency with predominant abnormalities of B-cell numbers and function,DX,hemato_immu,Hereditary immunodeficiency,0,0,0
D831,Common variable immunodeficiency with predominant immunoregulatory T-cell disorders,DX,hemato_immu,Hereditary immunodeficiency,0,0,0
D832,Common variable immunodeficiency with autoantibodies to B- or T-cells,DX,hemato_immu,Hereditary immunodeficiency,0,0,0
D838,Other common variable immunodeficiencies,DX,hemato_immu,Hereditary immunodeficiency,0,0,0
D839,"Common variable immunodeficiency, unspecified",DX,hemato_immu,Hereditary immunodeficiency,0,0,0
D840,Lymphocyte function antigen-1 [LFA-1] defect,DX,hemato_immu,Hereditary immunodeficiency,0,0,0
D841,Defects in the complement system,DX,hemato_immu,Hereditary immunodeficiency,0,0,0
D848,Other specified immunodeficiencies,DX,hemato_immu,Hereditary immunodeficiency,0,0,0
D8481,Immunodeficiency due to conditions classified elsewhere,DX,hemato_immu,Hereditary immunodeficiency,0,0,0
D84821,Immunodeficiency due to drugs,DX,hemato_immu,Hereditary immunodeficiency,0,0,0
D84822,Immunodeficiency due external causes,DX,hemato_immu,Hereditary immunodeficiency,0,0,0
D8489,Other immunodeficiencies  ,DX,hemato_immu,Hereditary immunodeficiency,0,0,0
D849,"Immunodeficiency, unspecified",DX,hemato_immu,Hereditary immunodeficiency,0,0,0
D860,Sarcoidosis of lung,DX,hemato_immu,Sarcoidosis,0,0,0
D861,Sarcoidosis of lymph nodes,DX,hemato_immu,Sarcoidosis,0,0,0
D862,Sarcoidosis of lung with sarcoidosis of lymph nodes,DX,hemato_immu,Sarcoidosis,0,0,0
D863,Sarcoidosis of skin,DX,hemato_immu,Sarcoidosis,0,0,0
D8681,Sarcoid meningitis,DX,hemato_immu,Sarcoidosis,0,0,0
D8682,Multiple cranial nerve palsies in sarcoidosis,DX,hemato_immu,Sarcoidosis,0,0,0
D8683,Sarcoid iridocyclitis,DX,hemato_immu,Sarcoidosis,0,0,0
D8684,Sarcoid pyelonephritis,DX,hemato_immu,Sarcoidosis,0,0,0
D8685,Sarcoid myocarditis,DX,hemato_immu,Sarcoidosis,0,0,0
D8686,Sarcoid arthropathy,DX,hemato_immu,Sarcoidosis,0,0,0
D8687,Sarcoid myositis,DX,hemato_immu,Sarcoidosis,0,0,0
D8689,Sarcoidosis of other sites,DX,hemato_immu,Sarcoidosis,0,0,0
D869,"Sarcoidosis, unspecified",DX,hemato_immu,Sarcoidosis,0,0,0
D890,Polyclonal hypergammaglobulinemia,DX,hemato_immu,Hereditary immunodeficiency,0,0,0
D891,Cryoglobulinemia,DX,hemato_immu,Hereditary immunodeficiency,0,0,0
D892,"Hypergammaglobulinemia, unspecified",DX,hemato_immu,Hereditary immunodeficiency,0,0,0
D893,Immune reconstitution syndrome,DX,hemato_immu,Hereditary immunodeficiency,0,0,0
D8941,Monoclonal mast cell activation syndrome,DX,hemato_immu,Hereditary immunodeficiency,0,0,0
D8942,Idiopathic mast cell activation syndrome,DX,hemato_immu,Hereditary immunodeficiency,0,0,0
D8943,Secondary mast cell activation,DX,hemato_immu,Hereditary immunodeficiency,0,0,0
D89810,Acute graft-versus-host disease,DX,hemato_immu,Hereditary immunodeficiency,0,0,0
D89811,Chronic graft-versus-host disease,DX,hemato_immu,Hereditary immunodeficiency,0,0,0
D89812,Acute on chronic graft-versus-host disease,DX,hemato_immu,Hereditary immunodeficiency,0,0,0
D89813,"Graft-versus-host disease, unspecified",DX,hemato_immu,Hereditary immunodeficiency,0,0,0
D8982,Autoimmune lymphoproliferative syndrome [ALPS],DX,hemato_immu,Hereditary immunodeficiency,0,0,0
D8989,"Other specified disorders involving the immune mechanism, not elsewhere classified",DX,hemato_immu,Hereditary immunodeficiency,0,0,0
E000,"Congenital iodine-deficiency syndrome, neurological type",DX,metabolic,Endocrine disorders,0,0,0
E001,"Congenital iodine-deficiency syndrome, myxedematous type",DX,metabolic,Endocrine disorders,0,0,0
E002,"Congenital iodine-deficiency syndrome, mixed type",DX,metabolic,Endocrine disorders,0,0,0
E009,"Congenital iodine-deficiency syndrome, unspecified",DX,metabolic,Endocrine disorders,0,0,0
E030,Congenital hypothyroidism with diffuse goiter,DX,metabolic,Endocrine disorders,0,0,0
E031,Congenital Hypothyroidism without goiter,DX,metabolic,Endocrine disorders,0,0,0
E222,Syndrome of inappropriate secretion of antidiuretic hormone,DX,metabolic,Endocrine disorders,0,0,0
E230,Hypopituitarism,DX,metabolic,Endocrine disorders,0,0,0
E232,Diabetes insipidus,DX,metabolic,Endocrine disorders,0,0,0
E233,"Hypothalamic dysfunction, not elsewhere classified",DX,metabolic,Endocrine disorders,0,0,0
E237,"Disorder of pituitary gland, unspecified",DX,metabolic,Endocrine disorders,0,0,0
E240,Pituitary-dependent Cushing's disease,DX,metabolic,Endocrine disorders,0,0,0
E242,Drug-induced Cushing's syndrome,DX,metabolic,Endocrine disorders,0,0,0
E243,Ectopic ACTH syndrome,DX,metabolic,Endocrine disorders,0,0,0
E248,Other Cushing's syndrome,DX,metabolic,Endocrine disorders,0,0,0
E249,"Cushing's syndrome, unspecified",DX,metabolic,Endocrine disorders,0,0,0
E250,Congenital adrenogenital disorders associated with enzyme deficiency,DX,metabolic,Endocrine disorders,0,0,0
E258,Other adrenogenital disorders,DX,metabolic,Endocrine disorders,0,0,0
E259,"Adrenogenital disorder, unspecified",DX,metabolic,Endocrine disorders,0,0,0
E2681,Bartter's syndrome,DX,metabolic,Endocrine disorders,0,0,0
E343,Short stature due to endocrine disorder,DX,congeni_genetic,Bone and joint anomalies,0,0,0
E3430,"Short stature due to endocrine disorder, unspecified",DX,congeni_genetic,Bone and joint anomalies,0,0,0
E34321,Primary insulin-like growth factor-1 (IGF-1) deficiency,DX,congeni_genetic,Bone and joint anomalies,0,0,0
E34322,Insulin-like growth factor-1 (IGF-1) resistance,DX,congeni_genetic,Bone and joint anomalies,0,0,0
E34328,Other genetic causes of short stature,DX,congeni_genetic,Bone and joint anomalies,0,0,0
E34329,Unspecified genetic causes of short stature,DX,congeni_genetic,Bone and joint anomalies,0,0,0
E3439,Other short stature due to endocrine disorder,DX,congeni_genetic,Bone and joint anomalies,0,0,0
E700,Classical phenylketonuria,DX,metabolic,Amino acid metabolism,0,0,0
E701,Other hyperphenylalanimemias,DX,metabolic,Amino acid metabolism,0,0,0
E7020,"Disorder of tyrosine metabolism, unspecified",DX,metabolic,Amino acid metabolism,0,0,0
E7021,Tyrosinemia,DX,metabolic,Amino acid metabolism,0,0,0
E7029,Other disorders of tyrosine metabolism,DX,metabolic,Amino acid metabolism,0,0,0
E7030,"Albinism, unspecified",DX,metabolic,Amino acid metabolism,0,0,0
E70310,X-linked ocular albinism,DX,metabolic,Amino acid metabolism,0,0,0
E70311,Autosomal recessive ocular albinism,DX,metabolic,Amino acid metabolism,0,0,0
E70318,Other ocular albinism,DX,metabolic,Amino acid metabolism,0,0,0
E70319,"Ocular albinism, unspecified",DX,metabolic,Amino acid metabolism,0,0,0
E70320,Tyrosinase negative oculocutaneous albinism,DX,metabolic,Amino acid metabolism,0,0,0
E70321,Tyrosinase positive oculocutaneous albinism,DX,metabolic,Amino acid metabolism,0,0,0
E70328,Other oculocutaneous albinism,DX,metabolic,Amino acid metabolism,0,0,0
E70329,"Oculocutaneous albinism, unspecified",DX,metabolic,Amino acid metabolism,0,0,0
E70330,Chediak-Higashi syndrome,DX,metabolic,Amino acid metabolism,0,0,0
E70331,Hermansky-Pudlak syndrome,DX,metabolic,Amino acid metabolism,0,0,0
E70338,Other albinism with hematologic abnormality,DX,metabolic,Amino acid metabolism,0,0,0
E70339,"Albinism with hematologic abnormality, unspecified",DX,metabolic,Amino acid metabolism,0,0,0
E7039,Other specified albinism,DX,metabolic,Amino acid metabolism,0,0,0
E7040,"Disorders of histidine metabolism, unspecified",DX,metabolic,Amino acid metabolism,0,0,0
E7041,Histidinemia,DX,metabolic,Amino acid metabolism,0,0,0
E7049,Other disorders of histidine metabolism,DX,metabolic,Amino acid metabolism,0,0,0
E705,Disorders of tryptophan metabolism,DX,metabolic,Amino acid metabolism,0,0,0
E708,Other disorders of aromatic amino-acid metabolism,DX,metabolic,Amino acid metabolism,0,0,0
E7081,Aromatic L-amino acid decarboxylase deficiency ,DX,metabolic,Amino acid metabolism,0,0,0
E7089,Other disorders of aromatic amino-acid deficiency ,DX,metabolic,Amino acid metabolism,0,0,0
E709,"Disorder of aromatic amino-acid metabolism, unspecified",DX,metabolic,Amino acid metabolism,0,0,0
E710,Maple-syrup-urine disease,DX,metabolic,Amino acid metabolism,0,0,0
E71110,Isovaleric acidemia,DX,metabolic,Amino acid metabolism,0,0,0
E71111,3-methylglutaconic aciduria,DX,metabolic,Amino acid metabolism,0,0,0
E71118,Other branched-chain organic acidurias,DX,metabolic,Amino acid metabolism,0,0,0
E71120,Methylmalonic acidemia,DX,metabolic,Amino acid metabolism,0,0,0
E71121,Propionic acidemia,DX,metabolic,Amino acid metabolism,0,0,0
E71128,Other disorders of propionate metabolism,DX,metabolic,Amino acid metabolism,0,0,0
E7119,Other disorders of branched-chain amino-acid metabolism,DX,metabolic,Amino acid metabolism,0,0,0
E712,"Disorder of branched-chain amino-acid metabolism, unspecified",DX,metabolic,Amino acid metabolism,0,0,0
E7130,"Disorder of fatty-acid metabolism, unspecified",DX,metabolic,Amino acid metabolism,0,0,0
E71310,Long chain/very long chain acyl CoA dehydrogenase deficiency,DX,metabolic,Amino acid metabolism,0,0,0
E71311,Medium chain acyl CoA dehydrogenase deficiency,DX,metabolic,Amino acid metabolism,0,0,0
E71312,Short chain acyl CoA dehydrogenase deficiency,DX,metabolic,Amino acid metabolism,0,0,0
E71313,Glutaric aciduria type II,DX,metabolic,Amino acid metabolism,0,0,0
E71314,Muscle carnitine palmitoyltransferase deficiency,DX,metabolic,Amino acid metabolism,0,0,0
E71318,Other disorders of fatty-acid oxidation,DX,metabolic,Amino acid metabolism,0,0,0
E7132,Disorders of ketone metabolism,DX,metabolic,Amino acid metabolism,0,0,0
E7139,Other disorders of fatty-acid metabolism,DX,metabolic,Amino acid metabolism,0,0,0
E7140,"Disorder of carnitine metabolism, unspecified",DX,metabolic,Amino acid metabolism,0,0,0
E7141,Primary carnitine deficiency,DX,metabolic,Amino acid metabolism,0,0,0
E7142,Carnitine deficiency due to inborn errors of metabolism,DX,metabolic,Amino acid metabolism,0,0,0
E7143,Iatrogenic carnitine deficiency,DX,metabolic,Amino acid metabolism,0,0,0
E71440,Ruvalcaba-Myhre-Smith syndrome,DX,metabolic,Amino acid metabolism,0,0,0
E71448,Other secondary carnitine deficiency,DX,metabolic,Amino acid metabolism,0,0,0
E7150,"Peroxisomal disorder, unspecified",DX,metabolic,Amino acid metabolism,0,0,0
E71510,Zellweger syndrome,DX,metabolic,Amino acid metabolism,0,0,0
E71511,Neonatal adrenoleukodystrophy,DX,metabolic,Amino acid metabolism,0,0,0
E71518,Other disorders of peroxisome biogenesis,DX,metabolic,Amino acid metabolism,0,0,0
E71520,Childhood cerebral X-linked adrenoleukodystrophy,DX,metabolic,Amino acid metabolism,0,0,0
E71521,Adolescent X-linked adrenoleukodystrophy,DX,metabolic,Amino acid metabolism,0,0,0
E71522,Adrenomyeloneuropathy,DX,metabolic,Amino acid metabolism,0,0,0
E71528,Other X-linked adrenoleukodystrophy,DX,metabolic,Amino acid metabolism,0,0,0
E71529,"X-linked adrenoleukodystrophy, unspecified type",DX,metabolic,Amino acid metabolism,0,0,0
E7153,Other group 2 peroxisomal disorders,DX,metabolic,Amino acid metabolism,0,0,0
E71540,Rhizomelic chondrodysplasia punctata,DX,metabolic,Amino acid metabolism,0,0,0
E71541,Zellweger-like syndrome,DX,metabolic,Amino acid metabolism,0,0,0
E71542,Other group 3 peroxisomal disorders,DX,metabolic,Amino acid metabolism,0,0,0
E71548,Other peroxisomal disorders,DX,metabolic,Amino acid metabolism,0,0,0
E7200,"Disorders of amino-acid transport, unspecified",DX,metabolic,Amino acid metabolism,0,0,0
E7201,Cystinuria,DX,metabolic,Amino acid metabolism,0,0,0
E7202,Hartnup's disease,DX,metabolic,Amino acid metabolism,0,0,0
E7203,Lowe's syndrome,DX,metabolic,Amino acid metabolism,0,0,0
E7204,Cystinosis,DX,metabolic,Amino acid metabolism,0,0,0
E7209,Other disorders of amino-acid transport,DX,metabolic,Amino acid metabolism,0,0,0
E7210,"Disorders of sulfur-bearing amino-acid metabolism, unspecified",DX,metabolic,Amino acid metabolism,0,0,0
E7211,Homocystinuria,DX,metabolic,Amino acid metabolism,0,0,0
E7212,Methylenetetrahydrofolate reductase deficiency,DX,metabolic,Amino acid metabolism,0,0,0
E7219,Other disorders of sulfur-bearing amino-acid metabolism,DX,metabolic,Amino acid metabolism,0,0,0
E7220,"Disorder of urea cycle metabolism, unspecified",DX,metabolic,Amino acid metabolism,0,0,0
E7221,Argininemia,DX,metabolic,Amino acid metabolism,0,0,0
E7222,Arginosuccinic aciduria,DX,metabolic,Amino acid metabolism,0,0,0
E7223,Citrullinemia,DX,metabolic,Amino acid metabolism,0,0,0
E7229,Other disorders of urea cycle metabolism,DX,metabolic,Amino acid metabolism,0,0,0
E723,Disorders of lysine and hydroxylysine metabolism,DX,metabolic,Amino acid metabolism,0,0,0
E724,Disorders of ornithine metabolism,DX,metabolic,Amino acid metabolism,0,0,0
E7250,"Disorder of glycine metabolism, unspecified",DX,metabolic,Amino acid metabolism,0,0,0
E7251,Non-ketotic hyperglycinemia,DX,metabolic,Amino acid metabolism,0,0,0
E7252,Trimethylaminuria,DX,metabolic,Amino acid metabolism,0,0,0
E7253,Primary hyperoxaluria,DX,metabolic,Amino acid metabolism,0,0,0
E7259,Other disorders of glycine metabolism,DX,metabolic,Amino acid metabolism,0,0,0
E728,Other specified disorders of amino-acid metabolism,DX,metabolic,Amino acid metabolism,0,0,0
E7281,Disorders of gamma aminobutyric acid metabolism,DX,metabolic,Amino acid metabolism,0,0,0
E7289,Other specified disorders of amino-acid metabolism,DX,metabolic,Amino acid metabolism,0,0,0
E729,"Disorder of amino-acid metabolism, unspecified",DX,metabolic,Amino acid metabolism,0,0,0
E7400,"Glycogen storage disease, unspecified",DX,metabolic,Carbohydrate metabolism,0,0,0
E7401,von Gierke disease,DX,metabolic,Carbohydrate metabolism,0,0,0
E7402,Pompe disease,DX,metabolic,Carbohydrate metabolism,0,0,0
E7403,Cori disease,DX,metabolic,Carbohydrate metabolism,0,0,0
E7404,McArdle disease,DX,metabolic,Carbohydrate metabolism,0,0,0
E7409,Other glycogen storage disease,DX,metabolic,Carbohydrate metabolism,0,0,0
E7410,"Disorder of fructose metabolism, unspecified",DX,metabolic,Carbohydrate metabolism,0,0,0
E7411,Essential fructosuria,DX,metabolic,Carbohydrate metabolism,0,0,0
E7412,Hereditary fructose intolerance,DX,metabolic,Carbohydrate metabolism,0,0,0
E7419,Other disorders of fructose metabolism,DX,metabolic,Carbohydrate metabolism,0,0,0
E7420,"Disorders of galactose metabolism, unspecified",DX,metabolic,Carbohydrate metabolism,0,0,0
E7421,Galactosemia,DX,metabolic,Carbohydrate metabolism,0,0,0
E7429,Other disorders of galactose metabolism,DX,metabolic,Carbohydrate metabolism,0,0,0
E7431,Sucrase-isomaltase deficiency,DX,metabolic,Carbohydrate metabolism,0,0,0
E7439,Other disorders of intestinal carbohydrate absorption,DX,metabolic,Carbohydrate metabolism,0,0,0
E744,Disorders of pyruvate metabolism and gluconeogenesis,DX,metabolic,Carbohydrate metabolism,0,0,0
E748,Other specified disorders of carbohydrate metabolism,DX,metabolic,Carbohydrate metabolism,0,0,0
E74810,Glucose transporter protein type 1 deficiency,DX,metabolic,Carbohydrate metabolism,0,0,0
E74818,Other disorders of glucose transport,DX,metabolic,Carbohydrate metabolism,0,0,0
E74819,"Disorder of glucose transport, unspecified",DX,metabolic,Carbohydrate metabolism,0,0,0
E7489,Other specified disorders of carbohydrate metabolism,DX,metabolic,Carbohydrate metabolism,0,0,0
E749,"Disorder of carbohydrate metabolism, unspecified",DX,metabolic,Carbohydrate metabolism,0,0,0
E7500,"GM2 gangliosidosis, unspecified",DX,metabolic,Lipid metabolism,0,0,0
E7501,Sandhoff disease,DX,metabolic,Lipid metabolism,0,0,0
E7502,Tay-Sachs disease,DX,metabolic,Lipid metabolism,0,0,0
E7509,Other GM2 gangliosidosis,DX,metabolic,Lipid metabolism,0,0,0
E7510,Unspecified gangliosidosis,DX,metabolic,Lipid metabolism,0,0,0
E7511,Mucolipidosis IV,DX,metabolic,Lipid metabolism,0,0,0
E7519,Other gangliosidosis,DX,metabolic,Lipid metabolism,0,0,0
E7521,Fabry (-Anderson) disease,DX,metabolic,Lipid metabolism,0,0,0
E7522,Gaucher disease,DX,metabolic,Lipid metabolism,0,0,0
E7523,Krabbe disease,DX,metabolic,Lipid metabolism,0,0,0
E75240,Niemann-Pick disease type A,DX,metabolic,Lipid metabolism,0,0,0
E75241,Niemann-Pick disease type B,DX,metabolic,Lipid metabolism,0,0,0
E75242,Niemann-Pick disease type C,DX,metabolic,Lipid metabolism,0,0,0
E75243,Niemann-Pick disease type D,DX,metabolic,Lipid metabolism,0,0,0
E75244,Niemann-Pick disease type A/B,DX,metabolic,Lipid metabolism,0,0,0
E75248,Other Niemann-Pick disease,DX,metabolic,Lipid metabolism,0,0,0
E75249,"Niemann-Pick disease, unspecified",DX,metabolic,Lipid metabolism,0,0,0
E7525,Metachromatic leukodystrophy,DX,metabolic,Lipid metabolism,0,0,0
E7526,Sulfatase deficiency,DX,metabolic,Lipid metabolism,0,0,0
E7529,Other sphingolipidosis,DX,metabolic,Lipid metabolism,0,0,0
E753,"Sphingolipidosis, unspecified",DX,metabolic,Lipid metabolism,0,0,0
E754,Neuronal ceroid lipofuscinosis,DX,metabolic,Lipid metabolism,0,0,0
E755,Other lipid storage disorders,DX,metabolic,Lipid metabolism,0,0,0
E756,"Lipid storage disorder, unspecified",DX,metabolic,Lipid metabolism,0,0,0
E7601,Hurler's syndrome,DX,metabolic,Storage disorders,0,0,0
E7602,Hurler-Scheie syndrome,DX,metabolic,Storage disorders,0,0,0
E7603,Scheie's syndrome,DX,metabolic,Storage disorders,0,0,0
E761,"Mucopolysaccharidosis, type II",DX,metabolic,Storage disorders,0,0,0
E76210,Morquio A mucopolysaccharidoses,DX,metabolic,Storage disorders,0,0,0
E76211,Morquio B mucopolysaccharidoses,DX,metabolic,Storage disorders,0,0,0
E76219,"Morquio mucopolysaccharidoses, unspecified",DX,metabolic,Storage disorders,0,0,0
E7622,Sanfilippo mucopolysaccharidoses,DX,metabolic,Storage disorders,0,0,0
E7629,Other mucopolysaccharidoses,DX,metabolic,Storage disorders,0,0,0
E763,"Mucopolysaccharidosis, unspecified",DX,metabolic,Storage disorders,0,0,0
E768,Other disorders of glucosaminoglycan metabolism,DX,metabolic,Storage disorders,0,0,0
E769,"Glucosaminoglycan metabolism disorder, unspecified",DX,metabolic,Storage disorders,0,0,0
E770,Defects in post-translational modification of lysosomal enzymes,DX,metabolic,Lipid metabolism,0,0,0
E771,Defects in glycoprotein degradation,DX,metabolic,Lipid metabolism,0,0,0
E778,Other disorders of glycoprotein metabolism,DX,metabolic,Lipid metabolism,0,0,0
E779,"Disorder of glycoprotein metabolism, unspecified",DX,metabolic,Lipid metabolism,0,0,0
E780,Pure hypercholesterolemia,DX,metabolic,Lipid metabolism,0,0,0
E7800,"Pure hypercholesterolemia, unspecified",DX,metabolic,Lipid metabolism,0,0,0
E7801,Familial hypercholesterolemia,DX,metabolic,Lipid metabolism,0,0,0
E781,Pure hyperglyceridemia,DX,metabolic,Lipid metabolism,0,0,0
E782,Mixed hyperlipidemia,DX,metabolic,Lipid metabolism,0,0,0
E783,Hyperchylomicronemia,DX,metabolic,Lipid metabolism,0,0,0
E784,Other hyperlipidemia,DX,metabolic,Lipid metabolism,0,0,0
E7841,Elevated Lipoprotein(a),DX,metabolic,Lipid metabolism,0,0,0
E7849,Other hyperlipidemia,DX,metabolic,Lipid metabolism,0,0,0
E785,"Hyperlipidemia, unspecified",DX,metabolic,Lipid metabolism,0,0,0
E786,Lipoprotein deficiency,DX,metabolic,Lipid metabolism,0,0,0
E7870,"Disorder of bile acid and cholesterol metabolism, unspecified",DX,metabolic,Lipid metabolism,0,0,0
E7871,Barth syndrome,DX,metabolic,Lipid metabolism,0,0,0
E7872,Smith-Lemli-Opitz syndrome,DX,metabolic,Lipid metabolism,0,0,0
E7879,Other disorders of bile acid and cholesterol metabolism,DX,metabolic,Lipid metabolism,0,0,0
E7881,Lipoid dermatoarthritis,DX,metabolic,Lipid metabolism,0,0,0
E7889,Other lipoprotein metabolism disorders,DX,metabolic,Lipid metabolism,0,0,0
E789,"Disorder of lipoprotein metabolism, unspecified",DX,metabolic,Lipid metabolism,0,0,0
E791,Lesch-Nyhan syndrome,DX,metabolic,Other metabolic disorders,0,0,0
E792,Myoadenylate deaminase deficiency,DX,metabolic,Other metabolic disorders,0,0,0
E798,Other disorders of purine and pyrimidine metabolism,DX,metabolic,Other metabolic disorders,0,0,0
E799,"Disorder of purine and pyrimidine metabolism, unspecified",DX,metabolic,Other metabolic disorders,0,0,0
E803,Defects of catalase and peroxidase,DX,metabolic,Other metabolic disorders,0,0,0
E804,Gilbert syndrome,DX,metabolic,Other metabolic disorders,0,0,0
E805,Crigler-Najjar syndrome,DX,metabolic,Other metabolic disorders,0,0,0
E806,Other disorders of bilirubin metabolism,DX,metabolic,Other metabolic disorders,0,0,0
E807,"Disorder of bilirubin metabolism, unspecified",DX,metabolic,Other metabolic disorders,0,0,0
E8300,"Disorder of copper metabolism, unspecified",DX,metabolic,Other metabolic disorders,0,0,0
E8301,Wilson's disease,DX,metabolic,Other metabolic disorders,0,0,0
E8309,Other disorders of copper metabolism,DX,metabolic,Other metabolic disorders,0,0,0
E8310,"Disorder of iron metabolism, unspecified",DX,metabolic,Other metabolic disorders,0,0,0
E83110,Hereditary hemochromatosis,DX,metabolic,Other metabolic disorders,0,0,0
E83111,Hemochromatosis due to repeated red blood cell transfusions,DX,metabolic,Other metabolic disorders,0,0,0
E83118,Other hemochromatosis,DX,metabolic,Other metabolic disorders,0,0,0
E83119,"Hemochromatosis, unspecified",DX,metabolic,Other metabolic disorders,0,0,0
E8319,Other disorders of iron metabolism,DX,metabolic,Other metabolic disorders,0,0,0
E8330,"Disorder of phosphorus metabolism, unspecified",DX,metabolic,Other metabolic disorders,0,0,0
E8331,Familial hypophosphatemia,DX,metabolic,Other metabolic disorders,0,0,0
E8332,Hereditary vitamin D-dependent rickets (type 1) (type 2),DX,metabolic,Other metabolic disorders,0,0,0
E8339,Other disorders of phosphorus metabolism,DX,metabolic,Other metabolic disorders,0,0,0
E8340,"Disorders of magnesium metabolism, unspecified",DX,metabolic,Other metabolic disorders,0,0,0
E8341,Hypermagnesemia,DX,metabolic,Other metabolic disorders,0,0,0
E8342,Hypomagnesemia,DX,metabolic,Other metabolic disorders,0,0,0
E8349,Other disorders of magnesium metabolism,DX,metabolic,Other metabolic disorders,0,0,0
E840,Cystic fibrosis with pulmonary manifestations,DX,respiratory,Cystic fibrosis,0,0,0
E8411,Meconium ileus in cystic fibrosis,DX,respiratory,Cystic fibrosis,0,0,0
E8419,Cystic fibrosis with other intestinal manifestations,DX,respiratory,Cystic fibrosis,0,0,0
E848,Cystic fibrosis with other manifestations,DX,respiratory,Cystic fibrosis,0,0,0
E849,"Cystic fibrosis, unspecified",DX,respiratory,Cystic fibrosis,0,0,0
E850,Non-neuropathic heredofamilial amyloidosis,DX,metabolic,Storage disorders,0,0,0
E851,Neuropathic heredofamilial amyloidosis,DX,metabolic,Storage disorders,0,0,0
E852,"Heredofamilial amyloidosis, unspecified",DX,metabolic,Storage disorders,0,0,0
E853,Secondary systemic amyloidosis,DX,metabolic,Storage disorders,0,0,0
E854,Organ-limited amyloidosis,DX,metabolic,Storage disorders,0,0,0
E858,Other amyloidosis,DX,metabolic,Storage disorders,0,0,0
E8581,Light chain (AL) amyloidosis,DX,metabolic,Storage disorders,0,0,0
E8582,Wild-type transthyretin-related (ATTR) amyloidosis,DX,metabolic,Storage disorders,0,0,0
E8589,Other amyloidosis,DX,metabolic,Storage disorders,0,0,0
E859,"Amyloidosis, unspecified",DX,metabolic,Storage disorders,0,0,0
E8801,Alpha-1-antitrypsin deficiency,DX,metabolic,Other metabolic disorders,0,0,0
E8802,Plasminogen deficiency,DX,metabolic,Other metabolic disorders,0,0,0
E8809,"Other disorders of plasma-protein metabolism, not elsewhere classified",DX,metabolic,Other metabolic disorders,0,0,0
E881,"Lipodystrophy, not elsewhere classified",DX,metabolic,Lipid metabolism,0,0,0
E882,"Lipomatosis, not elsewhere classified",DX,metabolic,Other metabolic disorders,0,0,0
E883,Tumor lysis syndrome,DX,metabolic,Other metabolic disorders,0,0,0
E8840,"Mitochondrial metabolism disorder, unspecified",DX,metabolic,Other metabolic disorders,0,0,0
E8841,MELAS syndrome,DX,metabolic,Other metabolic disorders,0,0,0
E8842,MERRF syndrome,DX,metabolic,Other metabolic disorders,0,0,0
E8849,Other mitochondrial metabolism disorders,DX,metabolic,Other metabolic disorders,0,0,0
E8881,Metabolic syndrome,DX,metabolic,Lipid metabolism,0,0,0
E8889,Other specified metabolic disorders,DX,metabolic,Lipid metabolism,0,0,0
E889,"Metabolic disorder, unspecified",DX,metabolic,Other metabolic disorders,0,0,0
F71,Moderate intellectual disabilities,DX,neuromusc,Intellectual Disabilities,0,0,0
F72,Severe intellectual disabilities,DX,neuromusc,Intellectual Disabilities,0,0,0
F73,Profound intellectual disabilities,DX,neuromusc,Intellectual Disabilities,0,0,0
F842,Rett's syndrome,DX,neuromusc,CNS Degeneration and diseases,0,0,0
G10,Huntington's disease,DX,neuromusc,Movement diseases,0,0,0
G110,Congenital nonprogressive ataxia,DX,neuromusc,CNS Degeneration and diseases,0,0,0
G111,Early-onset cerebellar ataxia,DX,neuromusc,CNS Degeneration and diseases,0,0,0
G1110,"Early-onset cerebellar ataxia, unspecified",DX,neuromusc,CNS Degeneration and diseases,0,0,0
G1111,Friedreich ataxia,DX,neuromusc,CNS Degeneration and diseases,0,0,0
G1119,Other early-onset cerebellar ataxia,DX,neuromusc,CNS Degeneration and diseases,0,0,0
G112,Late-onset cerebellar ataxia,DX,neuromusc,CNS Degeneration and diseases,0,0,0
G113,Cerebellar ataxia with defective DNA repair,DX,neuromusc,CNS Degeneration and diseases,0,0,0
G114,Hereditary spastic paraplegia,DX,neuromusc,CNS Degeneration and diseases,0,0,0
G118,Other hereditary ataxias,DX,neuromusc,CNS Degeneration and diseases,0,0,0
G119,"Hereditary ataxia, unspecified",DX,neuromusc,CNS Degeneration and diseases,0,0,0
G120,"Infantile spinal muscular atrophy, type I [Werdnig-Hoffman]",DX,neuromusc,CNS Degeneration and diseases,0,0,0
G121,Other inherited spinal muscular atrophy,DX,neuromusc,CNS Degeneration and diseases,0,0,0
G1220,"Motor neuron disease, unspecified",DX,neuromusc,CNS Degeneration and diseases,0,0,0
G1221,Amyotrophic lateral sclerosis,DX,neuromusc,CNS Degeneration and diseases,0,0,0
G1222,Progressive bulbar palsy,DX,neuromusc,CNS Degeneration and diseases,0,0,0
G1223,Primary lateral sclerosis,DX,neuromusc,CNS Degeneration and diseases,0,0,0
G1224,Familial motor neuron disease,DX,neuromusc,CNS Degeneration and diseases,0,0,0
G1225,Progressive spinal muscle atrophy,DX,neuromusc,CNS Degeneration and diseases,0,0,0
G1229,Other motor neuron disease,DX,neuromusc,CNS Degeneration and diseases,0,0,0
G128,Other spinal muscular atrophies and related syndromes,DX,neuromusc,CNS Degeneration and diseases,0,0,0
G129,"Spinal muscular atrophy, unspecified",DX,neuromusc,CNS Degeneration and diseases,0,0,0
G20,Parkinson's disease,DX,neuromusc,Movement diseases,0,0,0
G210,Malignant neuroleptic syndrome,DX,neuromusc,Movement diseases,0,0,0
G2111,Neuroleptic induced parkinsonism,DX,neuromusc,Movement diseases,0,0,0
G2119,Other drug induced secondary parkinsonism,DX,neuromusc,Movement diseases,0,0,0
G212,Secondary parkinsonism due to other external agents,DX,neuromusc,Movement diseases,0,0,0
G213,Postencephalitic parkinsonism,DX,neuromusc,Movement diseases,0,0,0
G214,Vascular parkinsonism,DX,neuromusc,Movement diseases,0,0,0
G218,Other secondary parkinsonism,DX,neuromusc,Movement diseases,0,0,0
G219,"Secondary parkinsonism, unspecified",DX,neuromusc,Movement diseases,0,0,0
G230,Hallervorden-Spatz disease,DX,neuromusc,Movement diseases,0,0,0
G231,Progressive supranuclear ophthalmoplegia [Steele-Richardson-Olszewski],DX,neuromusc,Movement diseases,0,0,0
G232,Striatonigral degeneration,DX,neuromusc,Movement diseases,0,0,0
G238,Other specified degenerative diseases of basal ganglia,DX,neuromusc,Movement diseases,0,0,0
G239,"Degenerative disease of basal ganglia, unspecified",DX,neuromusc,Movement diseases,0,0,0
G2402,Drug induced acute dystonia,DX,neuromusc,Movement diseases,0,0,0
G241,Genetic torsion dystonia,DX,neuromusc,Movement diseases,0,0,0
G242,Idiopathic nonfamilial dystonia,DX,neuromusc,Movement diseases,0,0,0
G248,Other dystonia,DX,neuromusc,Movement diseases,0,0,0
G255,Other chorea,DX,neuromusc,Movement diseases,0,0,0
G2581,Restless legs syndrome,DX,neuromusc,Movement diseases,0,0,0
G2582,Stiff-man syndrome,DX,neuromusc,Movement diseases,0,0,0
G2583,Benign shuddering attacks,DX,neuromusc,Movement diseases,0,0,0
G2589,Other specified extrapyramidal and movement disorders,DX,neuromusc,Movement diseases,0,0,0
G259,"Extrapyramidal and movement disorder, unspecified",DX,neuromusc,Movement diseases,0,0,0
G26,Extrapyramidal and movement disorders in diseases classified elsewhere,DX,neuromusc,Movement diseases,0,0,0
G3101,Pick's disease,DX,neuromusc,CNS Degeneration and diseases,0,0,0
G3109,Other frontotemporal dementia,DX,neuromusc,CNS Degeneration and diseases,0,0,0
G3181,Alpers disease,DX,neuromusc,CNS Degeneration and diseases,0,0,0
G3182,Leigh's disease,DX,neuromusc,CNS Degeneration and diseases,0,0,0
G3183,Dementia with Lewy bodies,DX,neuromusc,CNS Degeneration and diseases,0,0,0
G3184,"Mild cognitive impairment, so stated",DX,neuromusc,CNS Degeneration and diseases,0,0,0
G3185,Corticobasal degeneration,DX,neuromusc,CNS Degeneration and diseases,0,0,0
G3189,Other specified degenerative diseases of nervous system,DX,neuromusc,CNS Degeneration and diseases,0,0,0
G319,"Degenerative disease of nervous system, unspecified",DX,neuromusc,CNS Degeneration and diseases,0,0,0
G3289,Other specified degenerative disorders of nervous system in diseases classified elsewhere,DX,neuromusc,CNS Degeneration and diseases,0,0,0
G361,Acute and subacute hemorrhagic leukoencephalitis [Hurst],DX,neuromusc,Other neurologic disorders,0,0,0
G368,Other specified acute disseminated demyelination,DX,neuromusc,Other neurologic disorders,0,0,0
G369,"Acute disseminated demyelination, unspecified",DX,neuromusc,Other neurologic disorders,0,0,0
G370,Diffuse sclerosis of central nervous system (Schilder's disease),DX,neuromusc,Other neurologic disorders,0,0,0
G371,Central demyelination of corpus callosum,DX,neuromusc,Other neurologic disorders,0,0,0
G372,Central pontine myelinolysis,DX,neuromusc,Other neurologic disorders,0,0,0
G373,Acute transverse myelitis in demyelinating disease of central nervous system,DX,neuromusc,Other neurologic disorders,0,0,0
G374,Subacute necrotizing myelitis of central nervous system,DX,neuromusc,Other neurologic disorders,0,0,0
G375,Concentric sclerosis [Balo] of central nervous system,DX,neuromusc,Other neurologic disorders,0,0,0
G378,Other specified demyelinating diseases of central nervous system,DX,neuromusc,Other neurologic disorders,0,0,0
G379,"Demyelinating disease of central nervous system, unspecified",DX,neuromusc,Other neurologic disorders,0,0,0
G40011,"Localization-related (focal) (partial) idiopathic epilepsy and epileptic syndromes with seizures of localized onset, intractable, with status epilepticus",DX,neuromusc,Epilepsy,0,0,0
G40019,"Localization-related (focal) (partial) idiopathic epilepsy and epileptic syndromes with seizures of localized onset, intractable, without status epilepticus",DX,neuromusc,Epilepsy,0,0,0
G40111,"Localization-related (focal) (partial) symptomatic epilepsy and epileptic syndromes with simple partial seizures, intractable, with status epilepticus",DX,neuromusc,Epilepsy,0,0,0
G40119,"Localization-related (focal) (partial) symptomatic epilepsy and epileptic syndromes with simple partial seizures, intractable, without status epilepticus",DX,neuromusc,Epilepsy,0,0,0
G40211,"Localization-related (focal) (partial) symptomatic epilepsy and epileptic syndromes with complex partial seizures, intractable, with status epilepticus",DX,neuromusc,Epilepsy,0,0,0
G40219,"Localization-related (focal) (partial) symptomatic epilepsy and epileptic syndromes with complex partial seizures, intractable, without status epilepticus",DX,neuromusc,Epilepsy,0,0,0
G40311,"Generalized idiopathic epilepsy and epileptic syndromes, intractable, with status epilepticus",DX,neuromusc,Epilepsy,0,0,0
G40319,"Generalized idiopathic epilepsy and epileptic syndromes, intractable, without status epilepticus",DX,neuromusc,Epilepsy,0,0,0
G40411,"Other generalized epilepsy and epileptic syndromes, intractable, with status epilepticus",DX,neuromusc,Epilepsy,0,0,0
G40419,"Other generalized epilepsy and epileptic syndromes, intractable, without status epilepticus",DX,neuromusc,Epilepsy,0,0,0
G4042,Cyclin-Dependent Kinase-Like 5 Deficiency Disorder,DX,neuromusc,Epilepsy,0,0,0
G40803,"Other epilepsy, intractable, with status epilepticus",DX,neuromusc,Epilepsy,0,0,0
G40804,"Other epilepsy, intractable, without status epilepticus",DX,neuromusc,Epilepsy,0,0,0
G40813,"Lennox-Gastaut syndrome, intractable, with status epilepticus",DX,neuromusc,Epilepsy,0,0,0
G40814,"Lennox-Gastaut syndrome, intractable, without status epilepticus",DX,neuromusc,Epilepsy,0,0,0
G40823,"Epileptic spasms, intractable, with status epilepticus",DX,neuromusc,Epilepsy,0,0,0
G40824,"Epileptic spasms, intractable, without status epilepticus",DX,neuromusc,Epilepsy,0,0,0
G40833,"Dravet syndrome, intractable, with status epilepticus",DX,neuromusc,Epilepsy,0,0,0
G40834,"Dravet syndrome, intractable, without status epilepticus",DX,neuromusc,Epilepsy,0,0,0
G40911,"Epilepsy, unspecified, intractable, with status epilepticus",DX,neuromusc,Epilepsy,0,0,0
G40919,"Epilepsy, unspecified, intractable, without status epilepticus",DX,neuromusc,Epilepsy,0,0,0
G40A11,"Absence epileptic syndrome, intractable, with status epilepticus",DX,neuromusc,Epilepsy,0,0,0
G40A19,"Absence epileptic syndrome, intractable, without status epilepticus",DX,neuromusc,Epilepsy,0,0,0
G40B11,"Juvenile myoclonic epilepsy, intractable, with status epilepticus",DX,neuromusc,Epilepsy,0,0,0
G40B19,"Juvenile myoclonic epilepsy, intractable, without status epilepticus",DX,neuromusc,Epilepsy,0,0,0
G4735,Congenital central alveolar hypoventilation syndrome,DX,respiratory,Chronic respiratory diseases,0,0,0
G710,Muscular dystrophy,DX,neuromusc,Muscular dystrophies and myopathies,0,0,0
G7100,"Muscular dystrophy, unspecified",DX,neuromusc,Muscular dystrophies and myopathies,0,0,0
G7101,Duchenne or Becker muscular dystrophy,DX,neuromusc,Muscular dystrophies and myopathies,0,0,0
G7102,Facioscapulohumeral muscular dystrophy,DX,neuromusc,Muscular dystrophies and myopathies,0,0,0
G71031,Autosomal dominant limb girdle muscular dystrophy,DX,neuromusc,Muscular dystrophies and myopathies,0,0,0
G71032,Autosomal recessive limb girdle muscular dystrophy due to calpain-3 dysfunction,DX,neuromusc,Muscular dystrophies and myopathies,0,0,0
G71033,Limb girdle muscular dystrophy due to dysferlin dysfunction,DX,neuromusc,Muscular dystrophies and myopathies,0,0,0
G710340,"Limb girdle muscular dystrophy due to sarcoglycan dysfunction, unspecified",DX,neuromusc,Muscular dystrophies and myopathies,0,0,0
G710341,Limb girdle muscular dystrophy due to alpha sarcoglycan dysfunction,DX,neuromusc,Muscular dystrophies and myopathies,0,0,0
G710342,Limb girdle muscular dystrophy due to beta sarcoglycan dysfunction,DX,neuromusc,Muscular dystrophies and myopathies,0,0,0
G710349,Limb girdle muscular dystrophy due to other sarcoglycan dysfunction,DX,neuromusc,Muscular dystrophies and myopathies,0,0,0
G71035,Limb girdle muscular dystrophy due to anoctamin-5 dysfunction,DX,neuromusc,Muscular dystrophies and myopathies,0,0,0
G71038,Other limb girdle muscular dystrophy,DX,neuromusc,Muscular dystrophies and myopathies,0,0,0
G71039,"Limb girdle muscular dystrophy, unspecified",DX,neuromusc,Muscular dystrophies and myopathies,0,0,0
G7109,Other specified muscular dystrophies,DX,neuromusc,Muscular dystrophies and myopathies,0,0,0
G7111,Myotonic muscular dystrophy,DX,neuromusc,Muscular dystrophies and myopathies,0,0,0
G7112,Myotonia congenita,DX,neuromusc,Muscular dystrophies and myopathies,0,0,0
G7113,Myotonic chondrodystrophy,DX,neuromusc,Muscular dystrophies and myopathies,0,0,0
G7114,Drug induced myotonia,DX,neuromusc,Muscular dystrophies and myopathies,0,0,0
G7119,Other specified myotonic disorders,DX,neuromusc,Muscular dystrophies and myopathies,0,0,0
G712,Congenital myopathies,DX,neuromusc,Muscular dystrophies and myopathies,0,0,0
G7120,"Congenital myopathy, unspecified",DX,neuromusc,Muscular dystrophies and myopathies,0,0,0
G7121,Nemaline myopathy,DX,neuromusc,Muscular dystrophies and myopathies,0,0,0
G71220,X-linked myotubular myopathy,DX,neuromusc,Muscular dystrophies and myopathies,0,0,0
G71228,Other centronuclear myopathy,DX,neuromusc,Muscular dystrophies and myopathies,0,0,0
G7129,Other congenital myopathy,DX,neuromusc,Muscular dystrophies and myopathies,0,0,0
G713,"Mitochondrial myopathy, not elsewhere classified",DX,neuromusc,Muscular dystrophies and myopathies,0,0,0
G718,Other primary disorders of muscles,DX,neuromusc,Muscular dystrophies and myopathies,0,0,0
G719,"Primary disorder of muscle, unspecified",DX,neuromusc,Muscular dystrophies and myopathies,0,0,0
G720,Drug-induced myopathy,DX,neuromusc,Muscular dystrophies and myopathies,0,0,0
G721,Alcoholic myopathy,DX,neuromusc,Muscular dystrophies and myopathies,0,0,0
G722,Myopathy due to other toxic agents,DX,neuromusc,Muscular dystrophies and myopathies,0,0,0
G723,Periodic paralysis,DX,neuromusc,Muscular dystrophies and myopathies,0,0,0
G7241,Inclusion body myositis [IBM],DX,neuromusc,Muscular dystrophies and myopathies,0,0,0
G7249,"Other inflammatory and immune myopathies, not elsewhere classified",DX,neuromusc,Muscular dystrophies and myopathies,0,0,0
G7281,Critical illness myopathy,DX,neuromusc,Muscular dystrophies and myopathies,0,0,0
G7289,Other specified myopathies,DX,neuromusc,Muscular dystrophies and myopathies,0,0,0
G729,"Myopathy, unspecified",DX,neuromusc,Muscular dystrophies and myopathies,0,0,0
G800,Spastic quadriplegic cerebral palsy,DX,neuromusc,Infantile Cerebral Palsy,0,0,0
G801,Spastic diplegic cerebral palsy,DX,neuromusc,Infantile Cerebral Palsy,0,0,0
G802,Spastic hemiplegic cerebral palsy,DX,neuromusc,Infantile Cerebral Palsy,0,0,0
G803,Athetoid cerebral palsy,DX,neuromusc,Infantile Cerebral Palsy,0,0,0
G804,Ataxic cerebral palsy,DX,neuromusc,Infantile Cerebral Palsy,0,0,0
G808,Other cerebral palsy,DX,neuromusc,Infantile Cerebral Palsy,0,0,0
G809,"Cerebral palsy, unspecified",DX,neuromusc,Infantile Cerebral Palsy,0,0,0
G8100,Flaccid hemiplegia affecting unspecified side,DX,neuromusc,Other neurologic disorders,0,0,0
G8101,Flaccid hemiplegia affecting right dominant side,DX,neuromusc,Other neurologic disorders,0,0,0
G8102,Flaccid hemiplegia affecting left dominant side,DX,neuromusc,Other neurologic disorders,0,0,0
G8103,Flaccid hemiplegia affecting right nondominant side,DX,neuromusc,Other neurologic disorders,0,0,0
G8104,Flaccid hemiplegia affecting left nondominant side,DX,neuromusc,Other neurologic disorders,0,0,0
G8110,Spastic hemiplegia affecting unspecified side,DX,neuromusc,Other neurologic disorders,0,0,0
G8111,Spastic hemiplegia affecting right dominant side,DX,neuromusc,Other neurologic disorders,0,0,0
G8112,Spastic hemiplegia affecting left dominant side,DX,neuromusc,Other neurologic disorders,0,0,0
G8113,Spastic hemiplegia affecting right nondominant side,DX,neuromusc,Other neurologic disorders,0,0,0
G8114,Spastic hemiplegia affecting left nondominant side,DX,neuromusc,Other neurologic disorders,0,0,0
G8190,"Hemiplegia, unspecified affecting unspecified side",DX,neuromusc,Other neurologic disorders,0,0,0
G8191,"Hemiplegia, unspecified affecting right dominant side",DX,neuromusc,Other neurologic disorders,0,0,0
G8192,"Hemiplegia, unspecified affecting left dominant side",DX,neuromusc,Other neurologic disorders,0,0,0
G8193,"Hemiplegia, unspecified affecting right nondominant side",DX,neuromusc,Other neurologic disorders,0,0,0
G8194,"Hemiplegia, unspecified affecting left nondominant side",DX,neuromusc,Other neurologic disorders,0,0,0
G8250,"Quadriplegia, unspecified",DX,neuromusc,Other neurologic disorders,0,0,0
G8251,"Quadriplegia, C1-C4 complete",DX,neuromusc,Other neurologic disorders,0,0,0
G8252,"Quadriplegia, C1-C4 incomplete",DX,neuromusc,Other neurologic disorders,0,0,0
G8253,"Quadriplegia, C5-C7 complete",DX,neuromusc,Other neurologic disorders,0,0,0
G8254,"Quadriplegia, C5-C7 incomplete",DX,neuromusc,Other neurologic disorders,0,0,0
G834,Cauda equina syndrome,DX,renal    ,Chronic bladder diseases,0,0,0
G835,Locked-in state,DX,neuromusc,Other neurologic disorders,0,0,0
G839,"Paralytic syndrome, unspecified",DX,neuromusc,Other neurologic disorders,0,0,0
G901,Familial dysautonomia [Riley-Day],DX,neuromusc,Brain and Spinal Cord Malformations,0,0,0
G909,"Disorder of the autonomic nervous system, unspecified",DX,neuromusc,CNS Degeneration and diseases,0,0,0
G910,Communicating hydrocephalus,DX,neuromusc,CNS Degeneration and diseases,0,0,0
G911,Obstructive hydrocephalus,DX,neuromusc,CNS Degeneration and diseases,0,0,0
G913,"Post-traumatic hydrocephalus, unspecified",DX,neuromusc,CNS Degeneration and diseases,0,0,0
G914,Hydrocephalus in diseases classified elsewhere,DX,neuromusc,CNS Degeneration and diseases,0,0,0
G918,Other hydrocephalus,DX,neuromusc,CNS Degeneration and diseases,0,0,0
G919,"Hydrocephalus, unspecified",DX,neuromusc,CNS Degeneration and diseases,0,0,0
G931,"Anoxic brain damage, not elsewhere classified",DX,neuromusc,Other neurologic disorders,0,0,0
G935,Compression of brain,DX,neuromusc,Other neurologic disorders,0,0,0
G9381,Temporal sclerosis,DX,neuromusc,CNS Degeneration and diseases,0,0,0
G9382,Brain death,DX,neuromusc,CNS Degeneration and diseases,0,0,0
G9389,Other specified disorders of brain,DX,neuromusc,CNS Degeneration and diseases,0,0,0
G939,"Disorder of brain, unspecified",DX,neuromusc,CNS Degeneration and diseases,0,0,0
G94,Other disorders of brain in diseases classified elsewhere,DX,neuromusc,CNS Degeneration and diseases,0,0,0
G9519,Other vascular myelopathies,DX,neuromusc,CNS Degeneration and diseases,0,0,0
G9581,Conus medullaris syndrome,DX,neuromusc,CNS Degeneration and diseases,0,0,0
G9589,Other specified diseases of spinal cord,DX,neuromusc,CNS Degeneration and diseases,0,0,0
H49811,"Kearns-Sayre syndrome, right eye",DX,metabolic,Other metabolic disorders,0,0,0
H49812,"Kearns-Sayre syndrome, left eye",DX,metabolic,Other metabolic disorders,0,0,0
H49813,"Kearns-Sayre syndrome, bilateral",DX,metabolic,Other metabolic disorders,0,0,0
H49819,"Kearns-Sayre syndrome, unspecified eye",DX,metabolic,Other metabolic disorders,0,0,0
I270,Primary pulmonary hypertension,DX,respiratory,Chronic respiratory diseases,0,0,0
I271,Kyphoscoliotic heart disease,DX,cvd,Other Cardiovascular ,0,0,0
I272,Other secondary pulmonary hypertension,DX,cvd,Other Cardiovascular ,0,0,0
I2720,"Pulmonary hypertension, unspecified",DX,cvd,Other Cardiovascular ,0,0,0
I2721,Secondary pulmonary arterial hypertension,DX,cvd,Other Cardiovascular ,0,0,0
I2722,Pulmonary hypertension due to left heart disease,DX,cvd,Other Cardiovascular ,0,0,0
I2723,Pulmonary hypertension due to lung diseases and hypoxia,DX,cvd,Other Cardiovascular ,0,0,0
I2724,Chronic thromboembolic pulmonary hypertension,DX,cvd,Other Cardiovascular ,0,0,0
I2729,Other secondary pulmonary hypertension,DX,cvd,Other Cardiovascular ,0,0,0
I2781,Cor pulmonale (chronic),DX,cvd,Other Cardiovascular ,0,0,0
I2782,Chronic pulmonary embolism,DX,respiratory,Chronic respiratory diseases,0,0,0
I2783,Eisenmenger's syndrome,DX,cvd,Other Cardiovascular ,0,0,0
I2789,Other specified pulmonary heart diseases,DX,cvd,Other Cardiovascular ,0,0,0
I279,"Pulmonary heart disease, unspecified",DX,cvd,Other Cardiovascular ,0,0,0
I340,Nonrheumatic mitral (valve) insufficiency,DX,cvd,Endocardium diseases,0,0,0
I342,Nonrheumatic mitral (valve) stenosis,DX,cvd,Endocardium diseases,0,0,0
I348,Other nonrheumatic mitral valve disorders,DX,cvd,Endocardium diseases,0,0,0
I3481,Nonrheumatic mitral (valve) annulus calcification,DX,cvd,Endocardium diseases,0,0,0
I3489,Other nonrheumatic mitral valve disorders,DX,cvd,Endocardium diseases,0,0,0
I349,"Nonrheumatic mitral valve disorder, unspecified",DX,cvd,Endocardium diseases,0,0,0
I360,Nonrheumatic tricuspid (valve) stenosis,DX,cvd,Endocardium diseases,0,0,0
I361,Nonrheumatic tricuspid (valve) insufficiency,DX,cvd,Endocardium diseases,0,0,0
I362,Nonrheumatic tricuspid (valve) stenosis with insufficiency,DX,cvd,Endocardium diseases,0,0,0
I368,Other nonrheumatic tricuspid valve disorders,DX,cvd,Endocardium diseases,0,0,0
I369,"Nonrheumatic tricuspid valve disorder, unspecified",DX,cvd,Endocardium diseases,0,0,0
I370,Nonrheumatic pulmonary valve stenosis,DX,cvd,Endocardium diseases,0,0,0
I371,Nonrheumatic pulmonary valve insufficiency,DX,cvd,Endocardium diseases,0,0,0
I372,Nonrheumatic pulmonary valve stenosis with insufficiency,DX,cvd,Endocardium diseases,0,0,0
I378,Other nonrheumatic pulmonary valve disorders,DX,cvd,Endocardium diseases,0,0,0
I379,"Nonrheumatic pulmonary valve disorder, unspecified",DX,cvd,Endocardium diseases,0,0,0
I420,Dilated cardiomyopathy,DX,cvd,Cardiomyopathies,0,0,0
I421,Obstructive hypertrophic cardiomyopathy,DX,cvd,Cardiomyopathies,0,0,0
I422,Other hypertrophic cardiomyopathy,DX,cvd,Cardiomyopathies,0,0,0
I423,Endomyocardial (eosinophilic) disease,DX,cvd,Cardiomyopathies,0,0,0
I424,Endocardial fibroelastosis,DX,cvd,Cardiomyopathies,0,0,0
I425,Other restrictive cardiomyopathy,DX,cvd,Cardiomyopathies,0,0,0
I426,Alcoholic cardiomyopathy,DX,cvd,Cardiomyopathies,0,0,0
I427,Cardiomyopathy due to drug and external agent,DX,cvd,Cardiomyopathies,0,0,0
I428,Other cardiomyopathies,DX,cvd,Cardiomyopathies,0,0,0
I429,"Cardiomyopathy, unspecified",DX,cvd,Cardiomyopathies,0,0,0
I43,Cardiomyopathy in diseases classified elsewhere,DX,cvd,Cardiomyopathies,0,0,0
I440,"Atrioventricular block, first degree",DX,cvd,Conduction disorder,0,0,0
I441,"Atrioventricular block, second degree",DX,cvd,Conduction disorder,0,0,0
I442,"Atrioventricular block, complete",DX,cvd,Conduction disorder,0,0,0
I4430,Unspecified atrioventricular block,DX,cvd,Conduction disorder,0,0,0
I4439,Other atrioventricular block,DX,cvd,Conduction disorder,0,0,0
I444,Left anterior fascicular block,DX,cvd,Conduction disorder,0,0,0
I445,Left posterior fascicular block,DX,cvd,Conduction disorder,0,0,0
I4460,Unspecified fascicular block,DX,cvd,Conduction disorder,0,0,0
I4469,Other fascicular block,DX,cvd,Conduction disorder,0,0,0
I447,"Left bundle-branch block, unspecified",DX,cvd,Conduction disorder,0,0,0
I450,Right fascicular block,DX,cvd,Conduction disorder,0,0,0
I4510,Unspecified right bundle-branch block,DX,cvd,Conduction disorder,0,0,0
I4519,Other right bundle-branch block,DX,cvd,Conduction disorder,0,0,0
I452,Bifascicular block,DX,cvd,Conduction disorder,0,0,0
I453,Trifascicular block,DX,cvd,Conduction disorder,0,0,0
I454,Nonspecific intraventricular block,DX,cvd,Conduction disorder,0,0,0
I455,Other specified heart block,DX,cvd,Conduction disorder,0,0,0
I456,Pre-excitation syndrome,DX,cvd,Conduction disorder,0,0,0
I4581,Long QT syndrome,DX,cvd,Conduction disorder,0,0,0
I4589,Other specified conduction disorders,DX,cvd,Conduction disorder,0,0,0
I459,"Conduction disorder, unspecified",DX,cvd,Conduction disorder,0,0,0
I470,Re-entry ventricular arrhythmia,DX,cvd,Conduction disorder,0,0,0
I471,Supraventricular tachycardia,DX,cvd,Conduction disorder,0,0,0
I472,Ventricular tachycardia,DX,cvd,Conduction disorder,0,0,0
I4720,"Ventricular tachycardia, unspecified",DX,cvd,Conduction disorder,0,0,0
I4721,Torsades de pointes,DX,cvd,Conduction disorder,0,0,0
I4729,Other ventricular tachycardia,DX,cvd,Conduction disorder,0,0,0
I479,"Paroxysmal tachycardia, unspecified",DX,cvd,Conduction disorder,0,0,0
I480,Paroxysmal atrial fibrillation,DX,cvd,Conduction disorder,0,0,0
I481,Persistent atrial fibrillation,DX,cvd,Conduction disorder,0,0,0
I4811,Longstanding persistent atrial fibrillation,DX,cvd,Conduction disorder,0,0,0
I4819,Other persistent atrial fibrillation,DX,cvd,Conduction disorder,0,0,0
I482,Chronic atrial fibrillation,DX,cvd,Conduction disorder,0,0,0
I4820,"Chronic atrial fibrillation, unspecified",DX,cvd,Conduction disorder,0,0,0
I4821,Permanent atrial fibrillation,DX,cvd,Conduction disorder,0,0,0
I483,Typical atrial flutter,DX,cvd,Conduction disorder,0,0,0
I484,Atypical atrial flutter,DX,cvd,Conduction disorder,0,0,0
I4891,Unspecified atrial fibrillation,DX,cvd,Conduction disorder,0,0,0
I4892,Unspecified atrial flutter,DX,cvd,Conduction disorder,0,0,0
I4901,Ventricular fibrillation,DX,cvd,Conduction disorder,0,0,0
I4902,Ventricular flutter,DX,cvd,Conduction disorder,0,0,0
I491,Atrial premature depolarization,DX,cvd,Dysrhythmias,0,0,0
I493,Ventricular premature depolarization,DX,cvd,Dysrhythmias,0,0,0
I4940,Unspecified premature depolarization,DX,cvd,Dysrhythmias,0,0,0
I4949,Other premature depolarization,DX,cvd,Dysrhythmias,0,0,0
I495,Sick sinus syndrome,DX,cvd,Dysrhythmias,0,0,0
I498,Other specified cardiac arrhythmias,DX,cvd,Dysrhythmias,0,0,0
I499,"Cardiac arrhythmia, unspecified",DX,cvd,Dysrhythmias,0,0,0
I5020,Unspecified systolic (congestive) heart failure,DX,cvd,Other Cardiovascular ,0,0,0
I5022,Chronic systolic (congestive) heart failure,DX,cvd,Other Cardiovascular ,0,0,0
I5023,Acute on chronic systolic (congestive) heart failure,DX,cvd,Other Cardiovascular ,0,0,0
I5030,Unspecified diastolic (congestive) heart failure,DX,cvd,Other Cardiovascular ,0,0,0
I5032,Chronic diastolic (congestive) heart failure,DX,cvd,Other Cardiovascular ,0,0,0
I5033,Acute on chronic diastolic (congestive) heart failure,DX,cvd,Other Cardiovascular ,0,0,0
I5040,Unspecified combined systolic (congestive) and diastolic (congestive) heart failure,DX,cvd,Other Cardiovascular ,0,0,0
I5042,Chronic combined systolic (congestive) and diastolic (congestive) heart failure,DX,cvd,Other Cardiovascular ,0,0,0
I5043,Acute on chronic combined systolic (congestive) and diastolic (congestive) heart failure,DX,cvd,Other Cardiovascular ,0,0,0
I50810,"Right heart failure, unspecified",DX,cvd,Other Cardiovascular ,0,0,0
I50812,Chronic right heart failure,DX,cvd,Other Cardiovascular ,0,0,0
I50813,Acute on chronic right heart failure,DX,cvd,Other Cardiovascular ,0,0,0
I50814,Right heart failure due to left heart failure,DX,cvd,Other Cardiovascular ,0,0,0
I5082,Biventricular heart failure,DX,cvd,Other Cardiovascular ,0,0,0
I5083,High output heart failure,DX,cvd,Other Cardiovascular ,0,0,0
I5084,End stage heart failure,DX,cvd,Other Cardiovascular ,0,0,0
I5089,Other heart failure,DX,cvd,Other Cardiovascular ,0,0,0
I509,"Heart failure, unspecified",DX,cvd,Other Cardiovascular ,0,0,0
I515,Myocardial degeneration,DX,cvd,Cardiomyopathies,0,0,0
I517,Cardiomegaly,DX,cvd,Other Cardiovascular ,0,0,0
I5181,Takotsubo syndrome,DX,cvd,Other Cardiovascular ,0,0,0
I6300,Cerebral infarction due to thrombosis of unspecified precerebral artery,DX,neuromusc,Occlusion of cerebral arteries,0,0,0
I63011,Cerebral infarction due to thrombosis of right vertebral artery,DX,neuromusc,Occlusion of cerebral arteries,0,0,0
I63012,Cerebral infarction due to thrombosis of left vertebral artery,DX,neuromusc,Occlusion of cerebral arteries,0,0,0
I63013,Cerebral infarction due to thrombosis of bilateral vertebral arteries,DX,neuromusc,Occlusion of cerebral arteries,0,0,0
I63019,Cerebral infarction due to thrombosis of unspecified vertebral artery,DX,neuromusc,Occlusion of cerebral arteries,0,0,0
I6302,Cerebral infarction due to thrombosis of basilar artery,DX,neuromusc,Occlusion of cerebral arteries,0,0,0
I63031,Cerebral infarction due to thrombosis of right carotid artery,DX,neuromusc,Occlusion of cerebral arteries,0,0,0
I63032,Cerebral infarction due to thrombosis of left carotid artery,DX,neuromusc,Occlusion of cerebral arteries,0,0,0
I63033,Cerebral infarction due to thrombosis of bilateral carotid arteries,DX,neuromusc,Occlusion of cerebral arteries,0,0,0
I63039,Cerebral infarction due to thrombosis of unspecified carotid artery,DX,neuromusc,Occlusion of cerebral arteries,0,0,0
I6309,Cerebral infarction due to thrombosis of other precerebral artery,DX,neuromusc,Occlusion of cerebral arteries,0,0,0
I6310,Cerebral infarction due to embolism of unspecified precerebral artery,DX,neuromusc,Occlusion of cerebral arteries,0,0,0
I63111,Cerebral infarction due to embolism of right vertebral artery,DX,neuromusc,Occlusion of cerebral arteries,0,0,0
I63112,Cerebral infarction due to embolism of left vertebral artery,DX,neuromusc,Occlusion of cerebral arteries,0,0,0
I63113,Cerebral infarction due to embolism of bilateral vertebral arteries,DX,neuromusc,Occlusion of cerebral arteries,0,0,0
I63119,Cerebral infarction due to embolism of unspecified vertebral artery,DX,neuromusc,Occlusion of cerebral arteries,0,0,0
I6312,Cerebral infarction due to embolism of basilar artery,DX,neuromusc,Occlusion of cerebral arteries,0,0,0
I63131,Cerebral infarction due to embolism of right carotid artery,DX,neuromusc,Occlusion of cerebral arteries,0,0,0
I63132,Cerebral infarction due to embolism of left carotid artery,DX,neuromusc,Occlusion of cerebral arteries,0,0,0
I63133,Cerebral infarction due to embolism of bilateral carotid arteries,DX,neuromusc,Occlusion of cerebral arteries,0,0,0
I63139,Cerebral infarction due to embolism of unspecified carotid artery,DX,neuromusc,Occlusion of cerebral arteries,0,0,0
I6319,Cerebral infarction due to embolism of other precerebral artery,DX,neuromusc,Occlusion of cerebral arteries,0,0,0
I6320,Cerebral infarction due to unspecified occlusion or stenosis of unspecified precerebral arteries,DX,neuromusc,Occlusion of cerebral arteries,0,0,0
I63211,Cerebral infarction due to unspecified occlusion or stenosis of right vertebral artery,DX,neuromusc,Occlusion of cerebral arteries,0,0,0
I63212,Cerebral infarction due to unspecified occlusion or stenosis of left vertebral artery,DX,neuromusc,Occlusion of cerebral arteries,0,0,0
I63213,Cerebral infarction due to unspecified occlusion or stenosis of bilateral vertebral arteries,DX,neuromusc,Occlusion of cerebral arteries,0,0,0
I63219,Cerebral infarction due to unspecified occlusion or stenosis of unspecified vertebral artery,DX,neuromusc,Occlusion of cerebral arteries,0,0,0
I6322,Cerebral infarction due to unspecified occlusion or stenosis of basilar artery,DX,neuromusc,Occlusion of cerebral arteries,0,0,0
I63231,Cerebral infarction due to unspecified occlusion or stenosis of right carotid arteries,DX,neuromusc,Occlusion of cerebral arteries,0,0,0
I63232,Cerebral infarction due to unspecified occlusion or stenosis of left carotid arteries,DX,neuromusc,Occlusion of cerebral arteries,0,0,0
I63233,Cerebral infarction due to unspecified occlusion or stenosis of bilateral carotid arteries,DX,neuromusc,Occlusion of cerebral arteries,0,0,0
I63239,Cerebral infarction due to unspecified occlusion or stenosis of unspecified carotid artery,DX,neuromusc,Occlusion of cerebral arteries,0,0,0
I6329,Cerebral infarction due to unspecified occlusion or stenosis of other precerebral arteries,DX,neuromusc,Occlusion of cerebral arteries,0,0,0
I6330,Cerebral infarction due to thrombosis of unspecified cerebral artery,DX,neuromusc,Occlusion of cerebral arteries,0,0,0
I63311,Cerebral infarction due to thrombosis of right middle cerebral artery,DX,neuromusc,Occlusion of cerebral arteries,0,0,0
I63312,Cerebral infarction due to thrombosis of left middle cerebral artery,DX,neuromusc,Occlusion of cerebral arteries,0,0,0
I63313,Cerebral infarction due to thrombosis of bilateral middle cerebral arteries,DX,neuromusc,Occlusion of cerebral arteries,0,0,0
I63319,Cerebral infarction due to thrombosis of unspecified middle cerebral artery,DX,neuromusc,Occlusion of cerebral arteries,0,0,0
I63321,Cerebral infarction due to thrombosis of right anterior cerebral artery,DX,neuromusc,Occlusion of cerebral arteries,0,0,0
I63322,Cerebral infarction due to thrombosis of left anterior cerebral artery,DX,neuromusc,Occlusion of cerebral arteries,0,0,0
I63323,Cerebral infarction due to thrombosis of bilateral anterior cerebral arteries,DX,neuromusc,Occlusion of cerebral arteries,0,0,0
I63329,Cerebral infarction due to thrombosis of unspecified anterior cerebral artery,DX,neuromusc,Occlusion of cerebral arteries,0,0,0
I63331,Cerebral infarction due to thrombosis of right posterior cerebral artery,DX,neuromusc,Occlusion of cerebral arteries,0,0,0
I63332,Cerebral infarction due to thrombosis of left posterior cerebral artery,DX,neuromusc,Occlusion of cerebral arteries,0,0,0
I63333,Cerebral infarction due to thrombosis of bilateral posterior cerebral arteries,DX,neuromusc,Occlusion of cerebral arteries,0,0,0
I63339,Cerebral infarction due to thrombosis of unspecified posterior cerebral artery,DX,neuromusc,Occlusion of cerebral arteries,0,0,0
I63341,Cerebral infarction due to thrombosis of right cerebellar artery,DX,neuromusc,Occlusion of cerebral arteries,0,0,0
I63342,Cerebral infarction due to thrombosis of left cerebellar artery,DX,neuromusc,Occlusion of cerebral arteries,0,0,0
I63343,Cerebral infarction due to thrombosis of bilateral cerebellar arteries,DX,neuromusc,Occlusion of cerebral arteries,0,0,0
I63349,Cerebral infarction due to thrombosis of unspecified cerebellar artery,DX,neuromusc,Occlusion of cerebral arteries,0,0,0
I6339,Cerebral infarction due to thrombosis of other cerebral artery,DX,neuromusc,Occlusion of cerebral arteries,0,0,0
I6340,Cerebral infarction due to embolism of unspecified cerebral artery,DX,neuromusc,Occlusion of cerebral arteries,0,0,0
I63411,Cerebral infarction due to embolism of right middle cerebral artery,DX,neuromusc,Occlusion of cerebral arteries,0,0,0
I63412,Cerebral infarction due to embolism of left middle cerebral artery,DX,neuromusc,Occlusion of cerebral arteries,0,0,0
I63413,Cerebral infarction due to embolism of bilateral middle cerebral arteries,DX,neuromusc,Occlusion of cerebral arteries,0,0,0
I63419,Cerebral infarction due to embolism of unspecified middle cerebral artery,DX,neuromusc,Occlusion of cerebral arteries,0,0,0
I63421,Cerebral infarction due to embolism of right anterior cerebral artery,DX,neuromusc,Occlusion of cerebral arteries,0,0,0
I63422,Cerebral infarction due to embolism of left anterior cerebral artery,DX,neuromusc,Occlusion of cerebral arteries,0,0,0
I63423,Cerebral infarction due to embolism of bilateral anterior cerebral arteries,DX,neuromusc,Occlusion of cerebral arteries,0,0,0
I63429,Cerebral infarction due to embolism of unspecified anterior cerebral artery,DX,neuromusc,Occlusion of cerebral arteries,0,0,0
I63431,Cerebral infarction due to embolism of right posterior cerebral artery,DX,neuromusc,Occlusion of cerebral arteries,0,0,0
I63432,Cerebral infarction due to embolism of left posterior cerebral artery,DX,neuromusc,Occlusion of cerebral arteries,0,0,0
I63433,Cerebral infarction due to embolism of bilateral posterior cerebral arteries,DX,neuromusc,Occlusion of cerebral arteries,0,0,0
I63439,Cerebral infarction due to embolism of unspecified posterior cerebral artery,DX,neuromusc,Occlusion of cerebral arteries,0,0,0
I63441,Cerebral infarction due to embolism of right cerebellar artery,DX,neuromusc,Occlusion of cerebral arteries,0,0,0
I63442,Cerebral infarction due to embolism of left cerebellar artery,DX,neuromusc,Occlusion of cerebral arteries,0,0,0
I63443,Cerebral infarction due to embolism of bilateral cerebellar arteries,DX,neuromusc,Occlusion of cerebral arteries,0,0,0
I63449,Cerebral infarction due to embolism of unspecified cerebellar artery,DX,neuromusc,Occlusion of cerebral arteries,0,0,0
I6349,Cerebral infarction due to embolism of other cerebral artery,DX,neuromusc,Occlusion of cerebral arteries,0,0,0
I6350,Cerebral infarction due to unspecified occlusion or stenosis of unspecified cerebral artery,DX,neuromusc,Occlusion of cerebral arteries,0,0,0
I63511,Cerebral infarction due to unspecified occlusion or stenosis of right middle cerebral artery,DX,neuromusc,Occlusion of cerebral arteries,0,0,0
I63512,Cerebral infarction due to unspecified occlusion or stenosis of left middle cerebral artery,DX,neuromusc,Occlusion of cerebral arteries,0,0,0
I63513,Cerebral infarction due to unspecified occlusion or stenosis of bilateral middle cerebral arteries,DX,neuromusc,Occlusion of cerebral arteries,0,0,0
I63519,Cerebral infarction due to unspecified occlusion or stenosis of unspecified middle cerebral artery,DX,neuromusc,Occlusion of cerebral arteries,0,0,0
I63521,Cerebral infarction due to unspecified occlusion or stenosis of right anterior cerebral artery,DX,neuromusc,Occlusion of cerebral arteries,0,0,0
I63522,Cerebral infarction due to unspecified occlusion or stenosis of left anterior cerebral artery,DX,neuromusc,Occlusion of cerebral arteries,0,0,0
I63523,Cerebral infarction due to unspecified occlusion or stenosis of bilateral anterior cerebral arteries,DX,neuromusc,Occlusion of cerebral arteries,0,0,0
I63529,Cerebral infarction due to unspecified occlusion or stenosis of unspecified anterior cerebral artery,DX,neuromusc,Occlusion of cerebral arteries,0,0,0
I63531,Cerebral infarction due to unspecified occlusion or stenosis of right posterior cerebral artery,DX,neuromusc,Occlusion of cerebral arteries,0,0,0
I63532,Cerebral infarction due to unspecified occlusion or stenosis of left posterior cerebral artery,DX,neuromusc,Occlusion of cerebral arteries,0,0,0
I63533,Cerebral infarction due to unspecified occlusion or stenosis of bilateral posterior cerebral arteries,DX,neuromusc,Occlusion of cerebral arteries,0,0,0
I63539,Cerebral infarction due to unspecified occlusion or stenosis of unspecified posterior cerebral artery,DX,neuromusc,Occlusion of cerebral arteries,0,0,0
I63541,Cerebral infarction due to unspecified occlusion or stenosis of right cerebellar artery,DX,neuromusc,Occlusion of cerebral arteries,0,0,0
I63542,Cerebral infarction due to unspecified occlusion or stenosis of left cerebellar artery,DX,neuromusc,Occlusion of cerebral arteries,0,0,0
I63543,Cerebral infarction due to unspecified occlusion or stenosis of bilateral cerebellar arteries,DX,neuromusc,Occlusion of cerebral arteries,0,0,0
I63549,Cerebral infarction due to unspecified occlusion or stenosis of unspecified cerebellar artery,DX,neuromusc,Occlusion of cerebral arteries,0,0,0
I6359,Cerebral infarction due to unspecified occlusion or stenosis of other cerebral artery,DX,neuromusc,Occlusion of cerebral arteries,0,0,0
I636,"Cerebral infarction due to cerebral venous thrombosis, nonpyogenic",DX,neuromusc,Occlusion of cerebral arteries,0,0,0
I638,Other cerebral infarction,DX,neuromusc,Occlusion of cerebral arteries,0,0,0
I6381,Other cerebral infarction due to occlusion or stenosis of small artery,DX,neuromusc,Occlusion of cerebral arteries,0,0,0
I6389,Other cerebral infarction,DX,neuromusc,Occlusion of cerebral arteries,0,0,0
I639,"Cerebral infarction, unspecified",DX,neuromusc,Occlusion of cerebral arteries,0,0,0
I820,Budd-Chiari syndrome,DX,GI,Other GI disease,0,0,0
J8410,"Pulmonary fibrosis, unspecified",DX,respiratory,Chronic respiratory diseases,0,0,0
J84111,"Idiopathic interstitial pneumonia, not otherwise specified",DX,respiratory,Chronic respiratory diseases,0,0,0
J84112,Idiopathic pulmonary fibrosis,DX,respiratory,Chronic respiratory diseases,0,0,0
J84113,Idiopathic non-specific interstitial pneumonitis,DX,respiratory,Chronic respiratory diseases,0,0,0
J84114,Acute interstitial pneumonitis,DX,respiratory,Chronic respiratory diseases,0,0,0
J84115,Respiratory bronchiolitis interstitial lung disease,DX,respiratory,Chronic respiratory diseases,0,0,0
J84116,Cryptogenic organizing pneumonia,DX,respiratory,Chronic respiratory diseases,0,0,0
J84117,Desquamative interstitial pneumonia,DX,respiratory,Chronic respiratory diseases,0,0,0
J8417,Other interstitial pulmonary diseases with fibrosis in diseases classified elsewhere,DX,respiratory,Chronic respiratory diseases,0,0,0
J84170,Interstitial lung disease with progressive fibrotic phenotype in diseases classified elsewhere,DX,respiratory,Chronic respiratory diseases,0,0,0
J84178,Other interstitial pulmonary diseases with fibrosis in diseases classified elsewhere,DX,respiratory,Chronic respiratory diseases,0,0,0
J842,Lymphoid interstitial pneumonia,DX,respiratory,Chronic respiratory diseases,0,0,0
J8481,Lymphangioleiomyomatosis,DX,respiratory,Chronic respiratory diseases,0,0,0
J8482,Adult pulmonary Langerhans cell histiocytosis,DX,respiratory,Chronic respiratory diseases,0,0,0
J8483,Surfactant mutations of the lung,DX,respiratory,Chronic respiratory diseases,0,0,0
J84841,Neuroendocrine cell hyperplasia of infancy,DX,respiratory,Chronic respiratory diseases,0,0,0
J84842,Pulmonary interstitial glycogenosis,DX,respiratory,Chronic respiratory diseases,0,0,0
J84843,Alveolar capillary dysplasia with vein misalignment,DX,respiratory,Chronic respiratory diseases,0,0,0
J84848,Other interstitial lung diseases of childhood,DX,respiratory,Chronic respiratory diseases,0,0,0
J8489,Other specified interstitial pulmonary diseases,DX,respiratory,Chronic respiratory diseases,0,0,0
J849,"Interstitial pulmonary disease, unspecified",DX,respiratory,Chronic respiratory diseases,0,0,0
J9500,Unspecified tracheostomy complication,DX,Respiratory,Device & Technology Use,0,1,0
J9501,Hemorrhage from tracheostomy stoma,DX,Respiratory,Device & Technology Use,0,1,0
J9502,Infection of tracheostomy stoma,DX,Respiratory,Device & Technology Use,0,1,0
J9503,Malfunction of tracheostomy stoma,DX,Respiratory,Device & Technology Use,0,1,0
J9504,Tracheo-esophageal fistula following tracheostomy,DX,Respiratory,Device & Technology Use,0,1,0
J9509,Other tracheostomy complication,DX,Respiratory,Device & Technology Use,0,1,0
J95850,Mechanical complication of respirator,DX,Respiratory,Device & Technology Use,0,1,0
J9610,"Chronic respiratory failure, unspecified whether with hypoxia or hypercapnia",DX,respiratory,Chronic respiratory diseases,0,0,0
J9611,Chronic respiratory failure with hypoxia,DX,respiratory,Chronic respiratory diseases,0,0,0
J9612,Chronic respiratory failure with hypercapnia,DX,respiratory,Chronic respiratory diseases,0,0,0
J9620,"Acute and chronic respiratory failure, unspecified whether with hypoxia or hypercapnia",DX,respiratory,Chronic respiratory diseases,0,0,0
J9621,Acute and chronic respiratory failure with hypoxia,DX,respiratory,Chronic respiratory diseases,0,0,0
J9622,Acute and chronic respiratory failure with hypercapnia,DX,respiratory,Chronic respiratory diseases,0,0,0
K449,Diaphragmatic hernia without obstruction or gangrene,DX,congeni_genetic,Diaphragm and abdominal wall anomalies,0,0,0
K5000,Crohn's disease of small intestine without complications,DX,GI,Inflammatory bowel disease,0,0,0
K50011,Crohn's disease of small intestine with rectal bleeding,DX,GI,Inflammatory bowel disease,0,0,0
K50012,Crohn's disease of small intestine with intestinal obstruction,DX,GI,Inflammatory bowel disease,0,0,0
K50013,Crohn's disease of small intestine with fistula,DX,GI,Inflammatory bowel disease,0,0,0
K50014,Crohn's disease of small intestine with abscess,DX,GI,Inflammatory bowel disease,0,0,0
K50018,Crohn's disease of small intestine with other complication,DX,GI,Inflammatory bowel disease,0,0,0
K50019,Crohn's disease of small intestine with unspecified complications,DX,GI,Inflammatory bowel disease,0,0,0
K5010,Crohn's disease of large intestine without complications,DX,GI,Inflammatory bowel disease,0,0,0
K50111,Crohn's disease of large intestine with rectal bleeding,DX,GI,Inflammatory bowel disease,0,0,0
K50112,Crohn's disease of large intestine with intestinal obstruction,DX,GI,Inflammatory bowel disease,0,0,0
K50113,Crohn's disease of large intestine with fistula,DX,GI,Inflammatory bowel disease,0,0,0
K50114,Crohn's disease of large intestine with abscess,DX,GI,Inflammatory bowel disease,0,0,0
K50118,Crohn's disease of large intestine with other complication,DX,GI,Inflammatory bowel disease,0,0,0
K50119,Crohn's disease of large intestine with unspecified complications,DX,GI,Inflammatory bowel disease,0,0,0
K5080,Crohn's disease of both small and large intestine without complications,DX,GI,Inflammatory bowel disease,0,0,0
K50811,Crohn's disease of both small and large intestine with rectal bleeding,DX,GI,Inflammatory bowel disease,0,0,0
K50812,Crohn's disease of both small and large intestine with intestinal obstruction,DX,GI,Inflammatory bowel disease,0,0,0
K50813,Crohn's disease of both small and large intestine with fistula,DX,GI,Inflammatory bowel disease,0,0,0
K50814,Crohn's disease of both small and large intestine with abscess,DX,GI,Inflammatory bowel disease,0,0,0
K50818,Crohn's disease of both small and large intestine with other complication,DX,GI,Inflammatory bowel disease,0,0,0
K50819,Crohn's disease of both small and large intestine with unspecified complications,DX,GI,Inflammatory bowel disease,0,0,0
K5090,"Crohn's disease, unspecified, without complications",DX,GI,Inflammatory bowel disease,0,0,0
K50911,"Crohn's disease, unspecified, with rectal bleeding",DX,GI,Inflammatory bowel disease,0,0,0
K50912,"Crohn's disease, unspecified, with intestinal obstruction",DX,GI,Inflammatory bowel disease,0,0,0
K50913,"Crohn's disease, unspecified, with fistula",DX,GI,Inflammatory bowel disease,0,0,0
K50914,"Crohn's disease, unspecified, with abscess",DX,GI,Inflammatory bowel disease,0,0,0
K50918,"Crohn's disease, unspecified, with other complication",DX,GI,Inflammatory bowel disease,0,0,0
K50919,"Crohn's disease, unspecified, with unspecified complications",DX,GI,Inflammatory bowel disease,0,0,0
K5100,Ulcerative (chronic) pancolitis without complications,DX,GI,Inflammatory bowel disease,0,0,0
K51011,Ulcerative (chronic) pancolitis with rectal bleeding,DX,GI,Inflammatory bowel disease,0,0,0
K51012,Ulcerative (chronic) pancolitis with intestinal obstruction,DX,GI,Inflammatory bowel disease,0,0,0
K51013,Ulcerative (chronic) pancolitis with fistula,DX,GI,Inflammatory bowel disease,0,0,0
K51014,Ulcerative (chronic) pancolitis with abscess,DX,GI,Inflammatory bowel disease,0,0,0
K51018,Ulcerative (chronic) pancolitis with other complication,DX,GI,Inflammatory bowel disease,0,0,0
K51019,Ulcerative (chronic) pancolitis with unspecified complications,DX,GI,Inflammatory bowel disease,0,0,0
K5120,Ulcerative (chronic) proctitis without complications,DX,GI,Inflammatory bowel disease,0,0,0
K51211,Ulcerative (chronic) proctitis with rectal bleeding,DX,GI,Inflammatory bowel disease,0,0,0
K51212,Ulcerative (chronic) proctitis with intestinal obstruction,DX,GI,Inflammatory bowel disease,0,0,0
K51213,Ulcerative (chronic) proctitis with fistula,DX,GI,Inflammatory bowel disease,0,0,0
K51214,Ulcerative (chronic) proctitis with abscess,DX,GI,Inflammatory bowel disease,0,0,0
K51218,Ulcerative (chronic) proctitis with other complication,DX,GI,Inflammatory bowel disease,0,0,0
K51219,Ulcerative (chronic) proctitis with unspecified complications,DX,GI,Inflammatory bowel disease,0,0,0
K5130,Ulcerative (chronic) rectosigmoiditis without complications,DX,GI,Inflammatory bowel disease,0,0,0
K51311,Ulcerative (chronic) rectosigmoiditis with rectal bleeding,DX,GI,Inflammatory bowel disease,0,0,0
K51312,Ulcerative (chronic) rectosigmoiditis with intestinal obstruction,DX,GI,Inflammatory bowel disease,0,0,0
K51313,Ulcerative (chronic) rectosigmoiditis with fistula,DX,GI,Inflammatory bowel disease,0,0,0
K51314,Ulcerative (chronic) rectosigmoiditis with abscess,DX,GI,Inflammatory bowel disease,0,0,0
K51318,Ulcerative (chronic) rectosigmoiditis with other complication,DX,GI,Inflammatory bowel disease,0,0,0
K51319,Ulcerative (chronic) rectosigmoiditis with unspecified complications,DX,GI,Inflammatory bowel disease,0,0,0
K5140,Inflammatory polyps of colon without complications,DX,GI,Inflammatory bowel disease,0,0,0
K51411,Inflammatory polyps of colon with rectal bleeding,DX,GI,Inflammatory bowel disease,0,0,0
K51412,Inflammatory polyps of colon with intestinal obstruction,DX,GI,Inflammatory bowel disease,0,0,0
K51413,Inflammatory polyps of colon with fistula,DX,GI,Inflammatory bowel disease,0,0,0
K51414,Inflammatory polyps of colon with abscess,DX,GI,Inflammatory bowel disease,0,0,0
K51418,Inflammatory polyps of colon with other complication,DX,GI,Inflammatory bowel disease,0,0,0
K51419,Inflammatory polyps of colon with unspecified complications,DX,GI,Inflammatory bowel disease,0,0,0
K5150,Left sided colitis without complications,DX,GI,Inflammatory bowel disease,0,0,0
K51511,Left sided colitis with rectal bleeding,DX,GI,Inflammatory bowel disease,0,0,0
K51512,Left sided colitis with intestinal obstruction,DX,GI,Inflammatory bowel disease,0,0,0
K51513,Left sided colitis with fistula,DX,GI,Inflammatory bowel disease,0,0,0
K51514,Left sided colitis with abscess,DX,GI,Inflammatory bowel disease,0,0,0
K51518,Left sided colitis with other complication,DX,GI,Inflammatory bowel disease,0,0,0
K51519,Left sided colitis with unspecified complications,DX,GI,Inflammatory bowel disease,0,0,0
K5180,Other ulcerative colitis without complications,DX,GI,Inflammatory bowel disease,0,0,0
K51811,Other ulcerative colitis with rectal bleeding,DX,GI,Inflammatory bowel disease,0,0,0
K51812,Other ulcerative colitis with intestinal obstruction,DX,GI,Inflammatory bowel disease,0,0,0
K51813,Other ulcerative colitis with fistula,DX,GI,Inflammatory bowel disease,0,0,0
K51814,Other ulcerative colitis with abscess,DX,GI,Inflammatory bowel disease,0,0,0
K51818,Other ulcerative colitis with other complication,DX,GI,Inflammatory bowel disease,0,0,0
K51819,Other ulcerative colitis with unspecified complications,DX,GI,Inflammatory bowel disease,0,0,0
K5190,"Ulcerative colitis, unspecified, without complications",DX,GI,Inflammatory bowel disease,0,0,0
K51911,"Ulcerative colitis, unspecified with rectal bleeding",DX,GI,Inflammatory bowel disease,0,0,0
K51912,"Ulcerative colitis, unspecified with intestinal obstruction",DX,GI,Inflammatory bowel disease,0,0,0
K51913,"Ulcerative colitis, unspecified with fistula",DX,GI,Inflammatory bowel disease,0,0,0
K51914,"Ulcerative colitis, unspecified with abscess",DX,GI,Inflammatory bowel disease,0,0,0
K51918,"Ulcerative colitis, unspecified with other complication",DX,GI,Inflammatory bowel disease,0,0,0
K51919,"Ulcerative colitis, unspecified with unspecified complications",DX,GI,Inflammatory bowel disease,0,0,0
K551,Chronic vascular disorders of intestine,DX,GI,Other GI disease,0,0,0
K562,Volvulus,DX,GI,Other GI disease,0,0,0
K593,"Megacolon, not elsewhere classified",DX,GI,Other GI disease,0,0,0
K5931,Toxic megacolon,DX,GI,Other GI disease,0,0,0
K5939,Other megacolon,DX,GI,Other GI disease,0,0,0
K730,"Chronic persistent hepatitis, not elsewhere classified",DX,GI,Chronic liver disease and cirrhosis,0,0,0
K731,"Chronic lobular hepatitis, not elsewhere classified",DX,GI,Chronic liver disease and cirrhosis,0,0,0
K732,"Chronic active hepatitis, not elsewhere classified",DX,GI,Chronic liver disease and cirrhosis,0,0,0
K738,"Other chronic hepatitis, not elsewhere classified",DX,GI,Chronic liver disease and cirrhosis,0,0,0
K739,"Chronic hepatitis, unspecified",DX,GI,Chronic liver disease and cirrhosis,0,0,0
K740,Hepatic fibrosis,DX,GI,Chronic liver disease and cirrhosis,0,0,0
K7400,"Hepatic fibrosis, unspecified",DX,GI,Chronic liver disease and cirrhosis,0,0,0
K7401,"Hepatic fibrosis, early fibrosis",DX,GI,Chronic liver disease and cirrhosis,0,0,0
K7402,"Hepatic fibrosis, advanced fibrosis",DX,GI,Chronic liver disease and cirrhosis,0,0,0
K741,Hepatic sclerosis,DX,GI,Chronic liver disease and cirrhosis,0,0,0
K742,Hepatic fibrosis with hepatic sclerosis,DX,GI,Chronic liver disease and cirrhosis,0,0,0
K743,Primary biliary cirrhosis,DX,GI,Chronic liver disease and cirrhosis,0,0,0
K744,Secondary biliary cirrhosis,DX,GI,Chronic liver disease and cirrhosis,0,0,0
K745,"Biliary cirrhosis, unspecified",DX,GI,Chronic liver disease and cirrhosis,0,0,0
K7460,Unspecified cirrhosis of liver,DX,GI,Chronic liver disease and cirrhosis,0,0,0
K7469,Other cirrhosis of liver,DX,GI,Chronic liver disease and cirrhosis,0,0,0
K754,Autoimmune hepatitis,DX,GI,Chronic liver disease and cirrhosis,0,0,0
K760,"Fatty (change of) liver, not elsewhere classified",DX,GI,Chronic liver disease and cirrhosis,0,0,0
K761,Chronic passive congestion of liver,DX,GI,Chronic liver disease and cirrhosis,0,0,0
K762,Central hemorrhagic necrosis of liver,DX,GI,Chronic liver disease and cirrhosis,0,0,0
K763,Infarction of liver,DX,GI,Chronic liver disease and cirrhosis,0,0,0
K765,Hepatic veno-occlusive disease,DX,GI,Chronic liver disease and cirrhosis,0,0,0
K7681,Hepatopulmonary syndrome,DX,GI,Chronic liver disease and cirrhosis,0,0,0
K7682,Hepatic encephalopathy,DX,GI,Chronic liver disease and cirrhosis,0,0,0
K7689,Other specified diseases of liver,DX,GI,Chronic liver disease and cirrhosis,0,0,0
K9420,Status of other artificial opening of gastrointestinal tract,DX,GI,Device & Technology Use,0,1,0
K9421,Gastrostomy hemorrhage,DX,GI,Device & Technology Use,0,1,0
K9422,Gastrostomy infection,DX,GI,Device & Technology Use,0,1,0
K9423,Gastrostomy malfunction,DX,GI,Device & Technology Use,0,1,0
K9429,Other complications of gastrostomy,DX,GI,Device & Technology Use,0,1,0
M041,Periodic fever syndromes,DX,metabolic,Storage disorders,0,0,0
M300,Polyarteritis nodosa,DX,hemato_immu,Polyarteritis nodosa & related conditions,0,0,0
M301,Polyarteritis with lung involvement [Churg-Strauss],DX,hemato_immu,Polyarteritis nodosa & related conditions,0,0,0
M302,Juvenile polyarteritis,DX,hemato_immu,Polyarteritis nodosa & related conditions,0,0,0
M303,Mucocutaneous lymph node syndrome [Kawasaki],DX,hemato_immu,Hereditary immunodeficiency,0,0,0
M308,Other conditions related to polyarteritis nodosa,DX,hemato_immu,Polyarteritis nodosa & related conditions,0,0,0
M310,Hypersensitivity angiitis,DX,hemato_immu,Polyarteritis nodosa & related conditions,0,0,0
M311,Thrombotic microangiopathy,DX,hemato_immu,Polyarteritis nodosa & related conditions,0,0,0
M3110,"Thrombotic microangiopathy, unspecified",DX,hemato_immu,Polyarteritis nodosa & related conditions,0,0,0
M3111,Hematopoietic stem cell transplantation-associated thrombotic microangiopathy,DX,hemato_immu,Polyarteritis nodosa & related conditions,0,0,0
M3119,Other thrombotic microangiopathy,DX,hemato_immu,Polyarteritis nodosa & related conditions,0,0,0
M3130,Wegener's granulomatosis without renal involvement,DX,hemato_immu,Polyarteritis nodosa & related conditions,0,0,0
M3131,Wegener's granulomatosis with renal involvement,DX,hemato_immu,Polyarteritis nodosa & related conditions,0,0,0
M314,Aortic arch syndrome [Takayasu],DX,hemato_immu,Polyarteritis nodosa & related conditions,0,0,0
M315,Giant cell arteritis with polymyalgia rheumatica,DX,hemato_immu,Polyarteritis nodosa & related conditions,0,0,0
M316,Other giant cell arteritis,DX,hemato_immu,Polyarteritis nodosa & related conditions,0,0,0
M317,Microscopic polyangitis,DX,hemato_immu,Polyarteritis nodosa & related conditions,0,0,0
M3210,"Systemic lupus erythematosus, organ or system involvement unspecified",DX,hemato_immu,Diffuse diseases of connective tissue,0,0,0
M3211,Endocarditis in systemic lupus erythematosus,DX,hemato_immu,Diffuse diseases of connective tissue,0,0,0
M3212,Pericarditis in systemic lupus erythematosus,DX,hemato_immu,Diffuse diseases of connective tissue,0,0,0
M3213,Lung involvement in systemic lupus erythematosus,DX,hemato_immu,Diffuse diseases of connective tissue,0,0,0
M3214,Glomerular involvement in system lupus erythematosus,DX,hemato_immu,Diffuse diseases of connective tissue,0,0,0
M3215,Tubulo-interstitial nephropathy in systemic lupus erythematosus,DX,hemato_immu,Diffuse diseases of connective tissue,0,0,0
M3219,Other organ or system involvement in systemic lupus erythematosus,DX,hemato_immu,Diffuse diseases of connective tissue,0,0,0
M328,Other forms of systemic lupus erythematosus,DX,hemato_immu,Diffuse diseases of connective tissue,0,0,0
M329,"Systemic lupus erythematosus, unspecified",DX,hemato_immu,Diffuse diseases of connective tissue,0,0,0
M3300,"Juvenile dermatomyositis, organ involvement unspecified",DX,hemato_immu,Diffuse diseases of connective tissue,0,0,0
M3301,Juvenile dermatomyositis with respiratory involvement,DX,hemato_immu,Diffuse diseases of connective tissue,0,0,0
M3302,Juvenile dermatomyositis with myopathy,DX,hemato_immu,Diffuse diseases of connective tissue,0,0,0
M3303,Juvenile dermatomyosisits without myopathy,DX,hemato_immu,Diffuse diseases of connective tissue,0,0,0
M3309,Juvenile dermatomyositis with other organ involvement,DX,hemato_immu,Diffuse diseases of connective tissue,0,0,0
M3310,"Other dermatomyositis, organ involvement unspecified",DX,hemato_immu,Diffuse diseases of connective tissue,0,0,0
M3311,Other dermatomyositis with respiratory involvement,DX,hemato_immu,Diffuse diseases of connective tissue,0,0,0
M3312,Other dermatomyositis with myopathy,DX,hemato_immu,Diffuse diseases of connective tissue,0,0,0
M3313,Other dermatomyostis without myopathy,DX,hemato_immu,Diffuse diseases of connective tissue,0,0,0
M3319,Other dermatomyosisits with other organ involvement,DX,hemato_immu,Diffuse diseases of connective tissue,0,0,0
M3320,"Polymyositis, organ involvement unspecified",DX,hemato_immu,Diffuse diseases of connective tissue,0,0,0
M3321,Polymyositis with respiratory involvement,DX,hemato_immu,Diffuse diseases of connective tissue,0,0,0
M3322,Polymyositis with myopathy,DX,hemato_immu,Diffuse diseases of connective tissue,0,0,0
M3329,Polymyositis with other organ involvement,DX,hemato_immu,Diffuse diseases of connective tissue,0,0,0
M3390,"Dermatopolymyositis, unspecified, organ involvement unspecified",DX,hemato_immu,Diffuse diseases of connective tissue,0,0,0
M3391,"Dermatopolymyositis, unspecified with respiratory involvement",DX,hemato_immu,Diffuse diseases of connective tissue,0,0,0
M3392,"Dermatopolymyositis, unspecified with myopathy",DX,hemato_immu,Diffuse diseases of connective tissue,0,0,0
M3393,"Dermatopolymyositis, unspecified without myopathy",DX,hemato_immu,Diffuse diseases of connective tissue,0,0,0
M3399,"Dermatopolymyositis, unspecified with other organ involvement",DX,hemato_immu,Diffuse diseases of connective tissue,0,0,0
M340,Progressive systemic sclerosis,DX,hemato_immu,Diffuse diseases of connective tissue,0,0,0
M341,CR(E)ST syndrome,DX,hemato_immu,Diffuse diseases of connective tissue,0,0,0
M342,Systemic sclerosis induced by drug or chemical,DX,hemato_immu,Diffuse diseases of connective tissue,0,0,0
M3481,Systemic sclerosis with lung involvement,DX,hemato_immu,Diffuse diseases of connective tissue,0,0,0
M3482,Systemic sclerosis with myopathy,DX,hemato_immu,Diffuse diseases of connective tissue,0,0,0
M3483,Systemic sclerosis with polyneuropathy,DX,hemato_immu,Diffuse diseases of connective tissue,0,0,0
M3489,Other systemic sclerosis,DX,hemato_immu,Diffuse diseases of connective tissue,0,0,0
M349,"Systemic sclerosis, unspecified",DX,hemato_immu,Diffuse diseases of connective tissue,0,0,0
M359,"Systemic involvement of connective tissue, unspecified",DX,hemato_immu,Hereditary immunodeficiency,0,0,0
M4100,"Infantile idiopathic scoliosis, site unspecified",DX,congeni_genetic,Bone and joint anomalies,0,0,0
M4102,"Infantile idiopathic scoliosis, cervical region",DX,congeni_genetic,Bone and joint anomalies,0,0,0
M4103,"Infantile idiopathic scoliosis, cervicothoracic region",DX,congeni_genetic,Bone and joint anomalies,0,0,0
M4104,"Infantile idiopathic scoliosis, thoracic region",DX,congeni_genetic,Bone and joint anomalies,0,0,0
M4105,"Infantile idiopathic scoliosis, thoracolumbar region",DX,congeni_genetic,Bone and joint anomalies,0,0,0
M4106,"Infantile idiopathic scoliosis, lumbar region",DX,congeni_genetic,Bone and joint anomalies,0,0,0
M4107,"Infantile idiopathic scoliosis, lumbosacral region",DX,congeni_genetic,Bone and joint anomalies,0,0,0
M4108,"Infantile idiopathic scoliosis, sacral and sacrococcygeal region",DX,congeni_genetic,Bone and joint anomalies,0,0,0
M4140,"Neuromuscular scoliosis, site unspecified",DX,neuromusc,Other neurologic disorders,0,0,0
M4141,"Neuromuscular scoliosis, occipito-atlanto-axial region",DX,neuromusc,Other neurologic disorders,0,0,0
M4142,"Neuromuscular scoliosis, cervical region",DX,neuromusc,Other neurologic disorders,0,0,0
M4143,"Neuromuscular scoliosis, cervicothoracic region",DX,neuromusc,Other neurologic disorders,0,0,0
M4144,"Neuromuscular scoliosis, thoracic region",DX,neuromusc,Other neurologic disorders,0,0,0
M4145,"Neuromuscular scoliosis, thoracolumbar region",DX,neuromusc,Other neurologic disorders,0,0,0
M4146,"Neuromuscular scoliosis, lumbar region",DX,neuromusc,Other neurologic disorders,0,0,0
M4147,"Neuromuscular scoliosis, lumbosacral region",DX,neuromusc,Other neurologic disorders,0,0,0
M4150,"Other secondary scoliosis, site unspecified",DX,neuromusc,Other neurologic disorders,0,0,0
M4152,"Other secondary scoliosis, cervical region",DX,neuromusc,Other neurologic disorders,0,0,0
M4153,"Other secondary scoliosis, cervicothoracic region",DX,neuromusc,Other neurologic disorders,0,0,0
M4154,"Other secondary scoliosis, thoracic region",DX,neuromusc,Other neurologic disorders,0,0,0
M4155,"Other secondary scoliosis, thoracolumbar region",DX,neuromusc,Other neurologic disorders,0,0,0
M4156,"Other secondary scoliosis, lumbar region",DX,neuromusc,Other neurologic disorders,0,0,0
M4157,"Other secondary scoliosis, lumbosacral region",DX,neuromusc,Other neurologic disorders,0,0,0
M433,Recurrent atlantoaxial dislocation with myelopathy,DX,congeni_genetic,Bone and joint anomalies,0,0,0
M965,Postradiation scoliosis,DX,congeni_genetic,Bone and joint anomalies,0,0,0
N181,"Chronic kidney disease, stage 1",DX,renal    ,Chronic renal failure,0,0,0
N182,"Chronic kidney disease, stage 2 (mild)",DX,renal    ,Chronic renal failure,0,0,0
N183,"Chronic kidney disease, stage 3 (moderate)",DX,renal    ,Chronic renal failure,0,0,0
N1830,"Chronic kidney disease, stage 3 unspecified",DX,renal    ,Chronic renal failure,0,0,0
N1831,"Chronic kidney disease, stage 3a",DX,renal    ,Chronic renal failure,0,0,0
N1832,"Chronic kidney disease, stage 3b",DX,renal    ,Chronic renal failure,0,0,0
N184,"Chronic kidney disease, stage 4 (severe)",DX,renal    ,Chronic renal failure,0,0,0
N185,"Chronic kidney disease, stage 5",DX,renal    ,Chronic renal failure,0,0,0
N186,End stage renal disease,DX,renal    ,Chronic renal failure,0,0,0
N189,"Chronic kidney disease, unspecified",DX,renal    ,Chronic renal failure,0,0,0
N310,"Uninhibited neuropathic bladder, not elsewhere classified",DX,renal    ,Chronic bladder diseases,0,0,0
N311,"Reflex neuropathic bladder, not elsewhere classified",DX,renal    ,Chronic bladder diseases,0,0,0
N312,"Flaccid neuropathic bladder, not elsewhere classified",DX,renal    ,Chronic bladder diseases,0,0,0
N318,Other neuromuscular dysfunction of bladder,DX,renal    ,Chronic bladder diseases,0,0,0
N319,"Neuromuscular dysfunction of bladder, unspecified",DX,renal    ,Chronic bladder diseases,0,0,0
P0501,"Newborn light for gestational age, less than 500 grams",DX,neonatal,Fetal malnutrition,0,0,0
P0502,"Newborn light for gestational age, 500-749 grams",DX,neonatal,Fetal malnutrition,0,0,0
P0511,"Newborn small for gestational age, less than 500 grams",DX,neonatal,Fetal malnutrition,0,0,0
P0512,"Newborn small for gestational age, 500-749 grams",DX,neonatal,Fetal malnutrition,0,0,0
P052,Newborn affected by fetal (intrauterine) malnutrition not light or small for gestational age,DX,neonatal,Fetal malnutrition,0,0,0
P059,"Newborn affected by slow intrauterine growth, unspecified",DX,neonatal,Fetal malnutrition,0,0,0
P0701,"Extremely low birth weight newborn, less than 500 grams",DX,neonatal,Extreme Immaturity,0,0,0
P0702,"Extremely low birth weight newborn, 500-749 grams",DX,neonatal,Extreme Immaturity,0,0,0
P0721,"Extreme immaturity of newborn, gestational age less than 23 completed weeks",DX,neonatal,Extreme Immaturity,0,0,0
P0722,"Extreme immaturity of newborn, gestational age 23 completed weeks",DX,neonatal,Extreme Immaturity,0,0,0
P0723,"Extreme immaturity of newborn, gestational age 24 completed weeks",DX,neonatal,Extreme Immaturity,0,0,0
P0724,"Extreme immaturity of newborn, gestational age 25 completed weeks",DX,neonatal,Extreme Immaturity,0,0,0
P0725,"Extreme immaturity of newborn, gestational age 26 completed weeks",DX,neonatal,Extreme Immaturity,0,0,0
P100,Subdural hemorrhage due to birth injury,DX,neonatal,Cerebral hemorrhage at birth,0,0,0
P101,Cerebral hemorrhage due to birth injury,DX,neonatal,Cerebral hemorrhage at birth,0,0,0
P104,Tentorial tear due to birth injury,DX,neonatal,Cerebral hemorrhage at birth,0,0,0
P108,Other intracranial lacerations and hemorrhages due to birth injury,DX,neonatal,Cerebral hemorrhage at birth,0,0,0
P109,Unspecified intracranial laceration and hemorrhage due to birth injury,DX,neonatal,Cerebral hemorrhage at birth,0,0,0
P111,Other specified brain damage due to birth injury,DX,neonatal,Other premature or neonatal,0,0,0
P112,Unspecified brain damage due to birth injury,DX,neonatal,Other premature or neonatal,0,0,0
P115,Birth injury to spine and spinal cord,DX,neonatal,Spinal cord injury at birth,0,0,0
P119,"Birth injury to central nervous system, unspecified",DX,neonatal,Other premature or neonatal,0,0,0
P250,Interstitial emphysema originating in the perinatal period,DX,neonatal,Respiratory diseases,0,0,0
P251,Pneumothorax originating in the perinatal period,DX,neonatal,Respiratory diseases,0,0,0
P252,Pneumomediastinum originating in the perinatal period,DX,neonatal,Respiratory diseases,0,0,0
P253,Pneumopericardium originating in the perinatal period,DX,neonatal,Respiratory diseases,0,0,0
P258,Other conditions related to interstitial emphysema originating in the perinatal period,DX,neonatal,Respiratory diseases,0,0,0
P270,Wilson-Mikity syndrome,DX,neonatal,Respiratory diseases,0,0,0
P271,Bronchopulmonary dysplasia originating in the perinatal period,DX,neonatal,Respiratory diseases,0,0,0
P278,Other chronic respiratory diseases originating in the perinatal period,DX,neonatal,Respiratory diseases,0,0,0
P279,Unspecified chronic respiratory disease originating in the perinatal period,DX,neonatal,Respiratory diseases,0,0,0
P350,Congenital rubella syndrome,DX,neonatal,Other premature or neonatal,0,0,0
P351,Congenital cytomegalovirus infection,DX,neonatal,Other premature or neonatal,0,0,0
P354,Congenital Zika virus disease,DX,neonatal,Other premature or neonatal,0,0,0
P5221,"Intraventricular (nontraumatic) hemorrhage, grade 3, of newborn",DX,neonatal,Cerebral hemorrhage at birth,0,0,0
P5222,"Intraventricular (nontraumatic) hemorrhage, grade 4, of newborn",DX,neonatal,Cerebral hemorrhage at birth,0,0,0
P524,Intracerebral (nontraumatic) hemorrhage of newborn,DX,neonatal,Cerebral hemorrhage at birth,0,0,0
P525,Subarachnoid (nontraumatic) hemorrhage of newborn,DX,neonatal,Cerebral hemorrhage at birth,0,0,0
P526,Cerebellar (nontraumatic) hemorrhage of newborn,DX,neonatal,Cerebral hemorrhage at birth,0,0,0
P528,Other intracranial (nontraumatic) hemorrhages of newborn,DX,neonatal,Cerebral hemorrhage at birth,0,0,0
P529,Intracranial (nontraumatic) hemorrhage of newborn,DX,neonatal,Cerebral hemorrhage at birth,0,0,0
P560,Hydrops fetalis due to isoimmunization,DX,neonatal,Other premature or neonatal,0,0,0
P5690,Hydrops fetalis due to unspecified hemolytic disease,DX,neonatal,Other premature or neonatal,0,0,0
P5699,Hydrops fetalis due to other hemolytic disease,DX,neonatal,Other premature or neonatal,0,0,0
P570,Kernicterus due to isoimmunization,DX,neonatal,Other premature or neonatal,0,0,0
P578,Other specified kernicterus,DX,neonatal,Other premature or neonatal,0,0,0
P579,"Kernicterus , unspecified",DX,neonatal,Other premature or neonatal,0,0,0
P613,Congenital anemia from fetal blood loss,DX,neonatal,Other premature or neonatal,0,0,0
P614,"Other congenital anemias, not elsewhere classified",DX,neonatal,Other premature or neonatal,0,0,0
P773,Stage 3 necrotizing enterocolitis in newborn,DX,neonatal,Other premature or neonatal,0,0,0
P832,Hydrops fetalis not due to hemolytic disease,DX,neonatal,Other premature or neonatal,0,0,0
P912,Neonatal cerebral leukomalacia,DX,neonatal,Other premature or neonatal,0,0,0
P9160,"Hypoxic ischemic encephalopathy [HIE], unspecified",DX,neonatal,Hypoxic-ischemia encephalopathy,0,0,0
P9161,Mild hypoxic ischemic encephalopathy [HIE],DX,neonatal,Hypoxic-ischemia encephalopathy,0,0,0
P9162,Moderate hypoxic ischemic encephalopathy [HIE],DX,neonatal,Hypoxic-ischemia encephalopathy,0,0,0
P9163,Severe hypoxic ischemic encephalopathy [HIE],DX,neonatal,Hypoxic-ischemia encephalopathy,0,0,0
Q000,Anencephaly,DX,neuromusc,Brain and Spinal Cord Malformations,0,0,0
Q001,Craniorachischisis,DX,neuromusc,Brain and Spinal Cord Malformations,0,0,0
Q002,Iniencephaly,DX,neuromusc,Brain and Spinal Cord Malformations,0,0,0
Q010,Frontal encephalocele,DX,neuromusc,Brain and Spinal Cord Malformations,0,0,0
Q011,Nasofrontal encephalocele,DX,neuromusc,Brain and Spinal Cord Malformations,0,0,0
Q012,Occipital encephalocele,DX,neuromusc,Brain and Spinal Cord Malformations,0,0,0
Q018,Encephalocele of other sites,DX,neuromusc,Brain and Spinal Cord Malformations,0,0,0
Q019,"Encephalocele, unspecified",DX,neuromusc,Brain and Spinal Cord Malformations,0,0,0
Q02,Microcephaly,DX,neuromusc,Brain and Spinal Cord Malformations,0,0,0
Q030,Malformations of aqueduct of Sylvius,DX,neuromusc,Brain and Spinal Cord Malformations,0,0,0
Q031,Atresia of foramina of Magendie and Luschka,DX,neuromusc,Brain and Spinal Cord Malformations,0,0,0
Q038,Other congenital hydrocephalus,DX,neuromusc,Brain and Spinal Cord Malformations,0,0,0
Q039,"Congenital hydrocephalus, unspecified",DX,neuromusc,Brain and Spinal Cord Malformations,0,0,0
Q040,Congenital malformations of corpus callosum,DX,neuromusc,Brain and Spinal Cord Malformations,0,0,0
Q041,Arhinencephaly,DX,neuromusc,Brain and Spinal Cord Malformations,0,0,0
Q042,Holoprosencephaly,DX,neuromusc,Brain and Spinal Cord Malformations,0,0,0
Q043,Other reduction deformities of brain,DX,neuromusc,Brain and Spinal Cord Malformations,0,0,0
Q044,Septo-optic dysplasia of brain,DX,neuromusc,Brain and Spinal Cord Malformations,0,0,0
Q045,Megalencephaly,DX,neuromusc,Brain and Spinal Cord Malformations,0,0,0
Q046,Congenital cerebral cysts,DX,neuromusc,Brain and Spinal Cord Malformations,0,0,0
Q048,Other specified congenital malformations of brain,DX,neuromusc,Brain and Spinal Cord Malformations,0,0,0
Q049,"Congenital malformation of brain, unspecified",DX,neuromusc,Brain and Spinal Cord Malformations,0,0,0
Q050,Cervical spina bifida with hydrocephalus,DX,neuromusc,Brain and Spinal Cord Malformations,0,0,0
Q051,Thoracic spina bifida with hydrocephalus,DX,neuromusc,Brain and Spinal Cord Malformations,0,0,0
Q052,Lumbar spina bifida with hydrocephalus,DX,neuromusc,Brain and Spinal Cord Malformations,0,0,0
Q053,Sacral spina bifida with hydrocephalus,DX,neuromusc,Brain and Spinal Cord Malformations,0,0,0
Q054,Unspecified spina bifida with hydrocephalus,DX,neuromusc,Brain and Spinal Cord Malformations,0,0,0
Q055,Cervical spina bifida without hydrocephalus,DX,neuromusc,Brain and Spinal Cord Malformations,0,0,0
Q056,Thoracic spina bifida without hydrocephalus,DX,neuromusc,Brain and Spinal Cord Malformations,0,0,0
Q057,Lumbar spina bifida without hydrocephalus,DX,neuromusc,Brain and Spinal Cord Malformations,0,0,0
Q058,Sacral spina bifida without hydrocephalus,DX,neuromusc,Brain and Spinal Cord Malformations,0,0,0
Q059,"Spina bifida, unspecified",DX,neuromusc,Brain and Spinal Cord Malformations,0,0,0
Q060,Amyelia,DX,neuromusc,Brain and Spinal Cord Malformations,0,0,0
Q061,Hypoplasia and dysplasia of spinal cord,DX,neuromusc,Brain and Spinal Cord Malformations,0,0,0
Q062,Diastematomyelia,DX,neuromusc,Brain and Spinal Cord Malformations,0,0,0
Q063,Other congenital cauda equina malformations,DX,neuromusc,Brain and Spinal Cord Malformations,0,0,0
Q064,Hydromyelia,DX,neuromusc,Brain and Spinal Cord Malformations,0,0,0
Q068,Other specified congenital malformations of spinal cord,DX,neuromusc,Brain and Spinal Cord Malformations,0,0,0
Q069,"Congenital malformation of spinal cord, unspecified",DX,neuromusc,Brain and Spinal Cord Malformations,0,0,0
Q0700,Arnold-Chiari syndrome without spina bifida or hydrocephalus,DX,neuromusc,Brain and Spinal Cord Malformations,0,0,0
Q0701,Arnold-Chiari syndrome with spina bifida,DX,neuromusc,Brain and Spinal Cord Malformations,0,0,0
Q0702,Arnold-Chiari syndrome with hydrocephalus,DX,neuromusc,Brain and Spinal Cord Malformations,0,0,0
Q0703,Arnold-Chiari syndrome with spina bifida and hydrocephalus,DX,neuromusc,Brain and Spinal Cord Malformations,0,0,0
Q078,Other specified congenital malformations of nervous system,DX,neuromusc,Brain and Spinal Cord Malformations,0,0,0
Q079,"Congenital malformation of nervous system, unspecified",DX,neuromusc,Brain and Spinal Cord Malformations,0,0,0
Q200,Common arterial trunk,DX,cvd,Heart and Great Vessel Malformations,0,0,0
Q201,Double outlet right ventricle,DX,cvd,Heart and Great Vessel Malformations,0,0,0
Q202,Double outlet left ventricle,DX,cvd,Heart and Great Vessel Malformations,0,0,0
Q203,Discordant ventriculoarterial connection,DX,cvd,Heart and Great Vessel Malformations,0,0,0
Q204,Double inlet ventricle,DX,cvd,Heart and Great Vessel Malformations,0,0,0
Q205,Discordant atrioventricular connection,DX,cvd,Heart and Great Vessel Malformations,0,0,0
Q206,Isomerism of atrial appendages,DX,cvd,Heart and Great Vessel Malformations,0,0,0
Q208,Other congenital malformations of cardiac chambers and connections,DX,cvd,Heart and Great Vessel Malformations,0,0,0
Q209,"Congenital malformation of cardiac chambers and connections, unspecified",DX,cvd,Heart and Great Vessel Malformations,0,0,0
Q212,Atrioventricular septal defect,DX,cvd,Heart and Great Vessel Malformations,0,0,0
Q2120,"Atrioventricular septal defect, unspecified as to partial or complete",DX,cvd,Heart and Great Vessel Malformations,0,0,0
Q2121,Partial atrioventricular septal defect,DX,cvd,Heart and Great Vessel Malformations,0,0,0
Q2122,Transitional atrioventricular septal defect,DX,cvd,Heart and Great Vessel Malformations,0,0,0
Q2123,Complete atrioventricular septal defect,DX,cvd,Heart and Great Vessel Malformations,0,0,0
Q213,Tetralogy of Fallot,DX,cvd,Heart and Great Vessel Malformations,0,0,0
Q214,Aortopulmonary septal defect,DX,cvd,Heart and Great Vessel Malformations,0,0,0
Q218,Other congenital malformations of cardiac septa,DX,cvd,Heart and Great Vessel Malformations,0,0,0
Q219,"Congenital malformation of cardiac septum, unspecified",DX,cvd,Heart and Great Vessel Malformations,0,0,0
Q220,Pulmonary valve atresia,DX,cvd,Heart and Great Vessel Malformations,0,0,0
Q221,Congenital pulmonary valve stenosis,DX,cvd,Heart and Great Vessel Malformations,0,0,0
Q222,Congenital pulmonary valve insufficiency,DX,cvd,Heart and Great Vessel Malformations,0,0,0
Q223,Other congenital malformations of pulmonary valve,DX,cvd,Heart and Great Vessel Malformations,0,0,0
Q224,Congenital tricuspid stenosis,DX,cvd,Heart and Great Vessel Malformations,0,0,0
Q225,Ebstein's anomaly,DX,cvd,Heart and Great Vessel Malformations,0,0,0
Q226,Hypoplastic right heart syndrome,DX,cvd,Heart and Great Vessel Malformations,0,0,0
Q228,Other congenital malformations of tricuspid valve,DX,cvd,Heart and Great Vessel Malformations,0,0,0
Q229,"Congenital malformation of tricuspid valve, unspecified",DX,cvd,Heart and Great Vessel Malformations,0,0,0
Q230,Congenital stenosis of aortic valve,DX,cvd,Heart and Great Vessel Malformations,0,0,0
Q231,Congenital insufficiency of aortic valve,DX,cvd,Heart and Great Vessel Malformations,0,0,0
Q232,Congenital mitral stenosis,DX,cvd,Heart and Great Vessel Malformations,0,0,0
Q233,Congenital mitral insufficiency,DX,cvd,Heart and Great Vessel Malformations,0,0,0
Q234,Hypoplastic left heart syndrome,DX,cvd,Heart and Great Vessel Malformations,0,0,0
Q238,Other congenital malformations of aortic and mitral valves,DX,cvd,Heart and Great Vessel Malformations,0,0,0
Q239,"Congenital malformation of aortic and mitral valves, unspecified",DX,cvd,Heart and Great Vessel Malformations,0,0,0
Q240,Dextrocardia,DX,cvd,Heart and Great Vessel Malformations,0,0,0
Q241,Levocardia,DX,cvd,Heart and Great Vessel Malformations,0,0,0
Q242,Cor triatriatum,DX,cvd,Heart and Great Vessel Malformations,0,0,0
Q243,Pulmonary infundibular stenosis,DX,cvd,Heart and Great Vessel Malformations,0,0,0
Q244,Congenital subaortic stenosis,DX,cvd,Heart and Great Vessel Malformations,0,0,0
Q245,Malformation of coronary vessels,DX,cvd,Heart and Great Vessel Malformations,0,0,0
Q246,Congenital heart block,DX,cvd,Heart and Great Vessel Malformations,0,0,0
Q248,Other specified congenital malformations of heart,DX,cvd,Heart and Great Vessel Malformations,0,0,0
Q249,"Congenital malformation of heart, unspecified",DX,cvd,Heart and Great Vessel Malformations,0,0,0
Q251,Coarctation of aorta,DX,cvd,Heart and Great Vessel Malformations,0,0,0
Q252,Atresia of aorta,DX,cvd,Heart and Great Vessel Malformations,0,0,0
Q2521,Interruption of aortic arch,DX,cvd,Heart and Great Vessel Malformations,0,0,0
Q2529,Other atresia of aorta,DX,cvd,Heart and Great Vessel Malformations,0,0,0
Q253,Supravalvular aortic stenosis,DX,cvd,Heart and Great Vessel Malformations,0,0,0
Q254,Other congenital malformations of aorta,DX,cvd,Heart and Great Vessel Malformations,0,0,0
Q2540,Congenital malformation of aorta unspecified,DX,cvd,Heart and Great Vessel Malformations,0,0,0
Q2541,Absence and aplasia of aorta,DX,cvd,Heart and Great Vessel Malformations,0,0,0
Q2542,Hypoplasia of aorta,DX,cvd,Heart and Great Vessel Malformations,0,0,0
Q2543,Congenital aneurysm of aorta,DX,cvd,Heart and Great Vessel Malformations,0,0,0
Q2544,Congenital dilation of aorta,DX,cvd,Heart and Great Vessel Malformations,0,0,0
Q2545,Double aortic arch,DX,cvd,Heart and Great Vessel Malformations,0,0,0
Q2546,Tortuous aortic arch,DX,cvd,Heart and Great Vessel Malformations,0,0,0
Q2547,Right aortic arch,DX,cvd,Heart and Great Vessel Malformations,0,0,0
Q2548,Anomalous origin of subclavian artery,DX,cvd,Heart and Great Vessel Malformations,0,0,0
Q2549,Other congenital malformations of aorta,DX,cvd,Heart and Great Vessel Malformations,0,0,0
Q255,Atresia of pulmonary artery,DX,cvd,Heart and Great Vessel Malformations,0,0,0
Q256,Stenosis of pulmonary artery,DX,cvd,Heart and Great Vessel Malformations,0,0,0
Q2571,Coarctation of pulmonary artery,DX,cvd,Heart and Great Vessel Malformations,0,0,0
Q2572,Congenital pulmonary arteriovenous malformation,DX,cvd,Heart and Great Vessel Malformations,0,0,0
Q2579,Other congenital malformations of pulmonary artery,DX,cvd,Heart and Great Vessel Malformations,0,0,0
Q258,Other congenital malformations of other great arteries,DX,cvd,Heart and Great Vessel Malformations,0,0,0
Q259,"Congenital malformation of great arteries, unspecified",DX,cvd,Heart and Great Vessel Malformations,0,0,0
Q260,Congenital stenosis of vena cava,DX,cvd,Heart and Great Vessel Malformations,0,0,0
Q261,Persistent left superior vena cava,DX,cvd,Heart and Great Vessel Malformations,0,0,0
Q262,Total anomalous pulmonary venous connection,DX,cvd,Heart and Great Vessel Malformations,0,0,0
Q263,Partial anomalous pulmonary venous connection,DX,cvd,Heart and Great Vessel Malformations,0,0,0
Q264,"Anomalous pulmonary venous connection, unspecified",DX,cvd,Heart and Great Vessel Malformations,0,0,0
Q265,Anomalous portal venous connection,DX,cvd,Heart and Great Vessel Malformations,0,0,0
Q266,Portal vein-hepatic artery fistula,DX,cvd,Heart and Great Vessel Malformations,0,0,0
Q268,Other congenital malformations of great veins,DX,cvd,Heart and Great Vessel Malformations,0,0,0
Q269,"Congenital malformation of great vein, unspecified",DX,cvd,Heart and Great Vessel Malformations,0,0,0
Q282,Arteriovenous malformation of cerebral vessels,DX,cvd,Heart and Great Vessel Malformations,0,0,0
Q283,Other malformations of cerebral vessels,DX,cvd,Heart and Great Vessel Malformations,0,0,0
Q288,Other specified congenital malformations of circulatory system,DX,cvd,Heart and Great Vessel Malformations,0,0,0
Q289,"Congenital malformation of circulatory system, unspecified",DX,cvd,Heart and Great Vessel Malformations,0,0,0
Q300,Choanal atresia,DX,respiratory,Respiratory malformations,0,0,0
Q301,Agenesis and underdevelopment of nose,DX,respiratory,Respiratory malformations,0,0,0
Q302,"Fissured, notched and cleft nose",DX,respiratory,Respiratory malformations,0,0,0
Q303,Congenital perforated nasal septum,DX,respiratory,Respiratory malformations,0,0,0
Q308,Other congenital malformations of nose,DX,respiratory,Respiratory malformations,0,0,0
Q309,"Congenital malformation of nose, unspecified",DX,respiratory,Respiratory malformations,0,0,0
Q310,Web of larynx,DX,respiratory,Respiratory malformations,0,0,0
Q311,Congenital subglottic stenosis,DX,respiratory,Respiratory malformations,0,0,0
Q312,Laryngeal hypoplasia,DX,respiratory,Respiratory malformations,0,0,0
Q313,Laryngocele,DX,respiratory,Respiratory malformations,0,0,0
Q315,Congenital laryngomalacia,DX,respiratory,Respiratory malformations,0,0,0
Q318,Other congenital malformations of larynx,DX,respiratory,Respiratory malformations,0,0,0
Q319,"Congenital malformation of larynx, unspecified",DX,respiratory,Respiratory malformations,0,0,0
Q320,Congenital tracheomalacia,DX,respiratory,Respiratory malformations,0,0,0
Q321,Other congenital malformations of trachea,DX,respiratory,Respiratory malformations,0,0,0
Q322,Congenital bronchomalacia,DX,respiratory,Respiratory malformations,0,0,0
Q323,Congenital stenosis of bronchus,DX,respiratory,Respiratory malformations,0,0,0
Q324,Other congenital malformations of bronchus,DX,respiratory,Respiratory malformations,0,0,0
Q330,Congenital cystic lung,DX,respiratory,Respiratory malformations,0,0,0
Q331,Accessory lobe of lung,DX,respiratory,Respiratory malformations,0,0,0
Q332,Sequestration of lung,DX,respiratory,Respiratory malformations,0,0,0
Q333,Agenesis of lung,DX,respiratory,Respiratory malformations,0,0,0
Q334,Congenital bronchiectasis,DX,respiratory,Respiratory malformations,0,0,0
Q335,Ectopic tissue in lung,DX,respiratory,Respiratory malformations,0,0,0
Q336,Congenital hypoplasia and dysplasia of lung,DX,respiratory,Respiratory malformations,0,0,0
Q338,Other congenital malformations of lung,DX,respiratory,Respiratory malformations,0,0,0
Q339,"Congenital malformation of lung, unspecified",DX,respiratory,Respiratory malformations,0,0,0
Q340,Anomaly of pleura,DX,respiratory,Respiratory malformations,0,0,0
Q341,Congenital cyst of mediastinum,DX,respiratory,Respiratory malformations,0,0,0
Q348,Other specified congenital malformations of respiratory system,DX,respiratory,Respiratory malformations,0,0,0
Q349,"Congenital malformation of respiratory system, unspecified",DX,respiratory,Respiratory malformations,0,0,0
Q390,Atresia of esophagus without fistula,DX,GI,Congenital anomalies,0,0,0
Q391,Atresia of esophagus with tracheo-esophageal fistula,DX,GI,Congenital anomalies,0,0,0
Q392,Congenital tracheo-esophageal fistula without atresia,DX,GI,Congenital anomalies,0,0,0
Q393,Congenital stenosis and stricture of esophagus,DX,GI,Congenital anomalies,0,0,0
Q394,Esophageal web,DX,GI,Congenital anomalies,0,0,0
Q410,"Congenital absence, atresia and stenosis of duodenum",DX,GI,Congenital anomalies,0,0,0
Q411,"Congenital absence, atresia and stenosis of jejunum",DX,GI,Congenital anomalies,0,0,0
Q412,"Congenital absence, atresia and stenosis of ileum",DX,GI,Congenital anomalies,0,0,0
Q418,"Congenital absence, atresia and stenosis of other specified parts of small intestine",DX,GI,Congenital anomalies,0,0,0
Q419,"Congenital absence, atresia and stenosis of small intestine, part unspecified",DX,GI,Congenital anomalies,0,0,0
Q420,"Congenital absence, atresia and stenosis of rectum with fistula",DX,GI,Congenital anomalies,0,0,0
Q421,"Congenital absence, atresia and stenosis of rectum without fistula",DX,GI,Congenital anomalies,0,0,0
Q422,"Congenital absence, atresia and stenosis of anus with fistula",DX,GI,Congenital anomalies,0,0,0
Q423,"Congenital absence, atresia and stenosis of anus without fistula",DX,GI,Congenital anomalies,0,0,0
Q428,"Congenital absence, atresia and stenosis of other parts of large intestine",DX,GI,Congenital anomalies,0,0,0
Q429,"Congenital absence, atresia and stenosis of large intestine, part unspecified",DX,GI,Congenital anomalies,0,0,0
Q431,Hirschsprung's disease,DX,GI,Congenital anomalies,0,0,0
Q432,Other congenital functional disorders of colon,DX,GI,Congenital anomalies,0,0,0
Q433,Congenital malformations of intestinal fixation,DX,GI,Congenital anomalies,0,0,0
Q434,Duplication of intestine,DX,GI,Congenital anomalies,0,0,0
Q435,Ectopic anus,DX,GI,Congenital anomalies,0,0,0
Q436,Congenital fistula of rectum and anus,DX,GI,Congenital anomalies,0,0,0
Q437,Persistent cloaca,DX,GI,Congenital anomalies,0,0,0
Q438,Other specified congenital malformations of intestine,DX,GI,Congenital anomalies,0,0,0
Q439,"Congenital malformation of intestine, unspecified",DX,GI,Congenital anomalies,0,0,0
Q440,"Agenesis, aplasia and hypoplasia of gallbladder",DX,GI,Congenital anomalies,0,0,0
Q441,Other congenital malformations of gallbladder,DX,GI,Congenital anomalies,0,0,0
Q442,Atresia of bile ducts,DX,GI,Congenital anomalies,0,0,0
Q443,Congenital stenosis and stricture of bile ducts,DX,GI,Congenital anomalies,0,0,0
Q444,Choledochal cyst,DX,GI,Congenital anomalies,0,0,0
Q445,Other congenital malformations of bile ducts,DX,GI,Congenital anomalies,0,0,0
Q446,Cystic disease of liver,DX,GI,Congenital anomalies,0,0,0
Q447,Other congenital malformations of liver,DX,GI,Congenital anomalies,0,0,0
Q450,"Agenesis, aplasia and hypoplasia of pancreas",DX,GI,Congenital anomalies,0,0,0
Q451,Annular pancreas,DX,GI,Congenital anomalies,0,0,0
Q452,Congenital pancreatic cyst,DX,GI,Congenital anomalies,0,0,0
Q453,Other congenital malformations of pancreas and pancreatic duct,DX,GI,Congenital anomalies,0,0,0
Q458,Other specified congenital malformations of digestive system,DX,GI,Congenital anomalies,0,0,0
Q459,"Congenital malformation of digestive system, unspecified",DX,GI,Congenital anomalies,0,0,0
Q600,"Renal agenesis, unilateral",DX,renal    ,Congenital anomalies,0,0,0
Q601,"Renal agenesis, bilateral",DX,renal    ,Congenital anomalies,0,0,0
Q602,"Renal agenesis, unspecified",DX,renal    ,Congenital anomalies,0,0,0
Q603,"Renal hypoplasia, unilateral",DX,renal    ,Congenital anomalies,0,0,0
Q604,"Renal hypoplasia, bilateral",DX,renal    ,Congenital anomalies,0,0,0
Q605,"Renal hypoplasia, unspecified",DX,renal    ,Congenital anomalies,0,0,0
Q606,Potter's syndrome,DX,renal    ,Congenital anomalies,0,0,0
Q6100,"Congenital renal cyst, unspecified",DX,renal    ,Congenital anomalies,0,0,0
Q6101,Congenital single renal cyst,DX,renal    ,Congenital anomalies,0,0,0
Q6102,Congenital multiple renal cysts,DX,renal    ,Congenital anomalies,0,0,0
Q6111,Cystic dilatation of collecting ducts,DX,renal    ,Congenital anomalies,0,0,0
Q6119,"Other polycystic kidney, infantile type",DX,renal    ,Congenital anomalies,0,0,0
Q612,"Polycystic kidney, adult type",DX,renal    ,Congenital anomalies,0,0,0
Q613,"Polycystic kidney, unspecified",DX,renal    ,Congenital anomalies,0,0,0
Q614,Renal dysplasia,DX,renal    ,Congenital anomalies,0,0,0
Q615,Medullary cystic kidney,DX,renal    ,Congenital anomalies,0,0,0
Q618,Other cystic kidney diseases,DX,renal    ,Congenital anomalies,0,0,0
Q619,"Cystic kidney disease, unspecified",DX,renal    ,Congenital anomalies,0,0,0
Q620,Congenital hydronephrosis,DX,renal    ,Congenital anomalies,0,0,0
Q6210,"Congenital occlusion of ureter, unspecified",DX,renal    ,Congenital anomalies,0,0,0
Q6211,Congenital occlusion of ureteropelvic junction,DX,renal    ,Congenital anomalies,0,0,0
Q6212,Congenital occlusion of ureterovesical orifice,DX,renal    ,Congenital anomalies,0,0,0
Q622,Congenital megaureter,DX,renal    ,Congenital anomalies,0,0,0
Q6231,"Congenital ureterocele, orthotopic",DX,renal    ,Congenital anomalies,0,0,0
Q6232,Cecoureterocele,DX,renal    ,Congenital anomalies,0,0,0
Q6239,Other obstructive defects of renal pelvis and ureter,DX,renal    ,Congenital anomalies,0,0,0
Q624,Agenesis of ureter,DX,renal    ,Congenital anomalies,0,0,0
Q625,Duplication of ureter,DX,renal    ,Congenital anomalies,0,0,0
Q6260,"Malposition of ureter, unspecified",DX,renal    ,Congenital anomalies,0,0,0
Q6261,Deviation of ureter,DX,renal    ,Congenital anomalies,0,0,0
Q6262,Displacement of ureter,DX,renal    ,Congenital anomalies,0,0,0
Q6263,Anomalous implantation of ureter,DX,renal    ,Congenital anomalies,0,0,0
Q6269,Other malposition of ureter,DX,renal    ,Congenital anomalies,0,0,0
Q627,Congenital vesico-uretero-renal reflux,DX,renal    ,Congenital anomalies,0,0,0
Q628,Other congenital malformations of ureter,DX,renal    ,Congenital anomalies,0,0,0
Q630,Accessory kidney,DX,renal    ,Congenital anomalies,0,0,0
Q631,"Lobulated, fused and horseshoe kidney",DX,renal    ,Congenital anomalies,0,0,0
Q632,Ectopic kidney,DX,renal    ,Congenital anomalies,0,0,0
Q633,Hyperplastic and giant kidney,DX,renal    ,Congenital anomalies,0,0,0
Q638,Other specified congenital malformations of kidney,DX,renal    ,Congenital anomalies,0,0,0
Q639,"Congenital malformation of kidney, unspecified",DX,renal    ,Congenital anomalies,0,0,0
Q640,Epispadias,DX,renal    ,Congenital anomalies,0,0,0
Q6410,"Exstrophy of urinary bladder, unspecified",DX,renal    ,Congenital anomalies,0,0,0
Q6411,Supravesical fissure of urinary bladder,DX,renal    ,Congenital anomalies,0,0,0
Q6412,Cloacal exstrophy of urinary bladder,DX,renal    ,Congenital anomalies,0,0,0
Q6419,Other exstrophy of urinary bladder,DX,renal    ,Congenital anomalies,0,0,0
Q642,Congenital posterior urethral valves,DX,renal    ,Congenital anomalies,0,0,0
Q6431,Congenital bladder neck obstruction,DX,renal    ,Congenital anomalies,0,0,0
Q6432,Congenital stricture of urethra,DX,renal    ,Congenital anomalies,0,0,0
Q6433,Congenital stricture of urinary meatus,DX,renal    ,Congenital anomalies,0,0,0
Q6439,Other atresia and stenosis of urethra and bladder neck,DX,renal    ,Congenital anomalies,0,0,0
Q644,Malformation of urachus,DX,renal    ,Congenital anomalies,0,0,0
Q645,Congenital absence of bladder and urethra,DX,renal    ,Congenital anomalies,0,0,0
Q646,Congenital diverticulum of bladder,DX,renal    ,Congenital anomalies,0,0,0
Q6470,Unspecified congenital malformation of bladder and urethra,DX,renal    ,Congenital anomalies,0,0,0
Q6471,Congenital prolapse of urethra,DX,renal    ,Congenital anomalies,0,0,0
Q6472,Congenital prolapse of urinary meatus,DX,renal    ,Congenital anomalies,0,0,0
Q6473,Congenital urethrorectal fistula,DX,renal    ,Congenital anomalies,0,0,0
Q6474,Double urethra,DX,renal    ,Congenital anomalies,0,0,0
Q6475,Double urinary meatus,DX,renal    ,Congenital anomalies,0,0,0
Q6479,Other congenital malformations of bladder and urethra,DX,renal    ,Congenital anomalies,0,0,0
Q648,Other specified congenital malformations of urinary system,DX,renal    ,Congenital anomalies,0,0,0
Q649,"Congenital malformation of urinary system, unspecified",DX,renal    ,Congenital anomalies,0,0,0
Q7200,Congenital complete absence of unspecified lower limb,DX,congeni_genetic,Bone and joint anomalies,0,0,0
Q7201,Congenital complete absence of right lower limb,DX,congeni_genetic,Bone and joint anomalies,0,0,0
Q7202,Congenital complete absence of left lower limb,DX,congeni_genetic,Bone and joint anomalies,0,0,0
Q7203,"Congenital complete absence of lower limb, bilateral",DX,congeni_genetic,Bone and joint anomalies,0,0,0
Q7210,Congenital absence of unspecified thigh and lower leg with foot present,DX,congeni_genetic,Bone and joint anomalies,0,0,0
Q7211,Congenital absence of right thigh and lower leg with foot present,DX,congeni_genetic,Bone and joint anomalies,0,0,0
Q7212,Congenital absence of left thigh and lower leg with foot present,DX,congeni_genetic,Bone and joint anomalies,0,0,0
Q7213,"Congenital absence of thigh and lower leg with foot present, bilateral",DX,congeni_genetic,Bone and joint anomalies,0,0,0
Q7220,"Congenital absence of both lower leg and foot, unspecified lower limb",DX,congeni_genetic,Bone and joint anomalies,0,0,0
Q7221,"Congenital absence of both lower leg and foot, right lower limb",DX,congeni_genetic,Bone and joint anomalies,0,0,0
Q7222,"Congenital absence of both lower leg and foot, left lower limb",DX,congeni_genetic,Bone and joint anomalies,0,0,0
Q7223,"Congenital absence of both lower leg and foot, bilateral",DX,congeni_genetic,Bone and joint anomalies,0,0,0
Q750,Craniosynostosis,DX,congeni_genetic,Bone and joint anomalies,0,0,0
Q751,Craniofacial dysostosis,DX,congeni_genetic,Bone and joint anomalies,0,0,0
Q752,Hypertelorism,DX,congeni_genetic,Bone and joint anomalies,0,0,0
Q753,Macroencephaly,DX,congeni_genetic,Bone and joint anomalies,0,0,0
Q754,Mandibulofacial dysostosis,DX,congeni_genetic,Bone and joint anomalies,0,0,0
Q755,Oculomandibular dysostosis,DX,congeni_genetic,Bone and joint anomalies,0,0,0
Q758,Other specified congenital malformations of skull and face bones,DX,congeni_genetic,Bone and joint anomalies,0,0,0
Q759,"Congenital malformation of skull and face bones, unspecified",DX,congeni_genetic,Bone and joint anomalies,0,0,0
Q760,Spina bifida occulta,DX,congeni_genetic,Bone and joint anomalies,0,0,0
Q761,Klippel-Feil syndrome,DX,congeni_genetic,Bone and joint anomalies,0,0,0
Q762,Congenital spondylolisthesis,DX,congeni_genetic,Bone and joint anomalies,0,0,0
Q76411,"Congenital kyphosis, occipito-atlanto-axial region",DX,congeni_genetic,Bone and joint anomalies,0,0,0
Q76412,"Congenital kyphosis, cervical region",DX,congeni_genetic,Bone and joint anomalies,0,0,0
Q76413,"Congenital kyphosis, cervicothoracic region",DX,congeni_genetic,Bone and joint anomalies,0,0,0
Q76414,"Congenital kyphosis, thoracic region",DX,congeni_genetic,Bone and joint anomalies,0,0,0
Q76415,"Congenital kyphosis, thoracolumbar region",DX,congeni_genetic,Bone and joint anomalies,0,0,0
Q76419,"Congenital kyphosis, unspecified region",DX,congeni_genetic,Bone and joint anomalies,0,0,0
Q76425,"Congenital lordosis, thoracolumbar region",DX,congeni_genetic,Bone and joint anomalies,0,0,0
Q76426,"Congenital lordosis, lumbar region",DX,congeni_genetic,Bone and joint anomalies,0,0,0
Q76427,"Congenital lordosis, lumbosacral region",DX,congeni_genetic,Bone and joint anomalies,0,0,0
Q76428,"Congenital lordosis, sacral and sacrococcygeal region",DX,congeni_genetic,Bone and joint anomalies,0,0,0
Q76429,"Congenital lordosis, unspecified region",DX,congeni_genetic,Bone and joint anomalies,0,0,0
Q7649,"Other congenital malformations of spine, not associated with scoliosis",DX,congeni_genetic,Bone and joint anomalies,0,0,0
Q765,Cervical rib,DX,congeni_genetic,Bone and joint anomalies,0,0,0
Q766,Other congenital malformations of ribs,DX,congeni_genetic,Bone and joint anomalies,0,0,0
Q767,Congenital malformation of sternum,DX,congeni_genetic,Bone and joint anomalies,0,0,0
Q770,Achondrogenesis,DX,congeni_genetic,Bone and joint anomalies,0,0,0
Q771,Thanatophoric short stature,DX,congeni_genetic,Bone and joint anomalies,0,0,0
Q772,Short rib syndrome,DX,congeni_genetic,Bone and joint anomalies,0,0,0
Q773,Chondrodysplasia punctata,DX,congeni_genetic,Bone and joint anomalies,0,0,0
Q774,Achondroplasia,DX,congeni_genetic,Bone and joint anomalies,0,0,0
Q775,Diastrophic dysplasia,DX,congeni_genetic,Bone and joint anomalies,0,0,0
Q776,Chondroectodermal dysplasia,DX,congeni_genetic,Bone and joint anomalies,0,0,0
Q777,Spondyloepiphyseal dysplasia,DX,congeni_genetic,Bone and joint anomalies,0,0,0
Q778,Other osteochondrodysplasia with defects of growth of tubular bones and spine,DX,congeni_genetic,Bone and joint anomalies,0,0,0
Q779,"Osteochondrodysplasia with defects of growth of tubular bones and spine, unspecified",DX,congeni_genetic,Bone and joint anomalies,0,0,0
Q780,Osteogenesis imperfecta,DX,congeni_genetic,Bone and joint anomalies,0,0,0
Q781,Polyostotic fibrous dysplasia,DX,congeni_genetic,Bone and joint anomalies,0,0,0
Q782,Osteopetrosis,DX,congeni_genetic,Bone and joint anomalies,0,0,0
Q783,Progressive diaphyseal dysplasia,DX,congeni_genetic,Bone and joint anomalies,0,0,0
Q784,Enchondromatosis,DX,congeni_genetic,Bone and joint anomalies,0,0,0
Q786,Multiple congenital exostoses,DX,congeni_genetic,Bone and joint anomalies,0,0,0
Q788,Other specified osteochondrodysplasias,DX,congeni_genetic,Bone and joint anomalies,0,0,0
Q789,"Osteochondrodysplasia, unspecified",DX,congeni_genetic,Bone and joint anomalies,0,0,0
Q790,Congenital diaphragmatic hernia,DX,congeni_genetic,Diaphragm and abdominal wall anomalies,0,0,0
Q791,Other congenital malformations of diaphragm,DX,congeni_genetic,Diaphragm and abdominal wall anomalies,0,0,0
Q792,Exomphalos,DX,congeni_genetic,Diaphragm and abdominal wall anomalies,0,0,0
Q793,Gastroschisis,DX,congeni_genetic,Diaphragm and abdominal wall anomalies,0,0,0
Q794,Prune belly syndrome,DX,congeni_genetic,Diaphragm and abdominal wall anomalies,0,0,0
Q7951,Congenital hernia of bladder,DX,congeni_genetic,Diaphragm and abdominal wall anomalies,0,0,0
Q7959,Other congenital malformations of abdominal wall,DX,congeni_genetic,Diaphragm and abdominal wall anomalies,0,0,0
Q799,"Congenital malformation of musculoskeletal system, unspecified",DX,congeni_genetic,Diaphragm and abdominal wall anomalies,0,0,0
Q810,Epidermolysis bullosa simplex,DX,congeni_genetic,Other congenital anomalies,0,0,0
Q811,Epidermolysis bullosa letalis,DX,congeni_genetic,Other congenital anomalies,0,0,0
Q812,Epidermolysis bullosa dystrophica,DX,congeni_genetic,Other congenital anomalies,0,0,0
Q818,Other epidermolysis bullosa,DX,congeni_genetic,Other congenital anomalies,0,0,0
Q819,"Epidermolysis bullosa, unspecified",DX,congeni_genetic,Other congenital anomalies,0,0,0
Q8500,"Neurofibromatosis, unspecified",DX,malignancy,Neoplasms,0,0,0
Q8501,"Neurofibromatosis, type 1",DX,malignancy,Neoplasms,0,0,0
Q8502,"Neurofibromatosis, type 2",DX,malignancy,Neoplasms,0,0,0
Q8503,Schwannomatosis,DX,malignancy,Neoplasms,0,0,0
Q8509,Other neurofibromatosis,DX,malignancy,Neoplasms,0,0,0
Q851,Tuberous sclerosis,DX,neuromusc,CNS Degeneration and diseases,0,0,0
Q8581,PTEN tumor syndrome,DX,malignancy,Neoplasms,0,0,0
Q8582,Other Cowden syndrome,DX,malignancy,Neoplasms,0,0,0
Q8583,Von Hippel-Lindau syndrome,DX,malignancy,Neoplasms,0,0,0
Q8589,"Other phakomatoses, not elsewhere classified",DX,malignancy,Neoplasms,0,0,0
Q870,Congenital malformation syndromes affecting facial appearance,DX,congeni_genetic,Other congenital anomalies,0,0,0
Q8711,Prader-Willi syndrome,DX,congeni_genetic,Other congenital anomalies,0,0,0
Q872,Congenital malformation syndromes predominantly involving limbs,DX,congeni_genetic,Other congenital anomalies,0,0,0
Q873,Congenital malformation syndromes involving early overgrowth,DX,congeni_genetic,Other congenital anomalies,0,0,0
Q8740,"Marfan's syndrome, unspecified",DX,congeni_genetic,Other congenital anomalies,0,0,0
Q87410,Marfan's syndrome with aortic dilation,DX,congeni_genetic,Other congenital anomalies,0,0,0
Q87418,Marfan's syndrome with other cardiovascular manifestations,DX,congeni_genetic,Other congenital anomalies,0,0,0
Q8742,Marfan's syndrome with ocular manifestations,DX,congeni_genetic,Other congenital anomalies,0,0,0
Q8743,Marfan's syndrome with skeletal manifestation,DX,congeni_genetic,Other congenital anomalies,0,0,0
Q875,Other congenital malformation syndrome with other skeletal changes,DX,congeni_genetic,Other congenital anomalies,0,0,0
Q8781,Alport syndrome,DX,congeni_genetic,Other congenital anomalies,0,0,0
Q8782,Arterial tortuosity syndrome,DX,congeni_genetic,Other congenital anomalies,0,0,0
Q8789,"Other specified congenital malformation syndromes, not elsewhere classified",DX,congeni_genetic,Other congenital anomalies,0,0,0
Q897,"Multiple congenital malformations, not elsewhere classified",DX,congeni_genetic,Other congenital anomalies,0,0,0
Q898,Other specified congenital malformations,DX,congeni_genetic,Other congenital anomalies,0,0,0
Q899,"Congenital malformation, unspecified",DX,congeni_genetic,Other congenital anomalies,0,0,0
Q900,"Trisomy 21, nonmosiacism (meiotic nondisjunction)",DX,congeni_genetic,Chromosomal anomalies,0,0,0
Q901,"Trisomy 21, mosiacism (mitotic nondisjunction)",DX,congeni_genetic,Chromosomal anomalies,0,0,0
Q902,"Trisomy 21, translocation",DX,congeni_genetic,Chromosomal anomalies,0,0,0
Q909,"Down syndrome, unspecified",DX,congeni_genetic,Chromosomal anomalies,0,0,0
Q910,"Trisomy 18, nonmosiacism (meiotic nondisjunction)",DX,congeni_genetic,Chromosomal anomalies,0,0,0
Q911,"Trisomy 18, mosiacism (mitotic nondisjunction)",DX,congeni_genetic,Chromosomal anomalies,0,0,0
Q912,"Trisomy 18, translocation",DX,congeni_genetic,Chromosomal anomalies,0,0,0
Q913,"Trisomy 18, unspecified",DX,congeni_genetic,Chromosomal anomalies,0,0,0
Q914,"Trisomy 13, nonmosaicism (meiotic nondisjunction)",DX,congeni_genetic,Chromosomal anomalies,0,0,0
Q915,"Trisomy 13, mosiacism (mitotic nondisjunction)",DX,congeni_genetic,Chromosomal anomalies,0,0,0
Q916,"Trisomy 13, translocation",DX,congeni_genetic,Chromosomal anomalies,0,0,0
Q917,"Trisomy 13, unspecified",DX,congeni_genetic,Chromosomal anomalies,0,0,0
Q920,"Whole chromosome trisomy, nonmosaicism (meiotic nondisjunction)",DX,congeni_genetic,Chromosomal anomalies,0,0,0
Q921,"Whole chromosome trisomy, mosaicism (mitotic nondisjunction)",DX,congeni_genetic,Chromosomal anomalies,0,0,0
Q922,Partial trisomy,DX,congeni_genetic,Chromosomal anomalies,0,0,0
Q925,Duplications with other complex arrangements,DX,congeni_genetic,Chromosomal anomalies,0,0,0
Q9261,Marker chromosomes in normal individual ,DX,congeni_genetic,Chromosomal anomalies,0,0,0
Q9262,Marker chromosomes in abnormal individual ,DX,congeni_genetic,Chromosomal anomalies,0,0,0
Q927,Triploidy and polyploidy,DX,congeni_genetic,Chromosomal anomalies,0,0,0
Q928,Other specified trisomies and partial trisomies of autosomes,DX,congeni_genetic,Chromosomal anomalies,0,0,0
Q929,"Trisomy and partial trisomy of autosomes, unspecified",DX,congeni_genetic,Chromosomal anomalies,0,0,0
Q930,"Whole chromosome monosomy, nonmosaicism (meiotic nondisjunction)",DX,congeni_genetic,Chromosomal anomalies,0,0,0
Q931,"Whole chromosome monosomy, mosaicism (mitotic nondisjunction)",DX,congeni_genetic,Chromosomal anomalies,0,0,0
Q932,"Chromosome replaced with ring, dicentric or isochromosome",DX,congeni_genetic,Chromosomal anomalies,0,0,0
Q933,Deletion of short arm of chromosome 4,DX,congeni_genetic,Chromosomal anomalies,0,0,0
Q934,Deletion of short arm of chromosome 5,DX,congeni_genetic,Chromosomal anomalies,0,0,0
Q935,Other deletions of part of a chromosome,DX,congeni_genetic,Chromosomal anomalies,0,0,0
Q9351,Angelman syndrome,DX,congeni_genetic,Chromosomal anomalies,0,0,0
Q9359,Other deletions of part of a chromosome,DX,congeni_genetic,Chromosomal anomalies,0,0,0
Q937,Deletions with other complex rearrangements,DX,congeni_genetic,Chromosomal anomalies,0,0,0
Q9381,Velo-cardio-facial syndrome,DX,congeni_genetic,Chromosomal anomalies,0,0,0
Q9382,Williams syndrome,DX,congeni_genetic,Chromosomal anomalies,0,0,0
Q9388,Other microdeletions,DX,congeni_genetic,Chromosomal anomalies,0,0,0
Q9389,Other deletions from the autosomes,DX,congeni_genetic,Chromosomal anomalies,0,0,0
Q939,"Deletion from autosomes, unspecified",DX,congeni_genetic,Chromosomal anomalies,0,0,0
Q950,Balanced translocation and insertion in normal individual,DX,congeni_genetic,Chromosomal anomalies,0,0,0
Q952,Balanced autosomal rearrangement in abnormal individual,DX,congeni_genetic,Chromosomal anomalies,0,0,0
Q953,Balanced sex/autosomal rearrangement in abnormal individual,DX,congeni_genetic,Chromosomal anomalies,0,0,0
Q955,Individual with autosomal fragile site,DX,congeni_genetic,Chromosomal anomalies,0,0,0
Q958,Other balanced rearrangements and structural markers,DX,congeni_genetic,Chromosomal anomalies,0,0,0
Q959,"Balanced rearrangement and structural marker, unspecified",DX,congeni_genetic,Chromosomal anomalies,0,0,0
Q960,"Karyotype 45, X",DX,congeni_genetic,Chromosomal anomalies,0,0,0
Q961,"Karyotype 46, X iso (Xq)",DX,congeni_genetic,Chromosomal anomalies,0,0,0
Q962,"Karyotype 46, X with abnormal sex chromosome, except iso (Xq)",DX,congeni_genetic,Chromosomal anomalies,0,0,0
Q963,"Mosaicism, 45, X/46, XX or XY",DX,congeni_genetic,Chromosomal anomalies,0,0,0
Q964,"Mosaicism, 45, X/other cell line(s) with abnormal sex chromosome",DX,congeni_genetic,Chromosomal anomalies,0,0,0
Q968,Other variants of Turner's syndrome,DX,congeni_genetic,Chromosomal anomalies,0,0,0
Q969,"Turner's syndrome, unspecified",DX,congeni_genetic,Chromosomal anomalies,0,0,0
Q970,"Karyotype 47, XXX",DX,congeni_genetic,Chromosomal anomalies,0,0,0
Q971,Female with more than three X chromosomes,DX,congeni_genetic,Chromosomal anomalies,0,0,0
Q972,"Mosaicism, lines with various numbers of X chromosomes",DX,congeni_genetic,Chromosomal anomalies,0,0,0
Q973,"Female with 46, XY karyotype",DX,congeni_genetic,Chromosomal anomalies,0,0,0
Q978,"Other specified sex chromosome abnormalities, female phenotype",DX,congeni_genetic,Chromosomal anomalies,0,0,0
Q979,"Sex chromosome abnormality, female phenotype, unspecified",DX,congeni_genetic,Chromosomal anomalies,0,0,0
Q980,"Klinefelter syndrome karyotype 47, XXY",DX,congeni_genetic,Chromosomal anomalies,0,0,0
Q981,"Klinefelter syndrome, male with more than two X chromosomes",DX,congeni_genetic,Chromosomal anomalies,0,0,0
Q983,"Other male with 46, XX karyotype",DX,congeni_genetic,Chromosomal anomalies,0,0,0
Q984,"Klinefelter syndrome, unspecified",DX,congeni_genetic,Chromosomal anomalies,0,0,0
Q985,"Karyotype 47, XYY",DX,congeni_genetic,Chromosomal anomalies,0,0,0
Q986,Male with structurally abnormal sex chromosome,DX,congeni_genetic,Chromosomal anomalies,0,0,0
Q987,Male with sex chromosome mosaicism,DX,congeni_genetic,Chromosomal anomalies,0,0,0
Q988,"Other specified sex chromosome abnormalities, male phenotype",DX,congeni_genetic,Chromosomal anomalies,0,0,0
Q989,"Sex chromosome abnormality, male phenotype, unspecified",DX,congeni_genetic,Chromosomal anomalies,0,0,0
Q990,"Chimeria 46, XX/46, XY",DX,congeni_genetic,Chromosomal anomalies,0,0,0
Q991,"46, XX true hermaphrodite",DX,congeni_genetic,Chromosomal anomalies,0,0,0
Q992,Fragile X chromosome,DX,congeni_genetic,Other congenital anomalies,0,0,0
Q998,Other specified chromosome abnormalities,DX,congeni_genetic,Chromosomal anomalies,0,0,0
Q999,"Chromosomal abnormality, unspecified",DX,congeni_genetic,Chromosomal anomalies,0,0,0
R001,"Bradycardia, unspecified",DX,cvd,Dysrhythmias,0,0,0
R403,Persistent vegetative state,DX,neuromusc,Other neurologic disorders,0,0,0
T8201XA,"Breakdown (mechanical) of heart valve prosthesis, initial encounter",DX,cvd,Device & Technology Use,0,1,0
T8202XA,"Displacement of heart valve prosthesis, initial encounter",DX,cvd,Device & Technology Use,0,1,0
T8203XA,"Leakage of heart valve prosthesis, initial encounter",DX,cvd,Device & Technology Use,0,1,0
T8209XA,"Other mechanical complication of heart valve prosthesis, initial encounter",DX,cvd,Device & Technology Use,0,1,0
T82110A,"Breakdown (mechanical) of cardiac electrode, initial encounter",DX,cvd,Device & Technology Use,0,1,0
T82111A,"Breakdown (mechanical) of cardiac pulse generator (battery), initial encounter",DX,cvd,Device & Technology Use,0,1,0
T82118A,"Breakdown (mechanical) of other cardiac electronic device, initial encounter",DX,cvd,Device & Technology Use,0,1,0
T82119A,"Breakdown (mechanical) of unspecified cardiac electronic device, initial encounter",DX,cvd,Device & Technology Use,0,1,0
T82120A,"Displacement of cardiac electrode, initial encounter",DX,cvd,Device & Technology Use,0,1,0
T82121A,"Displacement of cardiac pulse generator (battery), initial encounter",DX,cvd,Device & Technology Use,0,1,0
T82128A,"Displacement of other cardiac electronic device, initial encounter",DX,cvd,Device & Technology Use,0,1,0
T82129A,"Displacement of unspecified cardiac electronic device, initial encounter",DX,cvd,Device & Technology Use,0,1,0
T82190A,"Other mechanical complication of cardiac electrode, initial encounter",DX,cvd,Device & Technology Use,0,1,0
T82191A,"Other mechanical complication of cardiac pulse generator (battery), initial encounter",DX,cvd,Device & Technology Use,0,1,0
T82198A,"Other mechanical complication of other cardiac electronic device, initial encounter",DX,cvd,Device & Technology Use,0,1,0
T82199A,"Other mechanical complication of unspecified cardiac electronic device, initial encounter",DX,cvd,Device & Technology Use,0,1,0
T82211A,"Breakdown (mechanical) of coronary artery bypass graft, initial encounter",DX,cvd,Device & Technology Use,0,1,0
T82212A,"Displacement of coronary artery bypass graft, initial encounter",DX,cvd,Device & Technology Use,0,1,0
T82213A,"Leakage of coronary artery bypass graft, initial encounter",DX,cvd,Device & Technology Use,0,1,0
T82218A,"Other mechanical complication of coronary artery bypass graft, initial encounter",DX,cvd,Device & Technology Use,0,1,0
T82221A,"Breakdown (mechanical) of biological heart valve graft, initial encounter",DX,cvd,Device & Technology Use,0,1,0
T82222A,"Displacement of biological heart valve graft, initial encounter",DX,cvd,Device & Technology Use,0,1,0
T82223A,"Leakage of biological heart valve graft, initial encounter",DX,cvd,Device & Technology Use,0,1,0
T82228A,"Other mechanical complication of biological heart valve graft, initial encounter",DX,cvd,Device & Technology Use,0,1,0
T82310A,"Breakdown (mechanical) of aortic (bifurcation) graft (replacement), initial encounter",DX,cvd,Device & Technology Use,0,1,0
T82311A,"Breakdown (mechanical) of carotid arterial graft (bypass), initial encounter",DX,cvd,Device & Technology Use,0,1,0
T82312A,"Breakdown (mechanical) of femoral arterial graft (bypass), initial encounter",DX,cvd,Device & Technology Use,0,1,0
T82318A,"Breakdown (mechanical) of other vascular grafts, initial encounter",DX,cvd,Device & Technology Use,0,1,0
T82319A,"Breakdown (mechanical) of unspecified vascular grafts, initial encounter",DX,cvd,Device & Technology Use,0,1,0
T82320A,"Displacement of aortic (bifurcation) graft (replacement), initial encounter",DX,cvd,Device & Technology Use,0,1,0
T82321A,"Displacement of carotid arterial graft (bypass), initial encounter",DX,cvd,Device & Technology Use,0,1,0
T82322A,"Displacement of femoral arterial graft (bypass), initial encounter",DX,cvd,Device & Technology Use,0,1,0
T82328A,"Displacement of other vascular grafts, initial encounter",DX,cvd,Device & Technology Use,0,1,0
T82329A,"Displacement of unspecified vascular grafts, initial encounter",DX,cvd,Device & Technology Use,0,1,0
T82330A,"Leakage of aortic (bifurcation) graft (replacement), initial encounter",DX,cvd,Device & Technology Use,0,1,0
T82331A,"Leakage of carotid arterial graft (bypass), initial encounter",DX,cvd,Device & Technology Use,0,1,0
T82332A,"Leakage of femoral arterial graft (bypass), initial encounter",DX,cvd,Device & Technology Use,0,1,0
T82338A,"Leakage of other vascular grafts, initial encounter",DX,cvd,Device & Technology Use,0,1,0
T82339A,"Leakage of unspecified vascular graft, initial encounter",DX,cvd,Device & Technology Use,0,1,0
T82390A,"Other mechanical complication of aortic (bifurcation) graft (replacement), initial encounter",DX,cvd,Device & Technology Use,0,1,0
T82391A,"Other mechanical complication of carotid arterial graft (bypass), initial encounter",DX,cvd,Device & Technology Use,0,1,0
T82392A,"Other mechanical complication of femoral arterial graft (bypass), initial encounter",DX,cvd,Device & Technology Use,0,1,0
T82398A,"Other mechanical complication of other vascular grafts, initial encounter",DX,cvd,Device & Technology Use,0,1,0
T82399A,"Other mechanical complication of unspecified vascular grafts, initial encounter",DX,cvd,Device & Technology Use,0,1,0
T8241XA,"Breakdown (mechanical) of vascular dialysis catheter, initial encounter",DX,cvd,Device & Technology Use,0,1,0
T8242XA,"Displacement of vascular dialysis catheter, initial encounter",DX,cvd,Device & Technology Use,0,1,0
T8243XA,"Leakage of vascular dialysis catheter, initial encounter",DX,cvd,Device & Technology Use,0,1,0
T8249XA,"Other complication of vascular dialysis catheter, initial encounter",DX,cvd,Device & Technology Use,0,1,0
T82510A,"Breakdown (mechanical) of surgically created arteriovenous fistula, initial encounter",DX,cvd,Device & Technology Use,0,1,0
T82511A,"Breakdown (mechanical) of surgically created arteriovenous shunt, initial encounter",DX,cvd,Device & Technology Use,0,1,0
T82512A,"Breakdown (mechanical) of artificial heart, initial encounter",DX,cvd,Device & Technology Use,0,1,0
T82513A,"Breakdown (mechanical) of balloon (counterpulsation) device, initial encounter",DX,cvd,Device & Technology Use,0,1,0
T82515A,"Breakdown (mechanical) of umbrella device, initial encounter",DX,cvd,Device & Technology Use,0,1,0
T82518A,"Breakdown (mechanical) of other cardiac and vascular devices and implants, initial encounter",DX,cvd,Device & Technology Use,0,1,0
T82519A,"Breakdown (mechanical) of unspecified cardiac and vascular devices and implants, initial encounter",DX,cvd,Device & Technology Use,0,1,0
T82520A,"Displacement of surgically created arteriovenous fistula, initial encounter",DX,cvd,Device & Technology Use,0,1,0
T82521A,"Displacement of surgically created arteriovenous shunt, initial encounter",DX,cvd,Device & Technology Use,0,1,0
T82522A,"Displacement of artificial heart, initial encounter",DX,cvd,Device & Technology Use,0,1,0
T82523A,"Displacement of balloon (counterpulsation) device, initial encounter",DX,cvd,Device & Technology Use,0,1,0
T82525A,"Displacement of umbrella device, initial encounter",DX,cvd,Device & Technology Use,0,1,0
T82528A,"Displacement of other cardiac and vascular devices and implants, initial encounter",DX,cvd,Device & Technology Use,0,1,0
T82529A,"Displacement of unspecified cardiac and vascular devices and implants, initial encounter",DX,cvd,Device & Technology Use,0,1,0
T82530A,"Leakage of surgically created arteriovenous fistula, initial encounter",DX,cvd,Device & Technology Use,0,1,0
T82531A,"Leakage of surgically created arteriovenous shunt, initial encounter",DX,cvd,Device & Technology Use,0,1,0
T82532A,"Leakage of artificial heart, initial encounter",DX,cvd,Device & Technology Use,0,1,0
T82533A,"Leakage of balloon (counterpulsation) device, initial encounter",DX,cvd,Device & Technology Use,0,1,0
T82535A,"Leakage of umbrella device, initial encounter",DX,cvd,Device & Technology Use,0,1,0
T82538A,"Leakage of other cardiac and vascular devices and implants, initial encounter",DX,cvd,Device & Technology Use,0,1,0
T82539A,"Leakage of unspecified cardiac and vascular devices and implants, initial encounter",DX,cvd,Device & Technology Use,0,1,0
T82590A,"Other mechanical complication of surgically created arteriovenous fistula, initial encounter",DX,cvd,Device & Technology Use,0,1,0
T82591A,"Other mechanical complication of surgically created arteriovenous shunt, initial encounter",DX,cvd,Device & Technology Use,0,1,0
T82592A,"Other mechanical complication of artificial heart, initial encounter",DX,cvd,Device & Technology Use,0,1,0
T82593A,"Other mechanical complication of balloon (counterpulsation) device, initial encounter",DX,cvd,Device & Technology Use,0,1,0
T82595A,"Other mechanical complication of umbrella device, initial encounter",DX,cvd,Device & Technology Use,0,1,0
T82598A,"Other mechanical complication of other cardiac and vascular devices and implants, initial encounter",DX,cvd,Device & Technology Use,0,1,0
T82599A,"Other mechanical complication of unspecified cardiac and vascular devices and implants, initial encounter",DX,cvd,Device & Technology Use,0,1,0
T826XXA,"Infection and inflammatory reaction due to cardiac valve prosthesis, initial encounter",DX,cvd,Device & Technology Use,0,1,0
T827XXA,"Infection and inflammatory reaction due to other cardiac and vascular devices, implants and grafts, initial encounter",DX,cvd,Device & Technology Use,0,1,0
T82817A,"Embolism due to cardiac prosthetic devices, implants and grafts, initial encounter",DX,cvd,Device & Technology Use,0,1,0
T82818A,"Embolism due to vascular prosthetic devices, implants and grafts, initial encounter",DX,cvd,Device & Technology Use,0,1,0
T82827A,"Fibrosis due to cardiac prosthetic devices, implants and grafts, initial encounter",DX,cvd,Device & Technology Use,0,1,0
T82828A,"Fibrosis due to vascular prosthetic devices, implants and grafts, initial encounter",DX,cvd,Device & Technology Use,0,1,0
T82837A,"Hemorrhage due to cardiac prosthetic devices, implants and grafts, initial encounter",DX,cvd,Device & Technology Use,0,1,0
T82838A,"Hemorrhage due to vascular prosthetic devices, implants and grafts, initial encounter",DX,cvd,Device & Technology Use,0,1,0
T82847A,"Pain due to cardiac prosthetic devices, implants and grafts, initial encounter",DX,cvd,Device & Technology Use,0,1,0
T82848A,"Pain due to vascular prosthetic devices, implants and grafts, initial encounter",DX,cvd,Device & Technology Use,0,1,0
T82855A,"Stenosis of coronary artery stent, initial encounter",DX,cvd,Device & Technology Use,0,1,0
T82856A,"Stenosis of peripheral vascular stent, initial encounter",DX,cvd,Device & Technology Use,0,1,0
T82857A,"Stenosis of other cardiac prosthetic devices, implants and grafts, initial encounter",DX,cvd,Device & Technology Use,0,1,0
T82858A,"Stenosis of other vascular prosthetic devices, implants and grafts, initial encounter",DX,cvd,Device & Technology Use,0,1,0
T82867A,"Thrombosis due to cardiac prosthetic devices, implants and grafts, initial encounter",DX,cvd,Device & Technology Use,0,1,0
T82868A,"Thrombosis due to vascular prosthetic devices, implants and grafts, initial encounter",DX,cvd,Device & Technology Use,0,1,0
T82897A,"Other specified complication of cardiac prosthetic devices, implants and grafts, initial encounter",DX,cvd,Device & Technology Use,0,1,0
T82898A,"Other specified complication of vascular prosthetic devices, implants and grafts, initial encounter",DX,cvd,Device & Technology Use,0,1,0
T829XXA,"Unspecified complication of cardiac and vascular prosthetic device, implant and graft, initial encounter",DX,cvd,Device & Technology Use,0,1,0
T8501XA,"Breakdown (mechanical) of ventricular intracranial (communicating) shunt, initial encounter",DX,neuromusc,Device & Technology Use,0,1,0
T8502XA,"Displacement of ventricular intracranial (communicating) shunt, initial encounter",DX,neuromusc,Device & Technology Use,0,1,0
T8503XA,"Leakage of ventricular intracranial (communicating) shunt, initial encounter",DX,neuromusc,Device & Technology Use,0,1,0
T8509XA,"Other mechanical complication of ventricular intracranial (communicating) shunt, initial encounter",DX,neuromusc,Device & Technology Use,0,1,0
T85110A,"Breakdown (mechanical) of implanted electronic neurostimulator of brain electrode (lead), initial encounter",DX,neuromusc,Device & Technology Use,0,1,0
T85111A,"Breakdown (mechanical) of implanted electronic neurostimulator of peripheral nerve electrode (lead), initial encounter",DX,neuromusc,Device & Technology Use,0,1,0
T85112A,"Breakdown (mechanical) of implanted electronic neurostimulator of spinal cord electrode (lead), initial encounter",DX,neuromusc,Device & Technology Use,0,1,0
T85113A,"Breakdown (mechanical) of implanted electronic neurostimulator, generator, initial encounter",DX,neuromusc,Device & Technology Use,0,1,0
T85118A,"Breakdown (mechanical) of other implanted electronic stimulator of nervous system, initial encounter",DX,neuromusc,Device & Technology Use,0,1,0
T85120A,"Displacement of implanted electronic neurostimulator of brain electrode (lead), initial encounter",DX,neuromusc,Device & Technology Use,0,1,0
T85121A,"Displacement of implanted electronic neurostimulator of peripheral nerve electrode (lead), initial encounter",DX,neuromusc,Device & Technology Use,0,1,0
T85122A,"Displacement of implanted electronic neurostimulator of spinal cord electrode (lead), initial encounter",DX,neuromusc,Device & Technology Use,0,1,0
T85123A,"Displacement of implanted electronic neurostimulator, generator, initial encounter",DX,neuromusc,Device & Technology Use,0,1,0
T85128A,"Displacement of other implanted electronic stimulator of nervous system, initial encounter",DX,neuromusc,Device & Technology Use,0,1,0
T85190A,"Other mechanical complication of implanted electronic neurostimulator of brain electrode (lead), initial encounter",DX,neuromusc,Device & Technology Use,0,1,0
T85191A,"Other mechanical complication of implanted electronic neurostimulator of peripheral nerve electrode (lead), initial encounter",DX,neuromusc,Device & Technology Use,0,1,0
T85192A,"Other mechanical complication of implanted electronic neurostimulator of spinal cord electrode (lead), initial encounter",DX,neuromusc,Device & Technology Use,0,1,0
T85193A,"Other mechanical complication of implanted electronic neurostimulator, generator, initial encounter",DX,neuromusc,Device & Technology Use,0,1,0
T85199A,"Other mechanical complication of other implanted electronic stimulator of nervous system, initial encounter",DX,neuromusc,Device & Technology Use,0,1,0
T8571XA,"Infection and inflammatory reaction due to peritoneal dialysis catheter, initial encounter",DX,renal ,Device & Technology Use,0,1,0
T85730A,"Infection and inflammatory reaction due to ventricular intracranial (communicating) shunt, initial encounter",DX,neuromusc,Device & Technology Use,0,1,0
T85731A,"Infection and inflammatory reaction due to implanted electronic neurostimulator of brain, electrode (lead), initial encounter",DX,neuromusc,Device & Technology Use,0,1,0
T85732A,"Infection and inflammatory reaction due to implanted electronic neurostimulator of peripheral nerve, electrode (lead), initial encounter",DX,neuromusc,Device & Technology Use,0,1,0
T85733A,"Infection and inflammatory reaction due to implanted electronic neurostimulator of spinal cord, electrode (lead), initial encounter",DX,neuromusc,Device & Technology Use,0,1,0
T85734A,"Infection and inflammatory reaction due to implanted electronic neurostimulator, generator, initial encounter",DX,neuromusc,Device & Technology Use,0,1,0
T85735A,"Infection and inflammatory reaction due to cranial or spinal infusion catheter, initial encounter",DX,neuromusc,Device & Technology Use,0,1,0
T85738A,"Infection and inflammatory reaction due to other nervous system device, implant or graft, initial encounter",DX,neuromusc,Device & Technology Use,0,1,0
T85810A,"Embolism due to nervous system prosthetic devices, implants and grafts, initial encounter",DX,neuromusc,Device & Technology Use,0,1,0
T85820A,"Fibrosis due to nervous system prosthetic devices, implants and grafts, initial encounter",DX,neuromusc,Device & Technology Use,0,1,0
T85830A,"Hemorrhage due to nervous system prosthetic devices, implants and grafts, initial encounter",DX,neuromusc,Device & Technology Use,0,1,0
T85840A,"Pain due to nervous system prosthetic devices, implants and grafts, initial encounter",DX,neuromusc,Device & Technology Use,0,1,0
T85850A,"Stenosis due to nervous system prosthetic devices, implants and grafts, initial encounter",DX,neuromusc,Device & Technology Use,0,1,0
T85860A,"Thrombosis due to nervous system prosthetic devices, implants and grafts, initial encounter",DX,neuromusc,Device & Technology Use,0,1,0
T85890A,"Other specified complication of nervous system prosthetic devices, implants and grafts, initial encounter",DX,neuromusc,Device & Technology Use,0,1,0
T8600,Unspecified complication of bone marrow transplant,DX,malignancy,Transplantation,0,0,1
T8600,Unspecified complication of bone marrow transplant,DX,transplant,,0,0,1
T8601,Bone marrow transplant rejection,DX,malignancy,Transplantation,0,0,1
T8601,Bone marrow transplant rejection,DX,transplant,,0,0,1
T8602,Bone marrow transplant failure,DX,malignancy,Transplantation,0,0,1
T8602,Bone marrow transplant failure,DX,transplant,,0,0,1
T8603,Bone marrow transplant infection,DX,malignancy,Transplantation,0,0,1
T8603,Bone marrow transplant infection,DX,transplant,,0,0,1
T8609,Other complications of bone marrow transplant,DX,malignancy,Transplantation,0,0,1
T8609,Other complications of bone marrow transplant,DX,transplant,,0,0,1
T8610,Unspecified complication of kidney transplant,DX,renal    ,Transplantation,0,0,1
T8610,Unspecified complication of kidney transplant,DX,transplant,,0,0,1
T8611,Kidney transplant rejection,DX,renal    ,Transplantation,0,0,1
T8611,Kidney transplant rejection,DX,transplant,,0,0,1
T8612,Kidney transplant failure,DX,renal    ,Transplantation,0,0,1
T8612,Kidney transplant failure,DX,transplant,,0,0,1
T8613,Kidney transplant infection,DX,renal    ,Transplantation,0,0,1
T8613,Kidney transplant infection,DX,transplant,,0,0,1
T8619,Other complication of kidney transplant,DX,renal    ,Transplantation,0,0,1
T8620,Unspecified complication of heart transplant,DX,cvd,Transplantation,0,0,1
T8620,Unspecified complication of heart transplant,DX,transplant,,0,0,1
T8621,Heart transplant rejection,DX,cvd,Transplantation,0,0,1
T8621,Heart transplant rejection,DX,transplant,,0,0,1
T8622,Heart transplant failure,DX,cvd,Transplantation,0,0,1
T8622,Heart transplant failure,DX,transplant,,0,0,1
T8623,Heart transplant infection,DX,cvd,Transplantation,0,0,1
T8623,Heart transplant infection,DX,transplant,,0,0,1
T86290,Cardiac allograft vasculopathy,DX,cvd,Transplantation,0,0,1
T86290,Cardiac allograft vasculopathy,DX,transplant,,0,0,1
T86298,Other complications of heart transplant,DX,cvd,Transplantation,0,0,1
T86298,Other complications of heart transplant,DX,transplant,,0,0,1
T8630,Unspecified complication of heart-lung transplant,DX,cvd,Transplantation,0,0,1
T8630,Unspecified complication of heart-lung transplant,DX,respiratory,Transplantation,0,0,1
T8630,Unspecified complication of heart-lung transplant,DX,transplant,,0,0,1
T8631,Heart-lung transplant rejection,DX,cvd,Transplantation,0,0,1
T8631,Heart-lung transplant rejection,DX,respiratory,Transplantation,0,0,1
T8631,Heart-lung transplant rejection,DX,transplant,,0,0,1
T8632,Heart-lung transplant failure,DX,cvd,Transplantation,0,0,1
T8632,Heart-lung transplant failure,DX,respiratory,Transplantation,0,0,1
T8632,Heart-lung transplant failure,DX,transplant,,0,0,1
T8633,Heart-lung transplant infection,DX,cvd,Transplantation,0,0,1
T8633,Heart-lung transplant infection,DX,respiratory,Transplantation,0,0,1
T8633,Heart-lung transplant infection,DX,transplant,,0,0,1
T8639,Other complications of heart-lung transplant,DX,cvd,Transplantation,0,0,1
T8639,Other complications of heart-lung transplant,DX,respiratory,Transplantation,0,0,1
T8639,Other complications of heart-lung transplant,DX,transplant,,0,0,1
T8640,Unspecified complication of liver transplant,DX,GI,Transplantation,0,0,1
T8640,Unspecified complication of liver transplant,DX,transplant,,0,0,1
T8641,Liver transplant rejection,DX,GI,Transplantation,0,0,1
T8641,Liver transplant rejection,DX,transplant,,0,0,1
T8642,Liver transplant failure,DX,GI,Transplantation,0,0,1
T8642,Liver transplant failure,DX,transplant,,0,0,1
T8643,Liver transplant infection,DX,GI,Transplantation,0,0,1
T8643,Liver transplant infection,DX,transplant,,0,0,1
T8649,Other complication of liver transplant,DX,GI,Transplantation,0,0,1
T8649,Other complication of liver transplant,DX,transplant,,0,0,1
T865,Complications of stem cell transplant,DX,malignancy,Transplantation,0,0,1
T865,Complications of stem cell transplant,DX,transplant,,0,0,1
T86810,Lung transplant rejection,DX,respiratory,Transplantation,0,0,1
T86810,Lung transplant rejection,DX,transplant,,0,0,1
T86811,Lung transplant failure,DX,respiratory,Transplantation,0,0,1
T86811,Lung transplant failure,DX,transplant,,0,0,1
T86812,Lung transplant infection,DX,respiratory,Transplantation,0,0,1
T86812,Lung transplant infection,DX,transplant,,0,0,1
T86818,Other complications of lung transplant,DX,respiratory,Transplantation,0,0,1
T86818,Other complications of lung transplant,DX,transplant,,0,0,1
T86819,Unspecified complication of lung transplant,DX,respiratory,Transplantation,0,0,1
T86819,Unspecified complication of lung transplant,DX,transplant,,0,0,1
T86850,Intestine transplant rejection,DX,GI,Transplantation,0,0,1
T86850,Intestine transplant rejection,DX,transplant,,0,0,1
T86851,Intestine transplant failure,DX,GI,Transplantation,0,0,1
T86851,Intestine transplant failure,DX,transplant,,0,0,1
T86852,Intestine transplant infection,DX,GI,Transplantation,0,0,1
T86852,Intestine transplant infection,DX,transplant,,0,0,1
T86858,Other complication of intestine transplant,DX,GI,Transplantation,0,0,1
T86858,Other complication of intestine transplant,DX,transplant,,0,0,1
T86859,Unspecified complication of intestine transplant,DX,GI,Transplantation,0,0,1
T86859,Unspecified complication of intestine transplant,DX,transplant,,0,0,1
T86890,Other transplanted tissue rejection,DX,transplant,,0,0,1
T86891,Other transplanted tissue failure,DX,transplant,,0,0,1
T86892,Other transplanted tissue infection,DX,transplant,,0,0,1
T86898,Other complications of other transplanted tissue,DX,transplant,,0,0,1
T86899,Unspecified complication of other transplanted tissue,DX,transplant,,0,0,1
T8690,Unspecified complication of unspecified transplanted organ and tissue,DX,transplant,,0,0,1
T8691,Unspecified transplanted organ and tissue rejection,DX,transplant,,0,0,1
T8692,Unspecified transplanted organ and tissue failure,DX,transplant,,0,0,1
T8699,Other complications of unspecified transplanted organ and tissue,DX,transplant,,0,0,1
T870X9,Complications of reattached (part of) unspecified upper extremity,DX,misc,Device & Technology Use,0,1,0
T871X9,Complications of reattached (part of) unspecified lower extremity,DX,misc,Device & Technology Use,0,1,0
T872,Complications of other reattached body part,DX,misc,Device & Technology Use,0,1,0
V08,Asymptomatic human immunodeficiency virus [HIV] infection status,DX,hemato_immu,Acquired immunodeficiency,9,0,0
V420,Kidney replaced by transplant,DX,renal    ,Transplantation,9,0,1
V420,Kidney replaced by transplant,DX,transplant,,9,0,1
V421,"Organ or tissue replaced by transplant, heart",DX,cvd,Transplantation,9,0,1
V421,"Organ or tissue replaced by transplant, heart",DX,transplant,,9,0,1
V422,"Organ or tissue replaced by transplant, heart valve",DX,cvd,Transplantation,9,0,1
V422,"Organ or tissue replaced by transplant, heart valve",DX,transplant,,9,0,1
V426,Lung replaced by transplant,DX,respiratory,Transplantation,9,0,1
V426,Lung replaced by transplant,DX,transplant,,9,0,1
V427,Liver replaced by transplant,DX,GI,Transplantation,9,0,1
V427,Liver replaced by transplant,DX,transplant,,9,0,1
V4281,Bone marrow replaced by transplant,DX,malignancy,Transplantation,9,0,1
V4281,Bone marrow replaced by transplant,DX,transplant,,9,0,1
V4282,Peripheral stem cells replaced by transplant,DX,malignancy,Transplantation,9,0,1
V4282,Peripheral stem cells replaced by transplant,DX,transplant,,9,0,1
V4283,Pancreas replaced by transplant,DX,GI,Transplantation,9,0,1
V4283,Pancreas replaced by transplant,DX,transplant,,9,0,1
V4284,"Organ or tissue replaced by transplant, intestines",DX,GI,Transplantation,9,0,1
V4284,"Organ or tissue replaced by transplant, intestines",DX,transplant,,9,0,1
V4321,"Organ or tissue replaced by other means, heart assist device",DX,cvd,Device & Technology Use,9,0,1
V4322,"Organ or tissue replaced by other means, fully implanted artificial heart",DX,cvd,Device & Technology Use,9,0,1
V433,Heart valve replaced by other means,DX,cvd,Device & Technology Use,9,1,0
V440,Tracheostomy status,DX,Respiratory,Device & Technology Use,9,1,0
V441,Gastrostomy status,DX,GI,Device & Technology Use,9,1,0
V442,Ileostomy status,DX,GI,Device & Technology Use,9,1,0
V443,Colostomy status,DX,GI,Device & Technology Use,9,1,0
V444,Status of other artificial opening of gastrointestinal tract,DX,GI,Device & Technology Use,9,1,0
V4450,"Cystostomy status, unspecified",DX,renal ,Device & Technology Use,9,1,0
V4451,Cutaneous-vesicostomy status,DX,renal ,Device & Technology Use,9,1,0
V4452,Appendico-vesicostomy status,DX,renal ,Device & Technology Use,9,1,0
V4459,Other cystostomy status,DX,renal ,Device & Technology Use,9,1,0
V446,Other artificial opening of urinary tract status,DX,renal ,Device & Technology Use,9,1,0
V4500,Unspecified cardiac device in situ,DX,cvd,Device & Technology Use,9,1,0
V4501,Cardiac pacemaker in situ,DX,cvd,Device & Technology Use,9,1,0
V4502,Automatic implantable cardiac defibrillator in situ,DX,cvd,Device & Technology Use,9,1,0
V4509,Other specified cardiac device in situ,DX,cvd,Device & Technology Use,9,1,0
V4511,Renal dialysis status,DX,renal ,Device & Technology Use,9,1,0
V4512,Noncompliance with renal dialysis,DX,renal ,Device & Technology Use,9,1,0
V452,Presence of cerebrospinal fluid drainage device,DX,neuromusc,Device & Technology Use,9,1,0
V453,Intestinal bypass or anastomosis status,DX,GI,Other GI disease,9,0,0
V4572,Acquired absence of intestine (large) (small),DX,GI,Other GI disease,9,0,0
V4573,Acquired absence of kidney,DX,renal    ,Other renal & urologic,9,0,0
V4574,"Acquired absence of organ, other parts of urinary tract",DX,renal    ,Other renal & urologic,9,0,0
V4575,"Acquired absence of organ, stomach",DX,GI,Other GI disease,9,0,0
V4576,"Acquired absence of organ, lung",DX,respiratory,Chronic respiratory diseases,9,0,0
V4581,Aortocoronary bypass status,DX,cvd,Other Cardiovascular,9,0,0
V4585,Insulin pump status,DX,Metabolic,Device & Technology Use,9,1,0
V460,Dependence on aspirator,DX,Respiratory,Device & Technology Use,9,1,0
V4611,"Dependence on respirator, status",DX,Respiratory,Device & Technology Use,9,1,0
V4612,Encounter for respirator dependence during power failure,DX,Respiratory,Device & Technology Use,9,1,0
V4613,Encounter for weaning from respirator [ventilator],DX,Respiratory,Device & Technology Use,9,1,0
V4614,Mechanical complication of respirator [ventilator],DX,Respiratory,Device & Technology Use,9,1,0
V462,"Other dependence on machines, supplemental oxygen",DX,misc,Device & Technology Use,9,1,0
V5301,Fitting and adjustment of cerebral ventricular (communicating) shunt,DX,neuromusc,Device & Technology Use,9,1,0
V5302,Fitting and adjustment of neuropacemaker (brain) (peripheral nerve) (spinal cord),DX,neuromusc,Device & Technology Use,9,1,0
V5331,Fitting and adjustment of cardiac pacemaker,DX,cvd,Device & Technology Use,9,1,0
V5332,Fitting and adjustment of automatic implantable cardiac defibrillator,DX,cvd,Device & Technology Use,9,1,0
V5339,Fitting and adjustment of other cardiac device,DX,cvd,Device & Technology Use,9,1,0
V5350,Fitting and adjustment of intestinal appliance and device,DX,GI,Device & Technology Use,9,1,0
V5351,Fitting and adjustment of gastric lap band,DX,GI,Device & Technology Use,9,1,0
V5359,Fitting and adjustment of other gastrointestinal appliance and device,DX,GI,Device & Technology Use,9,1,0
V536,Fitting and adjustment of urinary devices,DX,renal ,Device & Technology Use,9,1,0
V5391,Fitting and adjustment of insulin pump,DX,Metabolic,Device & Technology Use,9,1,0
V550,Attention to tracheostomy,DX,Respiratory,Device & Technology Use,9,1,0
V551,Attention to gastrostomy,DX,GI,Device & Technology Use,9,1,0
V552,Attention to ileostomy,DX,GI,Device & Technology Use,9,1,0
V553,Attention to colostomy,DX,GI,Device & Technology Use,9,1,0
V554,Attention to other artificial opening of digestive tract,DX,GI,Device & Technology Use,9,1,0
V555,Attention to cystostomy,DX,renal ,Device & Technology Use,9,1,0
V556,Attention to other artificial opening of urinary tract,DX,renal ,Device & Technology Use,9,1,0
V560,Encounter for extracorporeal dialysis,DX,renal ,Device & Technology Use,9,1,0
V561,Fitting and adjustment of extracorporeal dialysis catheter,DX,renal ,Device & Technology Use,9,1,0
V562,Fitting and adjustment of peritoneal dialysis catheter,DX,renal ,Device & Technology Use,9,1,0
V5631,Encounter for adequacy testing for hemodialysis,DX,renal ,Device & Technology Use,9,1,0
V5632,Encounter for adequacy testing for peritoneal dialysis,DX,renal ,Device & Technology Use,9,1,0
V568,Encounter for other dialysis,DX,renal ,Device & Technology Use,9,1,0
Y831,"Surgical operation with implant of artificial internal device as the cause of abnormal reaction of the patient, or of later complication, without mention of misadventure at the time of the procedure",DX,misc,Device & Technology Use,0,1,0
Y833,"Surgical operation with formation of external stoma as the cause of abnormal reaction of the patient, or of later complication, without mention of misadventure at the time of the procedure",DX,misc,Device & Technology Use,0,1,0
Z21,Asymptomatic human immunodeficiency virus [HIV] infection status,DX,hemato_immu,Acquired immunodeficiency,0,0,0
Z430,Encounter for attention to tracheostomy,DX,Respiratory,Device & Technology Use,0,1,0
Z431,Encounter for attention to gastrostomy,DX,GI,Device & Technology Use,0,1,0
Z432,Encounter for attention to ileostomy,DX,GI,Device & Technology Use,0,1,0
Z433,Encounter for attention to colostomy,DX,GI,Device & Technology Use,0,1,0
Z434,Encounter for attention to other artificial openings of digestive tract,DX,GI,Device & Technology Use,0,1,0
Z435,Encounter for attention to cystostomy,DX,renal ,Device & Technology Use,0,1,0
Z436,Encounter for attention to other artificial openings of urinary tract,DX,renal ,Device & Technology Use,0,1,0
Z45010,Encounter for checking and testing of cardiac pacemaker pulse generator,DX,cvd,Device & Technology Use,0,1,0
Z45018,Encounter for adjustment and management of other part of cardiac pacemaker,DX,cvd,Device & Technology Use,0,1,0
Z4502,Encounter for adjustment and management of automatic implantable cardiac defibrillator,DX,cvd,Device & Technology Use,0,1,0
Z4509,Encounter for adjustment and management of other cardiac device,DX,cvd,Device & Technology Use,0,1,0
Z4541,Encounter for adjustment and management of cerebrospinal fluid drainage device,DX,neuromusc,Device & Technology Use,0,1,0
Z4542,Encounter for adjustment and management of neurostimulator,DX,neuromusc,Device & Technology Use,0,1,0
Z4549,Encounter for adjustment and management of other implanted nervous system device,DX,neuromusc,Device & Technology Use,0,1,0
Z4651,Encounter for fitting and adjustment of gastric lap band,DX,GI,Device & Technology Use,0,1,0
Z4659,Encounter for fitting and adjustment of other gastrointestinal appliance and device,DX,GI,Device & Technology Use,0,1,0
Z4681,Encounter for fitting and adjustment of insulin pump,DX,Metabolic,Device & Technology Use,0,1,0
Z4901,Encounter for fitting and adjustment of extracorporeal dialysis catheter,DX,renal ,Device & Technology Use,0,1,0
Z4902,Encounter for fitting and adjustment of peritoneal dialysis catheter,DX,renal ,Device & Technology Use,0,1,0
Z4931,Encounter for adequacy testing for hemodialysis,DX,renal ,Device & Technology Use,0,1,0
Z4932,Encounter for adequacy testing for peritoneal dialysis,DX,renal ,Device & Technology Use,0,1,0
Z794,Long term (current) use of insulin,DX,metabolic,Endocrine disorders,0,0,0
Z8761,Personal history of (corrected) necrotizing enterocolitis of newborn,DX,neonatal,Other premature or neonatal,0,0,0
Z87731,Personal history of (corrected) tracheoesophageal fistula or atresia,DX,GI,Congenital anomalies,0,0,0
Z87732,Personal history of (corrected) persistent cloaca or cloacal malformations,DX,renal    ,Congenital anomalies,0,0,0
Z87760,Personal history of (corrected) congenital diaphragmatic hernia or other congenital diaphragm malformations,DX,congeni_genetic,Diaphragm and abdominal wall anomalies,0,0,0
Z87761,Personal history of (corrected) gastroschisis,DX,congeni_genetic,Diaphragm and abdominal wall anomalies,0,0,0
Z87762,Personal history of (corrected) prune belly malformation,DX,congeni_genetic,Diaphragm and abdominal wall anomalies,0,0,0
Z902,Acquired absence of lung [part of],DX,respiratory,Chronic respiratory diseases,0,0,0
Z903,Acquired absence of stomach [part of],DX,GI,Other GI disease,0,0,0
Z9049,Acquired absence of other specified parts of digestive tract,DX,GI,Other GI disease,0,0,0
Z905,Acquired absence of kidney,DX,renal    ,Other renal & urologic,0,0,0
Z906,Acquired absence of other parts of urinary tract,DX,renal    ,Other renal & urologic,0,0,0
Z9115,Patient's noncompliance with renal dialysis,DX,renal ,Device & Technology Use,0,1,0
Z930,Tracheostomy status,DX,Respiratory,Device & Technology Use,0,1,0
Z931,Gastrostomy status,DX,GI,Device & Technology Use,0,1,0
Z932,Ileostomy status,DX,GI,Device & Technology Use,0,1,0
Z933,Colostomy status,DX,GI,Device & Technology Use,0,1,0
Z934,Other artificial openings of gastrointestinal tract status,DX,GI,Device & Technology Use,0,1,0
Z9350,Unspecified cystostomy status,DX,renal ,Device & Technology Use,0,1,0
Z9351,Cutaneous-vesicostomy status,DX,renal ,Device & Technology Use,0,1,0
Z9352,Appendico-vesicostomy status,DX,renal ,Device & Technology Use,0,1,0
Z9359,Other cystostomy status,DX,renal ,Device & Technology Use,0,1,0
Z936,Other artificial openings of urinary tract status,DX,renal ,Device & Technology Use,0,1,0
Z940,Kidney transplant status,DX,renal    ,Transplantation,0,0,1
Z940,Kidney transplant status,DX,transplant,,0,0,1
Z941,Heart transplant status,DX,cvd,Transplantation,0,0,1
Z941,Heart transplant status,DX,transplant,,0,0,1
Z942,Lung transplant status,DX,respiratory,Transplantation,0,0,1
Z942,Lung transplant status,DX,transplant,,0,0,1
Z943,Heart and lungs transplant status,DX,cvd,Transplantation,0,0,1
Z943,Heart and lungs transplant status,DX,respiratory,Transplantation,0,0,1
Z943,Heart and lungs transplant status,DX,transplant,,0,0,1
Z944,Liver transplant status,DX,GI,Transplantation,0,0,1
Z944,Liver transplant status,DX,transplant,,0,0,1
Z9481,Bone marrow transplant status,DX,malignancy,Transplantation,0,0,1
Z9481,Bone marrow transplant status,DX,transplant,,0,0,1
Z9482,Intestine transplant status,DX,GI,Transplantation,0,0,1
Z9482,Intestine transplant status,DX,transplant,,0,0,1
Z9483,Pancreas transplant status,DX,GI,Transplantation,0,0,1
Z9483,Pancreas transplant status,DX,transplant,,0,0,1
Z9484,Stem cells transplant status,DX,malignancy,Transplantation,0,0,1
Z9484,Stem cells transplant status,DX,transplant,,0,0,1
Z950,Mechanical complication of gastrostomy,DX,cvd,Device & Technology Use,0,1,0
Z951,Presence of aortocoronary bypass graft,DX,cvd,Other Cardiovascular ,0,0,0
Z952,Other gastrostomy complications,DX,cvd,Device & Technology Use,0,1,0
Z953,Presence of xenogenic heart valve,DX,cvd,Device & Technology Use,0,1,0
Z954,Presence of other heart-valve replacement,DX,cvd,Device & Technology Use,0,1,0
Z95810,Presence of automatic (implantable) cardiac defibrillator,DX,cvd,Device & Technology Use,0,1,0
Z95811,Presence of heart assist device,DX,cvd,Device & Technology Use,0,1,0
Z95812,Presence of fully implantable artificial heart,DX,cvd,Device & Technology Use,0,1,0
Z95818,Presence of other cardiac implants and grafts,DX,cvd,Device & Technology Use,0,1,0
Z95820,Peripheral vascular angioplasty status with implants and grafts,DX,cvd,Device & Technology Use,0,1,0
Z95828,Presence of other vascular implants and grafts,DX,cvd,Device & Technology Use,0,1,0
Z9641,Presence of insulin pump (external) (internal),DX,Metabolic,Device & Technology Use,0,1,0
Z9682,Presence of neurostimulator,DX,neuromusc,Device & Technology Use,0,1,0
Z980,Intestinal bypass and anastomosis status,DX,GI,Other GI disease,0,0,0
Z982,Presence of cerebrospinal fluid drainage device,DX,neuromusc,Device & Technology Use,0,1,0
Z990,Dependence on aspirator,DX,Respiratory,Device & Technology Use,0,1,0
Z9911,Dependence on respirator [ventilator] status,DX,Respiratory,Device & Technology Use,0,1,0
Z9912,Encounter for respirator [ventilator] dependence during power failure,DX,Respiratory,Device & Technology Use,0,1,0
Z992,Dependence on renal dialysis,DX,renal ,Device & Technology Use,0,1,0
Z9981,Dependence on supplemental oxygen,DX,misc,Device & Technology Use,0,1,0
